segment_id,data_file,axis,configuration,direction,repetition,start_index,end_index,start_time_s,end_time_s,valid,quality_note,k_over_i_per_s2,b_over_i_per_s,c_over_i_per_rad,tau_over_i_rad_s2,offset_deg,initial_angle_deg,initial_speed_rad_s,rmse_deg,r_value,r_squared,success,message
IN_BALL_P_R01,Raw/球/LOG00012_ANGLE.csv,IN,BALL,P,1,1017,3114,10.17,31.14,1,nan,40.70926689174635,2.3832742215404817e-06,0.036424106659906155,0.25132766899228715,1.3031639784731466,61.47406502569261,-0.541186295568699,0.5219788494737462,0.9996659817853054,0.9993154587706078,1,`xtol` termination condition is satisfied.
IN_BALL_N_R01,Raw/球/LOG00012_ANGLE.csv,IN,BALL,N,1,4626,6726,46.26,67.261,1,nan,40.67824705305787,6.458041284176817e-05,0.03588617467431921,0.2543915248118565,1.3140088550289226,-60.57547963585019,-0.13026729653345478,0.4986630878805273,0.9996883943687725,0.9993618507044693,1,`xtol` termination condition is satisfied.
IN_BALL_P_R02,Raw/球/LOG00012_ANGLE.csv,IN,BALL,P,2,7827,9924,78.271,99.241,1,nan,40.687352181693505,0.00011124273428819588,0.036980576304724184,0.25299317812029953,1.3315545718251165,62.554053154497666,0.12285806090942551,0.4682563654077323,0.999735774562257,0.9994594092364734,1,`xtol` termination condition is satisfied.
IN_BALL_N_R02,Raw/球/LOG00012_ANGLE.csv,IN,BALL,N,2,10637,12776,106.371,127.761,1,nan,40.685703332177184,5.739228142427957e-09,0.03609885026958168,0.25011099981644,1.340918898981874,-61.73832602153821,-0.011626286564872731,0.5147442280986605,0.9996746095055091,0.9993314423937549,1,`xtol` termination condition is satisfied.
IN_BALL_P_R03,Raw/球/LOG00012_ANGLE.csv,IN,BALL,P,3,13747,15918,137.471,159.231,1,nan,40.667061336601925,3.054943428571657e-07,0.035914869347468854,0.2461370237783292,1.3685288859585671,61.82280982903437,0.14103338599411971,0.4790327946600058,0.9997143922874993,0.9994189561808173,1,`xtol` termination condition is satisfied.
IN_BALL_N_R03,Raw/球/LOG00012_ANGLE.csv,IN,BALL,N,3,17375,19518,173.80100000000002,195.281,1,nan,40.6808103204023,3.4662098763169725e-08,0.036331266847595446,0.24037176461233256,1.3263131614055093,-61.160162389563695,0.20504153079079557,0.4726268321919501,0.999722894208904,0.9994309229066873,1,`xtol` termination condition is satisfied.
OUT_BALL_N_R01,Raw/球/LOG00012_ANGLE.csv,OUT,BALL,N,1,22012,23571,220.351,235.941,1,nan,38.390429414682224,0.1173184536311209,0.02362565425720312,0.2821327600740157,-1.8578001463074256,-57.611127739628785,0.002865864017805134,0.7159248611724883,0.9992637950550896,0.9985151665344596,1,`xtol` termination condition is satisfied.
OUT_BALL_P_R02,Raw/球/LOG00012_ANGLE.csv,OUT,BALL,P,2,25356,26984,253.791,270.071,1,nan,38.428885966503195,0.0548810737299228,0.04024499784785138,0.31236099168949955,-1.8184263992403764,61.56811275181769,0.3296274577100494,0.6826047079070668,0.9993846394148768,0.9987469608982372,1,`ftol` termination condition is satisfied.
OUT_BALL_N_R02,Raw/球/LOG00012_ANGLE.csv,OUT,BALL,N,2,27877,29457,279.002,294.802,1,nan,38.41064700381192,0.07765129845281579,0.03531636144223004,0.3051333949156677,-1.8279346749139893,-57.259356510697195,-0.7423861806712228,0.7245309810079799,0.9992262057320767,0.9984296188085955,1,`xtol` termination condition is satisfied.
OUT_BALL_P_R03,Raw/球/LOG00012_ANGLE.csv,OUT,BALL,P,3,30571,32234,305.942,322.572,1,nan,38.43855268256755,0.09477232706565632,0.031840189211376116,0.2785557965825979,-1.8016372771719984,61.5977426176904,0.46564983380549774,0.7372919511582645,0.999263149804616,0.9985158292402249,1,`xtol` termination condition is satisfied.
OUT_BALL_N_R03,Raw/球/LOG00012_ANGLE.csv,OUT,BALL,N,3,33825,35496,338.482,355.192,1,nan,38.41479496312193,0.09926497811434248,0.028749099991236784,0.265896194946572,-1.829570986843454,-57.47161367730103,-0.3815956819750616,0.7328152018743705,0.999193716511668,0.9983620346177836,1,`xtol` termination condition is satisfied.
OUT_BALL_P_R04,Raw/球/LOG00012_ANGLE.csv,OUT,BALL,P,4,37203,38876,372.262,388.992,1,nan,38.41189350981354,0.08602646707005253,0.03545528180274833,0.26485396440063713,-1.8553247305919534,62.657613194689254,0.16407859814517167,0.560703020135216,0.9995826355134931,0.9991578022705918,1,`xtol` termination condition is satisfied.
IN_SP00_P_R01,Raw/球なし/LOG00013_ANGLE.csv,IN,SP00,P,1,796,3339,7.9590000000000005,33.559,1,nan,92.97294273240352,0.015843369361275797,0.009596133569247909,0.3582136494666761,1.4712696525516042,43.44838469084312,5.65722865150559,0.801544436548397,0.9992503113696505,0.9983958289534506,1,`xtol` termination condition is satisfied.
IN_SP00_P_R02,Raw/球なし/LOG00013_ANGLE.csv,IN,SP00,P,2,4920,7780,49.369,77.96900000000001,1,nan,92.92522176895807,0.026300480643504442,0.006192025578090882,0.34916840518895326,1.4650827828126476,64.60593230513975,0.8199610619037768,0.5196451349389438,0.9998266489767228,0.9994762210821119,1,`xtol` termination condition is satisfied.
IN_SP00_N_R01,Raw/球なし/LOG00013_ANGLE.csv,IN,SP00,N,1,9559,12252,95.759,122.68900000000001,1,nan,92.95845535718773,0.03733210817789255,0.005743946737544553,0.3511073095350038,1.4904052095320137,-63.822975330943194,-0.9513417513478725,0.510671970487893,0.9998320801349672,0.9994811079076167,1,`xtol` termination condition is satisfied.
IN_SP00_P_R03,Raw/球なし/LOG00013_ANGLE.csv,IN,SP00,P,3,13510,16270,135.269,162.869,1,nan,92.96189524648223,0.026803355807022533,0.005416832844627657,0.3852132783132668,1.4757649892394795,64.77767263244003,0.5871073976432177,0.5647359610864294,0.9998085319176969,0.999391776753671,1,`xtol` termination condition is satisfied.
IN_SP00_N_R02,Raw/球なし/LOG00013_ANGLE.csv,IN,SP00,N,2,17566,20317,175.829,203.339,1,nan,92.95843796765335,0.02371403358419201,0.006821155299731981,0.3662070416362317,1.46765950952284,-63.362433285070146,-0.9121173941123343,0.5224097804333907,0.9998119692091757,0.999452293053804,1,`xtol` termination condition is satisfied.
OUT_SP00_N_R01,Raw/球なし/LOG00013_ANGLE.csv,OUT,SP00,N,1,21703,23574,217.199,235.909,1,nan,89.0751075685258,0.14352624881269732,1.2002400814799365e-06,0.4132779176209594,-1.358678347578571,-60.97445816468475,-0.49854849013529284,0.9754257055304428,0.9990719258769223,0.9976252554397093,1,`xtol` termination condition is satisfied.
OUT_SP00_P_R01,Raw/球なし/LOG00013_ANGLE.csv,OUT,SP00,P,1,25540,27391,255.56900000000002,274.079,1,nan,89.00969125145224,0.12030169156673881,8.135030995865106e-06,0.5031518793311371,-1.2895325198868601,62.269377449234774,0.25043613940783943,1.3576054630274137,0.9979841253689894,0.9958643658215534,1,`xtol` termination condition is satisfied.
OUT_SP00_N_R02,Raw/球なし/LOG00013_ANGLE.csv,OUT,SP00,N,2,29836,31622,298.529,316.389,1,nan,89.06582894525405,0.14956282085187783,0.00011717909549878076,0.42862046804206955,-1.3805840059246588,-59.06000784518938,-2.0418492230825565,1.0300877689414238,0.9989537755775696,0.9973367577579912,1,`xtol` termination condition is satisfied.
OUT_SP00_P_R02,Raw/球なし/LOG00013_ANGLE.csv,OUT,SP00,P,2,33065,34908,330.819,349.25,1,nan,89.08008451548137,0.12224299946245881,8.842338763016294e-07,0.48447329568630404,-1.272936859524779,60.96349099253341,-0.1725266042043275,1.5523453753620047,0.9972283738341831,0.9944195495141565,1,`xtol` termination condition is satisfied.
OUT_SP00_P_R03,Raw/球なし/LOG00013_ANGLE.csv,OUT,SP00,P,3,37893,39742,379.101,397.641,1,nan,89.08439397778184,0.1403371910980818,9.645564847241622e-06,0.43940948058561974,-1.4159875524039092,61.26997497376257,1.0970726650307046,1.0797979735653465,0.9989277856891419,0.9971555243373099,1,`xtol` termination condition is satisfied.
IN_SP01_P_R01,Raw/1/LOG00014_ANGLE.csv,IN,SP01,P,1,989,4141,9.89,41.410000000000004,1,nan,64.52206869005389,0.0501627329190739,1.2777147030861395e-05,0.24927909771310125,1.4225377719484598,61.577954080074775,0.7362902410610878,0.6120587616680728,0.9997395955339463,0.9992778551435058,1,`xtol` termination condition is satisfied.
IN_SP01_N_R01,Raw/1/LOG00014_ANGLE.csv,IN,SP01,N,1,5944,9090,59.631,91.132,1,nan,64.49197574876271,0.0006173502554591641,0.008485318286609101,0.30236271057569125,1.4455294979933697,-64.13147577674958,8.40892174639235e-05,0.7436336193962205,0.9996403486226018,0.9989397150579339,1,`xtol` termination condition is satisfied.
IN_SP01_P_R02,Raw/1/LOG00014_ANGLE.csv,IN,SP01,P,2,10191,13305,102.142,133.282,1,nan,64.51834654908255,0.009405934136176217,0.006257738582306882,0.3032203995635335,1.4539231602314004,62.03748280500834,0.9371886702665475,0.6084960759607865,0.9997823185201677,0.9992791902360988,1,`xtol` termination condition is satisfied.
IN_SP01_N_R02,Raw/1/LOG00014_ANGLE.csv,IN,SP01,N,2,14388,17529,144.112,175.522,1,nan,64.5026207582694,0.000863779651883912,0.008560908786997605,0.3002449757373271,1.4265832088610262,-63.039509466697154,-0.03993720119732965,0.7484800424658877,0.9996294283497754,0.9988842642343961,1,`xtol` termination condition is satisfied.
OUT_SP01_N_R01,Raw/1/LOG00014_ANGLE.csv,OUT,SP01,N,1,18591,20603,186.192,206.312,1,nan,61.509216059090704,0.10327769734551974,0.00041558623085367414,0.34170760439783604,-1.4506518808605136,-55.61452660064661,-0.7979772502310948,0.8937424107324403,0.9991324083715176,0.9978322616359205,1,`xtol` termination condition is satisfied.
OUT_SP01_P_R01,Raw/1/LOG00014_ANGLE.csv,OUT,SP01,P,1,21845,24036,218.732,240.642,1,nan,61.49782016406327,0.10249215380700816,8.574593949429256e-06,0.3219076159406124,-1.4103936147124296,61.01240454343037,0.9034883661663317,0.9000324314846995,0.9992678696265944,0.9981605959394902,1,`xtol` termination condition is satisfied.
OUT_SP01_N_R02,Raw/1/LOG00014_ANGLE.csv,OUT,SP01,N,2,25282,27368,253.132,274.083,1,nan,61.531434517481316,0.10580409319628055,1.1724099681936301e-05,0.32372532592560077,-1.4312290315746141,-54.79662834506433,-2.147726030097666,0.9453560149131669,0.9990978713459727,0.9976856438646,1,`xtol` termination condition is satisfied.
OUT_SP01_P_R02,Raw/1/LOG00014_ANGLE.csv,OUT,SP01,P,2,28865,30968,289.183,310.213,1,nan,61.5024627297893,0.10359064029782405,9.267397003400075e-06,0.3470489917318593,-1.3996715009442544,59.88036877220183,1.356509693084402,0.954229939030189,0.9991814176932808,0.9978884346161898,1,`xtol` termination condition is satisfied.
OUT_SP01_N_R04,Raw/1/LOG00014_ANGLE.csv,OUT,SP01,N,4,32990,35052,330.433,351.053,1,nan,61.47267805130819,0.1088386090255196,1.1517571768353788e-06,0.3349459859878156,-1.4122548924274625,-58.22006585908667,-1.7100693557371327,0.8810595644779498,0.9992647527546373,0.9981504826095893,1,`xtol` termination condition is satisfied.
IN_SP02_P_R01,Raw/2/LOG00015_ANGLE.csv,IN,SP02,P,1,794,4132,7.94,41.32,1,nan,48.16907581681274,0.03697984243817796,0.0006790916859384726,0.22545430825415977,1.099483949697285,62.64309221544245,0.7929996892896903,0.7230424035406934,0.9997199774330321,0.999045322934136,1,`xtol` termination condition is satisfied.
IN_SP02_N_R01,Raw/2/LOG00015_ANGLE.csv,IN,SP02,N,1,5133,8505,51.33,85.051,1,nan,48.166794582583876,0.023091058067608985,0.0030714455739524705,0.234962276807082,1.151784504381367,-62.48844391565083,-0.2745485541239558,0.7326972001508166,0.9997162176613008,0.9989877807325084,1,`xtol` termination condition is satisfied.
OUT_SP02_N_R01,Raw/2/LOG00015_ANGLE.csv,OUT,SP02,N,1,9640,11791,96.461,117.971,1,nan,45.60817734619114,0.08377394460823193,1.2756043121685167e-05,0.3072003371556381,-1.542249165488423,-57.90558289917844,-0.44703727128004245,0.8955917816920531,0.9992019688256522,0.9980717304287645,1,`xtol` termination condition is satisfied.
OUT_SP02_P_R01,Raw/2/LOG00015_ANGLE.csv,OUT,SP02,P,1,13187,15612,131.931,156.351,1,nan,45.624469846221395,0.046219572060129485,0.00047430218145747466,0.3502313465631793,-1.3923461369236658,60.533749918652255,-0.5450442199068173,1.9068244752789176,0.9963012542015606,0.9926133421484096,1,`xtol` termination condition is satisfied.
OUT_SP02_P_R02,Raw/2/LOG00015_ANGLE.csv,OUT,SP02,P,2,16809,19084,168.321,191.131,1,nan,45.60990008907845,0.07977837300827531,1.7207772708227844e-05,0.3062824887484158,-1.5557269858040015,59.629824729610476,0.9659640921526409,0.9193941052283405,0.9992207094829602,0.9980945725667056,1,`xtol` termination condition is satisfied.
IN_SP03_P_R01,Raw/3/LOG00016_ANGLE.csv,IN,SP03,P,1,573,3978,5.73,39.78,1,nan,36.36036973066899,0.02906593897410042,3.1138472687781494e-06,0.21359247267110618,1.4178421462569142,62.99472502613796,0.22859261094737635,0.8264777987845817,0.999661092799777,0.9987969370545554,1,`xtol` termination condition is satisfied.
IN_SP03_N_R01,Raw/3/LOG00016_ANGLE.csv,IN,SP03,N,1,5673,9193,56.731,91.98100000000001,1,nan,36.35714605160049,0.019218973898459668,0.0026353246360290455,0.21079583957670378,1.4259490103468981,-64.2411227853986,-0.10536023286136116,0.8076655779522669,0.9996786494998934,0.998864177127687,1,`xtol` termination condition is satisfied.
OUT_SP03_N_R01,Raw/3/LOG00016_ANGLE.csv,OUT,SP03,N,1,10227,12407,102.321,124.171,1,nan,34.13730402838534,0.07160678123890461,4.2474537127247885e-06,0.2807925198868191,-2.183560946120277,-58.86530903071562,-0.19425154107325165,0.8146149700239969,0.9993713768481075,0.998513322379878,1,`xtol` termination condition is satisfied.
OUT_SP03_P_R01,Raw/3/LOG00016_ANGLE.csv,OUT,SP03,P,1,13568,16795,135.911,168.181,1,nan,34.14913898562888,0.059924162456451324,1.2926090974722297e-07,0.2303518698854911,-2.1502104135145106,58.95095555891327,0.18563831729712957,1.0024721145280409,0.9987831410305984,0.9972365545455852,1,`xtol` termination condition is satisfied.
OUT_SP03_N_R02,Raw/3/LOG00016_ANGLE.csv,OUT,SP03,N,2,18630,20789,186.591,208.181,1,nan,34.15370696559837,0.07521599873850478,8.375721855039496e-05,0.2828622439614639,-2.149735970657363,-59.14543827420763,-0.07580274411878904,0.8569049785591552,0.9992915347733927,0.998339048810056,1,`xtol` termination condition is satisfied.
OUT_SP03_P_R02,Raw/3/LOG00016_ANGLE.csv,OUT,SP03,P,2,22280,24459,223.091,244.882,1,nan,34.17335738335947,0.062422844808315885,9.34411943651346e-06,0.3218501950812701,-2.0941442525935265,57.387757648335196,2.328360658715342,1.0644858402088635,0.998968629439942,0.9978411088077981,1,`xtol` termination condition is satisfied.
IN_SP04_P_R01,Raw/4/LOG00017_ANGLE.csv,IN,SP04,P,1,619,3934,6.189,39.339,1,nan,27.538910402055198,0.012342322727771436,0.003152329251762882,0.1999516210780467,1.3841302293708126,61.49872042417403,-0.022401722228589965,0.9438768318195055,0.9995415274091162,0.9983753182652039,1,`xtol` termination condition is satisfied.
IN_SP04_N_R01,Raw/4/LOG00017_ANGLE.csv,IN,SP04,N,1,5228,8579,52.28,85.79,1,nan,27.536445052196857,0.025954587289321544,4.290166874080919e-06,0.19548150486820481,1.4116986913742609,-63.041604204822214,-0.04529193905562537,0.9593745241326619,0.9995254249259555,0.9983954215260493,1,`xtol` termination condition is satisfied.
OUT_SP04_N_R01,Raw/4/LOG00017_ANGLE.csv,OUT,SP04,N,1,10003,11974,100.03,119.88,1,nan,25.58449852262915,0.08544568722295207,2.6803653321375922e-05,0.24389364571202468,-1.9323737255482212,-46.40131112174141,-2.5338597629486017,0.8512699117483542,0.9991487686087706,0.9981441375317998,1,`xtol` termination condition is satisfied.
OUT_SP04_P_R01,Raw/4/LOG00017_ANGLE.csv,OUT,SP04,P,1,13391,15764,134.05,157.78,1,nan,25.599124437618094,0.08298076764707336,6.011729925119581e-05,0.21266365177867053,-1.9705529303419427,60.866140961271405,0.2138742381690146,1.0008076793252014,0.9991270898487897,0.9977114963341996,1,`xtol` termination condition is satisfied.
