systime[ms],mag_strength0[-],mag_strength1[-],push_botton0[-],push_botton1[-],track0[-],track1[-],
489,0,0,0,0,0,0,
989,0,0,0,0,0,0,
1489,0,0,0,0,0,0,
1989,0,0,0,0,0,0,
2489,0,0,0,0,0,0,
2989,0,0,0,0,0,0,
3489,0,0,0,0,0,0,
3989,0,0,0,0,0,0,
4489,0,0,0,0,0,0,
4989,0,0,0,0,0,0,
5489,0,0,0,0,0,0,
5989,0,0,0,0,0,0,
6489,0,0,0,0,0,0,
6989,0,0,0,0,0,0,
7489,0,0,0,0,0,0,
7989,0,0,0,0,0,0,
8489,0,0,0,0,0,0,
8989,0,0,0,0,0,0,
9489,0,0,0,0,0,0,
9989,0,0,0,0,0,0,
10489,0,0,0,0,0,0,
10989,0,0,0,0,0,0,
11489,0,0,0,0,0,0,
11989,0,0,0,0,0,0,
12489,0,0,0,0,0,0,
12989,0,0,0,0,0,0,
13489,0,0,0,0,0,0,
13989,0,0,0,0,0,0,
14489,0,0,0,0,0,0,
14989,0,0,0,0,0,0,
15489,0,0,0,0,0,0,
15989,0,0,0,0,0,0,
16489,0,0,0,0,0,0,
16989,0,0,0,0,0,0,
17489,0,0,0,0,0,0,
17989,0,0,0,0,0,0,
18489,0,0,0,0,0,0,
18989,0,0,0,0,0,0,
19489,0,0,0,0,0,0,
19989,0,0,0,0,0,0,
20489,0,0,0,0,0,0,
20989,0,0,0,0,0,0,
21489,0,0,0,0,0,0,
21989,0,0,0,0,0,0,
22489,0,0,0,0,0,0,
22989,0,0,0,0,0,0,
23489,0,0,0,0,0,0,
23989,0,0,0,0,0,0,
24489,0,0,0,0,0,0,
24989,0,0,0,0,0,0,
25489,0,0,0,0,0,0,
25989,0,0,0,0,0,0,
26489,0,0,0,0,0,0,
26989,0,0,0,0,0,0,
27489,0,0,0,0,0,0,
27989,0,0,0,0,0,0,
28489,0,0,0,0,0,0,
28989,0,0,0,0,0,0,
29489,0,0,0,0,0,0,
29989,0,0,0,0,0,0,
30489,0,0,0,0,0,0,
30989,0,0,0,0,0,0,
31489,0,0,0,0,0,0,
31989,0,0,0,0,0,0,
32489,0,0,0,0,0,0,
32989,0,0,0,0,0,0,
33489,0,0,0,0,0,0,
33989,0,0,0,0,0,0,
34489,0,0,0,0,0,0,
34989,0,0,0,0,0,0,
35489,0,0,0,0,0,0,
35989,0,0,0,0,0,0,
36489,0,0,0,0,0,0,
36989,0,0,0,0,0,0,
37489,0,0,0,0,0,0,
37989,0,0,0,0,0,0,
38489,0,0,0,0,0,0,
38989,0,0,0,0,0,0,
39489,0,0,0,0,0,0,
39989,0,0,0,0,0,0,
40489,0,0,0,0,0,0,
40989,0,0,0,0,0,0,
41489,0,0,0,0,0,0,
41989,0,0,0,0,0,0,
42489,0,0,0,0,0,0,
42989,0,0,0,0,0,0,
43489,0,0,0,0,0,0,
43989,0,0,0,0,0,0,
44489,0,0,0,0,0,0,
44989,0,0,0,0,0,0,
45489,0,0,0,0,0,0,
45989,0,0,0,0,0,0,
46489,0,0,0,0,0,0,
46989,0,0,0,0,0,0,
47489,0,0,0,0,0,0,
47989,0,0,0,0,0,0,
48489,0,0,0,0,0,0,
48989,0,0,0,0,0,0,
49489,0,0,0,0,0,0,
49989,0,0,0,0,0,0,
50489,0,0,0,0,0,0,
50989,0,0,0,0,0,0,
51489,0,0,0,0,0,0,
51989,0,0,0,0,0,0,
52489,0,0,0,0,0,0,
52989,0,0,0,0,0,0,
53489,0,0,0,0,0,0,
53989,0,0,0,0,0,0,
54489,0,0,0,0,0,0,
54989,0,0,0,0,0,0,
55489,0,0,0,0,0,0,
55989,0,0,0,0,0,0,
56489,0,0,0,0,0,0,
56989,0,0,0,0,0,0,
57489,0,0,0,0,0,0,
57989,0,0,0,0,0,0,
58489,0,0,0,0,0,0,
58989,0,0,0,0,0,0,
59489,0,0,0,0,0,0,
59989,0,0,0,0,0,0,
60489,0,0,0,0,0,0,
60989,0,0,0,0,0,0,
61489,0,0,0,0,0,0,
61989,0,0,0,0,0,0,
62489,0,0,0,0,0,0,
62989,0,0,0,0,0,0,
63489,0,0,0,0,0,0,
63989,0,0,0,0,0,0,
64489,0,0,0,0,0,0,
64989,0,0,0,0,0,0,
65489,0,0,0,0,0,0,
65989,0,0,0,0,0,0,
66489,0,0,0,0,0,0,
66989,0,0,0,0,0,0,
67489,0,0,0,0,0,0,
67989,0,0,0,0,0,0,
68489,0,0,0,0,0,0,
68989,0,0,0,0,0,0,
69489,0,0,0,0,0,0,
69989,0,0,0,0,0,0,
70489,0,0,0,0,0,0,
70989,0,0,0,0,0,0,
71489,0,0,0,0,0,0,
71989,0,0,0,0,0,0,
72489,0,0,0,0,0,0,
72989,0,0,0,0,0,0,
73489,0,0,0,0,0,0,
73989,0,0,0,0,0,0,
74489,0,0,0,0,0,0,
74989,0,0,0,0,0,0,
75489,0,0,0,0,0,0,
75989,0,0,0,0,0,0,
76489,0,0,0,0,0,0,
76989,0,0,0,0,0,0,
77489,0,0,0,0,0,0,
77989,0,0,0,0,0,0,
78489,0,0,0,0,0,0,
78989,0,0,0,0,0,0,
79489,0,0,0,0,0,0,
79989,0,0,0,0,0,0,
80489,0,0,0,0,0,0,
80989,0,0,0,0,0,0,
81489,0,0,0,0,0,0,
81989,0,0,0,0,0,0,
82489,0,0,0,0,0,0,
82989,0,0,0,0,0,0,
83489,0,0,0,0,0,0,
83989,0,0,0,0,0,0,
84489,0,0,0,0,0,0,
84989,0,0,0,0,0,0,
85489,0,0,0,0,0,0,
85989,0,0,0,0,0,0,
86489,0,0,0,0,0,0,
86989,0,0,0,0,0,0,
87489,0,0,0,0,0,0,
87989,0,0,0,0,0,0,
88489,0,0,0,0,0,0,
88989,0,0,0,0,0,0,
89489,0,0,0,0,0,0,
89989,0,0,0,0,0,0,
90489,0,0,0,0,0,0,
90989,0,0,0,0,0,0,
91489,0,0,0,0,0,0,
91989,0,0,0,0,0,0,
92489,0,0,0,0,0,0,
92989,0,0,0,0,0,0,
93489,0,0,0,0,0,0,
93989,0,0,0,0,0,0,
94489,0,0,0,0,0,0,
94989,0,0,0,0,0,0,
95489,0,0,0,0,0,0,
95989,0,0,0,0,0,0,
96489,0,0,0,0,0,0,
96989,0,0,0,0,0,0,
97489,0,0,0,0,0,0,
97989,0,0,0,0,0,0,
98489,0,0,0,0,0,0,
98989,0,0,0,0,0,0,
99489,0,0,0,0,0,0,
99989,0,0,0,0,0,0,
100489,0,0,0,0,0,0,
100989,0,0,0,0,0,0,
101489,0,0,0,0,0,0,
101989,0,0,0,0,0,0,
102489,0,0,0,0,0,0,
102989,0,0,0,0,0,0,
103489,0,0,0,0,0,0,
103989,0,0,0,0,0,0,
104489,0,0,0,0,0,0,
104989,0,0,0,0,0,0,
105489,0,0,0,0,0,0,
105989,0,0,0,0,0,0,
106489,0,0,0,0,0,0,
106989,0,0,0,0,0,0,
107489,0,0,0,0,0,0,
107989,0,0,0,0,0,0,
108489,0,0,0,0,0,0,
108989,0,0,0,0,0,0,
109489,0,0,0,0,0,0,
109989,0,0,0,0,0,0,
110489,0,0,0,0,0,0,
110989,0,0,0,0,0,0,
111489,0,0,0,0,0,0,
111989,0,0,0,0,0,0,
112489,0,0,0,0,0,0,
112989,0,0,0,0,0,0,
113489,0,0,0,0,0,0,
113989,0,0,0,0,0,0,
114489,0,0,0,0,0,0,
114989,0,0,0,0,0,0,
115489,0,0,0,0,0,0,
115989,0,0,0,0,0,0,
116489,0,0,0,0,0,0,
116989,0,0,0,0,0,0,
117489,0,0,0,0,0,0,
117989,0,0,0,0,0,0,
118489,0,0,0,0,0,0,
118989,0,0,0,0,0,0,
119489,0,0,0,0,0,0,
119989,0,0,0,0,0,0,
120489,0,0,0,0,0,0,
120989,0,0,0,0,0,0,
121489,0,0,0,0,0,0,
121989,0,0,0,0,0,0,
122489,0,0,0,0,0,0,
122989,0,0,0,0,0,0,
123489,0,0,0,0,0,0,
123989,0,0,0,0,0,0,
124489,0,0,0,0,0,0,
124989,0,0,0,0,0,0,
125489,0,0,0,0,0,0,
125989,0,0,0,0,0,0,
126489,0,0,0,0,0,0,
126989,0,0,0,0,0,0,
127489,0,0,0,0,0,0,
127989,0,0,0,0,0,0,
128489,0,0,0,0,0,0,
128989,0,0,0,0,0,0,
129489,0,0,0,0,0,0,
129989,0,0,0,0,0,0,
130489,0,0,0,0,0,0,
130989,0,0,0,0,0,0,
131489,0,0,0,0,0,0,
131989,0,0,0,0,0,0,
132489,0,0,0,0,0,0,
132989,0,0,0,0,0,0,
133489,0,0,0,0,0,0,
133989,0,0,0,0,0,0,
134489,0,0,0,0,0,0,
134989,0,0,0,0,0,0,
135489,0,0,0,0,0,0,
135989,0,0,0,0,0,0,
136489,0,0,0,0,0,0,
136989,0,0,0,0,0,0,
137489,0,0,0,0,0,0,
137989,0,0,0,0,0,0,
138489,0,0,0,0,0,0,
138989,0,0,0,0,0,0,
139489,0,0,0,0,0,0,
139989,0,0,0,0,0,0,
140489,0,0,0,0,0,0,
140989,0,0,0,0,0,0,
141489,0,0,0,0,0,0,
141989,0,0,0,0,0,0,
142489,0,0,0,0,0,0,
142989,0,0,0,0,0,0,
143489,0,0,0,0,0,0,
143989,0,0,0,0,0,0,
144489,0,0,0,0,0,0,
144989,0,0,0,0,0,0,
145489,0,0,0,0,0,0,
145989,0,0,0,0,0,0,
146489,0,0,0,0,0,0,
146989,0,0,0,0,0,0,
147489,0,0,0,0,0,0,
147989,0,0,0,0,0,0,
148489,0,0,0,0,0,0,
148989,0,0,0,0,0,0,
149489,0,0,0,0,0,0,
149989,0,0,0,0,0,0,
150489,0,0,0,0,0,0,
150989,0,0,0,0,0,0,
151489,0,0,0,0,0,0,
151989,0,0,0,0,0,0,
152489,0,0,0,0,0,0,
152989,0,0,0,0,0,0,
153489,0,0,0,0,0,0,
153989,0,0,0,0,0,0,
154489,0,0,0,0,0,0,
154989,0,0,0,0,0,0,
155489,0,0,0,0,0,0,
155989,0,0,0,0,0,0,
156489,0,0,0,0,0,0,
156989,0,0,0,0,0,0,
157489,0,0,0,0,0,0,
157989,0,0,0,0,0,0,
158489,0,0,0,0,0,0,
158989,0,0,0,0,0,0,
159489,0,0,0,0,0,0,
159989,0,0,0,0,0,0,
160489,0,0,0,0,0,0,
160989,0,0,0,0,0,0,
161489,0,0,0,0,0,0,
161989,0,0,0,0,0,0,
162489,0,0,0,0,0,0,
162989,0,0,0,0,0,0,
163489,0,0,0,0,0,0,
163989,0,0,0,0,0,0,
164489,0,0,0,0,0,0,
164989,0,0,0,0,0,0,
165489,0,0,0,0,0,0,
165989,0,0,0,0,0,0,
166489,0,0,0,0,0,0,
166989,0,0,0,0,0,0,
167489,0,0,0,0,0,0,
167989,0,0,0,0,0,0,
168489,0,0,0,0,0,0,
168989,0,0,0,0,0,0,
169489,0,0,0,0,0,0,
169989,0,0,0,0,0,0,
170489,0,0,0,0,0,0,
170989,0,0,0,0,0,0,
171489,0,0,0,0,0,0,
171989,0,0,0,0,0,0,
172489,0,0,0,0,0,0,
172989,0,0,0,0,0,0,
173489,0,0,0,0,0,0,
173989,0,0,0,0,0,0,
174489,0,0,0,0,0,0,
174989,0,0,0,0,0,0,
175489,0,0,0,0,0,0,
175989,0,0,0,0,0,0,
176489,0,0,0,0,0,0,
176989,0,0,0,0,0,0,
177489,0,0,0,0,0,0,
177989,0,0,0,0,0,0,
178489,0,0,0,0,0,0,
178989,0,0,0,0,0,0,
179489,0,0,0,0,0,0,
179989,0,0,0,0,0,0,
180489,0,0,0,0,0,0,
180989,0,0,0,0,0,0,
181489,0,0,0,0,0,0,
181989,0,0,0,0,0,0,
182489,0,0,0,0,0,0,
182989,0,0,0,0,0,0,
183489,0,0,0,0,0,0,
183989,0,0,0,0,0,0,
184489,0,0,0,0,0,0,
184989,0,0,0,0,0,0,
185489,0,0,0,0,0,0,
185989,0,0,0,0,0,0,
186489,0,0,0,0,0,0,
186989,0,0,0,0,0,0,
187489,0,0,0,0,0,0,
187989,0,0,0,0,0,0,
188489,0,0,0,0,0,0,
188989,0,0,0,0,0,0,
189489,0,0,0,0,0,0,
189989,0,0,0,0,0,0,
190489,0,0,0,0,0,0,
190989,0,0,0,0,0,0,
191489,0,0,0,0,0,0,
191989,0,0,0,0,0,0,
192489,0,0,0,0,0,0,
192989,0,0,0,0,0,0,
193489,0,0,0,0,0,0,
193989,0,0,0,0,0,0,
194489,0,0,0,0,0,0,
194989,0,0,0,0,0,0,
195489,0,0,0,0,0,0,
195989,0,0,0,0,0,0,
196489,0,0,0,0,0,0,
196989,0,0,0,0,0,0,
197489,0,0,0,0,0,0,
197989,0,0,0,0,0,0,
198489,0,0,0,0,0,0,
198989,0,0,0,0,0,0,
199489,0,0,0,0,0,0,
199989,0,0,0,0,0,0,
200489,0,0,0,0,0,0,
200989,0,0,0,0,0,0,
201489,0,0,0,0,0,0,
201989,0,0,0,0,0,0,
202489,0,0,0,0,0,0,
202989,0,0,0,0,0,0,
203489,0,0,0,0,0,0,
203989,0,0,0,0,0,0,
204489,0,0,0,0,0,0,
204989,0,0,0,0,0,0,
205489,0,0,0,0,0,0,
205989,0,0,0,0,0,0,
206489,0,0,0,0,0,0,
206989,0,0,0,0,0,0,
207489,0,0,0,0,0,0,
207989,0,0,0,0,0,0,
208489,0,0,0,0,0,0,
208989,0,0,0,0,0,0,
209489,0,0,0,0,0,0,
209989,0,0,0,0,0,0,
210489,0,0,0,0,0,0,
210989,0,0,0,0,0,0,
211489,0,0,0,0,0,0,
211989,0,0,0,0,0,0,
212489,0,0,0,0,0,0,
212989,0,0,0,0,0,0,
213489,0,0,0,0,0,0,
213989,0,0,0,0,0,0,
214489,0,0,0,0,0,0,
214989,0,0,0,0,0,0,
215489,0,0,0,0,0,0,
215989,0,0,0,0,0,0,
216489,0,0,0,0,0,0,
216989,0,0,0,0,0,0,
217489,0,0,0,0,0,0,
217989,0,0,0,0,0,0,
218489,0,0,0,0,0,0,
218989,0,0,0,0,0,0,
219489,0,0,0,0,0,0,
219989,0,0,0,0,0,0,
220489,0,0,0,0,0,0,
220989,0,0,0,0,0,0,
221489,0,0,0,0,0,0,
221989,0,0,0,0,0,0,
222489,0,0,0,0,0,0,
222989,0,0,0,0,0,0,
223489,0,0,0,0,0,0,
223989,0,0,0,0,0,0,
224489,0,0,0,0,0,0,
224989,0,0,0,0,0,0,
225489,0,0,0,0,0,0,
225989,0,0,0,0,0,0,
226489,0,0,0,0,0,0,
226989,0,0,0,0,0,0,
227489,0,0,0,0,0,0,
227989,0,0,0,0,0,0,
228489,0,0,0,0,0,0,
228989,0,0,0,0,0,0,
229489,0,0,0,0,0,0,
229989,0,0,0,0,0,0,
230489,0,0,0,0,0,0,
230989,0,0,0,0,0,0,
231489,0,0,0,0,0,0,
231989,0,0,0,0,0,0,
232489,0,0,0,0,0,0,
232989,0,0,0,0,0,0,
233489,0,0,0,0,0,0,
233989,0,0,0,0,0,0,
234489,0,0,0,0,0,0,
234989,0,0,0,0,0,0,
235489,0,0,0,0,0,0,
235989,0,0,0,0,0,0,
236489,0,0,0,0,0,0,
236989,0,0,0,0,0,0,
237489,0,0,0,0,0,0,
237989,0,0,0,0,0,0,
238489,0,0,0,0,0,0,
238989,0,0,0,0,0,0,
239489,0,0,0,0,0,0,
239989,0,0,0,0,0,0,
240489,0,0,0,0,0,0,
240989,0,0,0,0,0,0,
241489,0,0,0,0,0,0,
241989,0,0,0,0,0,0,
242489,0,0,0,0,0,0,
242989,0,0,0,0,0,0,
243489,0,0,0,0,0,0,
243989,0,0,0,0,0,0,
244489,0,0,0,0,0,0,
244989,0,0,0,0,0,0,
245489,0,0,0,0,0,0,
245989,0,0,0,0,0,0,
246489,0,0,0,0,0,0,
246989,0,0,0,0,0,0,
247489,0,0,0,0,0,0,
247989,0,0,0,0,0,0,
248489,0,0,0,0,0,0,
248989,0,0,0,0,0,0,
249489,0,0,0,0,0,0,
249989,0,0,0,0,0,0,
250489,0,0,0,0,0,0,
250989,0,0,0,0,0,0,
251489,0,0,0,0,0,0,
251989,0,0,0,0,0,0,
252489,0,0,0,0,0,0,
252989,0,0,0,0,0,0,
253489,0,0,0,0,0,0,
253989,0,0,0,0,0,0,
254489,0,0,0,0,0,0,
254989,0,0,0,0,0,0,
255489,0,0,0,0,0,0,
255989,0,0,0,0,0,0,
256489,0,0,0,0,0,0,
256989,0,0,0,0,0,0,
257489,0,0,0,0,0,0,
257989,0,0,0,0,0,0,
258489,0,0,0,0,0,0,
258989,0,0,0,0,0,0,
259489,0,0,0,0,0,0,
259989,0,0,0,0,0,0,
260489,0,0,0,0,0,0,
260989,0,0,0,0,0,0,
261489,0,0,0,0,0,0,
261989,0,0,0,0,0,0,
262489,0,0,0,0,0,0,
262989,0,0,0,0,0,0,
263489,0,0,0,0,0,0,
263989,0,0,0,0,0,0,
264489,0,0,0,0,0,0,
264989,0,0,0,0,0,0,
265489,0,0,0,0,0,0,
265989,0,0,0,0,0,0,
266489,0,0,0,0,0,0,
266989,0,0,0,0,0,0,
267489,0,0,0,0,0,0,
267989,0,0,0,0,0,0,
268489,0,0,0,0,0,0,
268989,0,0,0,0,0,0,
269489,0,0,0,0,0,0,
269989,0,0,0,0,0,0,
270489,0,0,0,0,0,0,
270989,0,0,0,0,0,0,
271489,0,0,0,0,0,0,
271989,0,0,0,0,0,0,
272489,0,0,0,0,0,0,
272989,0,0,0,0,0,0,
273489,0,0,0,0,0,0,
273989,0,0,0,0,0,0,
274489,0,0,0,0,0,0,
274989,0,0,0,0,0,0,
275489,0,0,0,0,0,0,
275989,0,0,0,0,0,0,
276489,0,0,0,0,0,0,
276989,0,0,0,0,0,0,
277489,0,0,0,0,0,0,
277989,0,0,0,0,0,0,
278489,0,0,0,0,0,0,
278989,0,0,0,0,0,0,
279489,0,0,0,0,0,0,
279989,0,0,0,0,0,0,
280489,0,0,0,0,0,0,
280989,0,0,0,0,0,0,
281489,0,0,0,0,0,0,
281989,0,0,0,0,0,0,
282489,0,0,0,0,0,0,
282989,0,0,0,0,0,0,
283489,0,0,0,0,0,0,
283989,0,0,0,0,0,0,
284489,0,0,0,0,0,0,
284989,0,0,0,0,0,0,
285489,0,0,0,0,0,0,
285989,0,0,0,0,0,0,
286489,0,0,0,0,0,0,
286989,0,0,0,0,0,0,
287489,0,0,0,0,0,0,
287989,0,0,0,0,0,0,
288489,0,0,0,0,0,0,
288989,0,0,0,0,0,0,
289489,0,0,0,0,0,0,
289989,0,0,0,0,0,0,
290489,0,0,0,0,0,0,
290989,0,0,0,0,0,0,
291489,0,0,0,0,0,0,
291989,0,0,0,0,0,0,
292489,0,0,0,0,0,0,
292989,0,0,0,0,0,0,
293489,0,0,0,0,0,0,
293989,0,0,0,0,0,0,
294489,0,0,0,0,0,0,
294989,0,0,0,0,0,0,
295489,0,0,0,0,0,0,
295989,0,0,0,0,0,0,
296489,0,0,0,0,0,0,
296989,0,0,0,0,0,0,
297489,0,0,0,0,0,0,
297989,0,0,0,0,0,0,
298489,0,0,0,0,0,0,
298989,0,0,0,0,0,0,
299489,0,0,0,0,0,0,
299989,0,0,0,0,0,0,
300489,0,0,0,0,0,0,
300989,0,0,0,0,0,0,
301489,0,0,0,0,0,0,
301989,0,0,0,0,0,0,
302489,0,0,0,0,0,0,
302989,0,0,0,0,0,0,
303489,0,0,0,0,0,0,
303989,0,0,0,0,0,0,
304489,0,0,0,0,0,0,
304989,0,0,0,0,0,0,
305489,0,0,0,0,0,0,
305989,0,0,0,0,0,0,
306489,0,0,0,0,0,0,
306989,0,0,0,0,0,0,
307489,0,0,0,0,0,0,
307989,0,0,0,0,0,0,
308489,0,0,0,0,0,0,
308989,0,0,0,0,0,0,
309489,0,0,0,0,0,0,
309989,0,0,0,0,0,0,
310489,0,0,0,0,0,0,
310989,0,0,0,0,0,0,
311489,0,0,0,0,0,0,
311989,0,0,0,0,0,0,
312489,0,0,0,0,0,0,
312989,0,0,0,0,0,0,
313489,0,0,0,0,0,0,
313989,0,0,0,0,0,0,
314489,0,0,0,0,0,0,
314989,0,0,0,0,0,0,
315489,0,0,0,0,0,0,
315989,0,0,0,0,0,0,
316489,0,0,0,0,0,0,
316989,0,0,0,0,0,0,
317489,0,0,0,0,0,0,
317989,0,0,0,0,0,0,
318489,0,0,0,0,0,0,
318989,0,0,0,0,0,0,
319489,0,0,0,0,0,0,
319989,0,0,0,0,0,0,
320489,0,0,0,0,0,0,
320989,0,0,0,0,0,0,
321489,0,0,0,0,0,0,
321989,0,0,0,0,0,0,
322489,0,0,0,0,0,0,
322989,0,0,0,0,0,0,
323489,0,0,0,0,0,0,
323989,0,0,0,0,0,0,
324489,0,0,0,0,0,0,
324989,0,0,0,0,0,0,
325489,0,0,0,0,0,0,
325989,0,0,0,0,0,0,
326489,0,0,0,0,0,0,
326989,0,0,0,0,0,0,
327489,0,0,0,0,0,0,
327989,0,0,0,0,0,0,
328489,0,0,0,0,0,0,
328989,0,0,0,0,0,0,
329489,0,0,0,0,0,0,
329989,0,0,0,0,0,0,
330489,0,0,0,0,0,0,
330989,0,0,0,0,0,0,
331489,0,0,0,0,0,0,
331989,0,0,0,0,0,0,
332489,0,0,0,0,0,0,
332989,0,0,0,0,0,0,
333489,0,0,0,0,0,0,
333989,0,0,0,0,0,0,
334489,0,0,0,0,0,0,
334989,0,0,0,0,0,0,
335489,0,0,0,0,0,0,
335989,0,0,0,0,0,0,
336489,0,0,0,0,0,0,
336989,0,0,0,0,0,0,
337489,0,0,0,0,0,0,
337989,0,0,0,0,0,0,
338489,0,0,0,0,0,0,
338989,0,0,0,0,0,0,
339489,0,0,0,0,0,0,
339990,0,0,0,0,0,0,
340490,0,0,0,0,0,0,
340990,0,0,0,0,0,0,
341490,0,0,0,0,0,0,
341990,0,0,0,0,0,0,
342490,0,0,0,0,0,0,
342990,0,0,0,0,0,0,
343490,0,0,0,0,0,0,
343990,0,0,0,0,0,0,
344490,0,0,0,0,0,0,
344990,0,0,0,0,0,0,
345490,0,0,0,0,0,0,
345990,0,0,0,0,0,0,
346490,0,0,0,0,0,0,
346990,0,0,0,0,0,0,
347490,0,0,0,0,0,0,
347990,0,0,0,0,0,0,
348490,0,0,0,0,0,0,
348990,0,0,0,0,0,0,
349490,0,0,0,0,0,0,
349990,0,0,0,0,0,0,
350490,0,0,0,0,0,0,
350990,0,0,0,0,0,0,
351490,0,0,0,0,0,0,
351990,0,0,0,0,0,0,
352490,0,0,0,0,0,0,
352990,0,0,0,0,0,0,
353490,0,0,0,0,0,0,
353990,0,0,0,0,0,0,
354490,0,0,0,0,0,0,
354990,0,0,0,0,0,0,
355490,0,0,0,0,0,0,
355990,0,0,0,0,0,0,
356490,0,0,0,0,0,0,
356990,0,0,0,0,0,0,
357490,0,0,0,0,0,0,
357990,0,0,0,0,0,0,
358490,0,0,0,0,0,0,
358990,0,0,0,0,0,0,
359490,0,0,0,0,0,0,
359990,0,0,0,0,0,0,
360490,0,0,0,0,0,0,
360990,0,0,0,0,0,0,
361490,0,0,0,0,0,0,
361990,0,0,0,0,0,0,
362490,0,0,0,0,0,0,
362990,0,0,0,0,0,0,
363490,0,0,0,0,0,0,
363990,0,0,0,0,0,0,
364490,0,0,0,0,0,0,
364990,0,0,0,0,0,0,
365490,0,0,0,0,0,0,
365990,0,0,0,0,0,0,
366490,0,0,0,0,0,0,
366990,0,0,0,0,0,0,
367490,0,0,0,0,0,0,
367990,0,0,0,0,0,0,
368490,0,0,0,0,0,0,
368990,0,0,0,0,0,0,
369490,0,0,0,0,0,0,
369990,0,0,0,0,0,0,
370490,0,0,0,0,0,0,
370991,0,0,0,0,0,0,
371491,0,0,0,0,0,0,
371991,0,0,0,0,0,0,
372491,0,0,0,0,0,0,
372991,0,0,0,0,0,0,
373491,0,0,0,0,0,0,
373991,0,0,0,0,0,0,
374491,0,0,0,0,0,0,
374991,0,0,0,0,0,0,
375491,0,0,0,0,0,0,
375991,0,0,0,0,0,0,
376491,0,0,0,0,0,0,
376991,0,0,0,0,0,0,
377491,0,0,0,0,0,0,
377991,0,0,0,0,0,0,
378491,0,0,0,0,0,0,
378991,0,0,0,0,0,0,
379491,0,0,0,0,0,0,
379991,0,0,0,0,0,0,
380491,0,0,0,0,0,0,
380991,0,0,0,0,0,0,
381491,0,0,0,0,0,0,
381991,0,0,0,0,0,0,
382491,0,0,0,0,0,0,
382991,0,0,0,0,0,0,
383491,0,0,0,0,0,0,
383991,0,0,0,0,0,0,
384491,0,0,0,0,0,0,
384991,0,0,0,0,0,0,
385491,0,0,0,0,0,0,
385991,0,0,0,0,0,0,
386491,0,0,0,0,0,0,
386991,0,0,0,0,0,0,
387491,0,0,0,0,0,0,
387991,0,0,0,0,0,0,
388491,0,0,0,0,0,0,
388991,0,0,0,0,0,0,
389491,0,0,0,0,0,0,
389991,0,0,0,0,0,0,
390491,0,0,0,0,0,0,
390991,0,0,0,0,0,0,
391491,0,0,0,0,0,0,
391991,0,0,0,0,0,0,
392491,0,0,0,0,0,0,
392991,0,0,0,0,0,0,
393491,0,0,0,0,0,0,
393991,0,0,0,0,0,0,
394491,0,0,0,0,0,0,
394991,0,0,0,0,0,0,
395491,0,0,0,0,0,0,
395991,0,0,0,0,0,0,
396491,0,0,0,0,0,0,
396991,0,0,0,0,0,0,
397491,0,0,0,0,0,0,
397991,0,0,0,0,0,0,
398491,0,0,0,0,0,0,
398991,0,0,0,0,0,0,
399491,0,0,0,0,0,0,
399991,0,0,0,0,0,0,
400491,0,0,0,0,0,0,
400991,0,0,0,0,0,0,
401491,0,0,0,0,0,0,
401991,0,0,0,0,0,0,
402491,0,0,0,0,0,0,
402991,0,0,0,0,0,0,
403491,0,0,0,0,0,0,
403991,0,0,0,0,0,0,
404491,0,0,0,0,0,0,
404991,0,0,0,0,0,0,
405491,0,0,0,0,0,0,
405991,0,0,0,0,0,0,
