systime[ms],ax[g],ay[g],az[g],gx[deg/s],gy[deg/s],gz[deg/s],roll[deg],pitch[deg],roll_raw[deg],pitch_raw[deg],err_ax[-],err_ay[-],err_az[-],err_roll[-],err_pitch[-],
15600,0.04180908203125,0.40814208984375,1.2685546875,0.13243184983730316,0.37291425466537476,0.009725880809128284,10.538118362426758,7.372527122497559,11.07290267944336,9.016219139099121,0,0,0,0,0,
15650,0.20849609375,0.0841064453125,1.05694580078125,-0.031042879447340965,0.011058193631470203,-0.025580398738384247,10.42447566986084,7.6930437088012695,11.081690788269043,8.537693977355957,0,0,0,0,0,
15700,0.2247314453125,-0.3074951171875,1.083984375,-0.027445636689662933,0.16347473859786987,0.016254212707281113,10.334124565124512,7.720886707305908,11.200969696044922,5.931476593017578,0,0,0,0,0,
15750,-0.241455078125,0.262939453125,0.91204833984375,0.09312863647937775,0.02238284982740879,0.02025114931166172,10.016433715820312,7.843641757965088,8.837220191955566,6.908439636230469,0,0,0,0,0,
15850,0.17901611328125,0.36614990234375,0.94384765625,-0.05569066107273102,0.05369219183921814,0.03850382938981056,9.6647367477417,8.364129066467285,9.866445541381836,9.166348457336426,0,0,0,0,0,
15900,0.1949462890625,0.09014892578125,1.01025390625,-0.001998468767851591,-0.008260336704552174,0.08939816802740097,9.527503967285156,8.605884552001953,9.972412109375,8.741680145263672,0,0,0,0,0,
15950,0.14794921875,0.419677734375,0.965087890625,0.04250076785683632,0.09152986854314804,-0.018385911360383034,9.386317253112793,8.974257469177246,9.795636177062988,10.249610900878906,0,0,0,0,0,
16000,0.54461669921875,0.12847900390625,0.895751953125,0.1562802493572235,0.06141960248351097,0.13229861855506897,9.476387977600098,9.27822494506836,11.96703052520752,9.973932266235352,0,0,0,0,0,
16050,-0.008056640625,0.2352294921875,0.89862060546875,-0.4595145583152771,0.0094594182446599,-0.3886355459690094,9.442877769470215,9.597330093383789,10.821292877197266,10.42928409576416,0,0,0,0,0,
