systime[ms],temperature[degC],temperature_bmp280[degC],humidity[%%],pressure[hPa],err_humidity[-],err_temperature[-],err_temperature_bmp280[-],err_pressure[-],
32040,29.095458984375,29.899999618530273,76.52139282226562,1001.9299926757812,0,0,0,0,
32540,29.073333740234375,29.899999618530273,76.48268127441406,1001.9600219726562,0,0,0,0,
33040,29.076385498046875,29.90999984741211,76.44662475585938,1001.9600219726562,0,0,0,0,
33540,29.07581329345703,29.899999618530273,76.38664245605469,1001.9400024414062,0,0,0,0,
34040,29.064178466796875,29.920000076293945,76.36222839355469,1001.97998046875,0,0,0,0,
34540,29.086875915527344,29.899999618530273,76.39427185058594,1001.97998046875,0,0,0,0,
35040,29.075050354003906,29.90999984741211,76.37481689453125,1001.969970703125,0,0,0,0,
35540,29.06036376953125,29.899999618530273,76.35650634765625,1001.989990234375,0,0,0,0,
36040,29.070091247558594,29.899999618530273,76.38568878173828,1001.97998046875,0,0,0,0,
36540,29.071807861328125,29.899999618530273,76.31874084472656,1001.989990234375,0,0,0,0,
37040,29.07543182373047,29.90999984741211,76.31941223144531,1001.989990234375,0,0,0,0,
37540,29.08611297607422,29.899999618530273,76.303955078125,1001.989990234375,0,0,0,0,
38040,29.08172607421875,29.90999984741211,76.30300903320312,1001.989990234375,0,0,0,0,
38540,29.084205627441406,29.899999618530273,76.3021469116211,1002.010009765625,0,0,0,0,
39040,29.08039093017578,29.899999618530273,76.27287292480469,1001.989990234375,0,0,0,0,
39540,29.067039489746094,29.899999618530273,76.25321960449219,1002.02001953125,0,0,0,0,
40040,29.07848358154297,29.90999984741211,76.2581787109375,1002.0,0,0,0,0,
40540,29.088401794433594,29.899999618530273,76.26457214355469,1001.969970703125,0,0,0,0,
41040,29.079437255859375,29.90999984741211,76.21163940429688,1002.0,0,0,0,0,
41540,29.07848358154297,29.899999618530273,76.20487213134766,1002.0800170898438,0,0,0,0,
42040,29.07867431640625,29.899999618530273,76.17950439453125,1002.030029296875,0,0,0,0,
42540,29.086685180664062,29.90999984741211,76.1728286743164,1002.0499877929688,0,0,0,0,
43040,29.060935974121094,29.899999618530273,76.18293762207031,1002.02001953125,0,0,0,0,
43540,29.06208038330078,29.90999984741211,76.14335632324219,1002.0399780273438,0,0,0,0,
44040,29.07428741455078,29.90999984741211,76.19218444824219,1002.030029296875,0,0,0,0,
44540,29.070281982421875,29.899999618530273,76.18971252441406,1002.030029296875,0,0,0,0,
45040,29.064369201660156,29.899999618530273,76.21402740478516,1002.0599975585938,0,0,0,0,
45540,29.070091247558594,29.90999984741211,76.23462677001953,1002.0599975585938,0,0,0,0,
46040,29.07390594482422,29.899999618530273,76.22880554199219,1002.0700073242188,0,0,0,0,
46540,29.065895080566406,29.899999618530273,76.21955871582031,1002.0800170898438,0,0,0,0,
47040,29.080772399902344,29.8799991607666,76.24159240722656,1002.0399780273438,0,0,0,0,
47540,29.053688049316406,29.889999389648438,76.24969482421875,1002.0499877929688,0,0,0,0,
48040,29.05406951904297,29.899999618530273,76.2033462524414,1002.0499877929688,0,0,0,0,
48540,29.065704345703125,29.889999389648438,76.1434555053711,1002.0499877929688,0,0,0,0,
49040,29.07276153564453,29.889999389648438,76.13372802734375,1002.0900268554688,0,0,0,0,
49540,29.076194763183594,29.899999618530273,76.12066650390625,1002.0900268554688,0,0,0,0,
50040,29.056549072265625,29.889999389648438,76.08404541015625,1002.0599975585938,0,0,0,0,
50540,29.063796997070312,29.889999389648438,76.10931396484375,1002.0599975585938,0,0,0,0,
51040,29.06646728515625,29.899999618530273,76.06553649902344,1002.0900268554688,0,0,0,0,
51540,29.069900512695312,29.899999618530273,76.11083984375,1002.0499877929688,0,0,0,0,
52040,29.073715209960938,29.899999618530273,76.09081268310547,1002.0599975585938,0,0,0,0,
52540,29.06322479248047,29.8799991607666,76.07069396972656,1002.0499877929688,0,0,0,0,
53040,29.071807861328125,29.8799991607666,76.08041381835938,1002.0599975585938,0,0,0,0,
53540,29.058265686035156,29.8799991607666,76.06487274169922,1002.0700073242188,0,0,0,0,
54040,29.034805297851562,29.889999389648438,76.02081298828125,1002.0399780273438,0,0,0,0,
54540,29.06513214111328,29.889999389648438,76.08270263671875,1002.0900268554688,0,0,0,0,
55040,29.05120849609375,29.8799991607666,76.05438232421875,1002.0499877929688,0,0,0,0,
55540,29.055404663085938,29.8799991607666,76.05638122558594,1002.0800170898438,0,0,0,0,
56040,29.062271118164062,29.8799991607666,76.03816986083984,1002.0800170898438,0,0,0,0,
56540,29.051971435546875,29.889999389648438,75.98953247070312,1002.0999755859375,0,0,0,0,
57040,29.045677185058594,29.8799991607666,76.0061264038086,1002.0700073242188,0,0,0,0,
57540,29.044342041015625,29.8799991607666,75.97789764404297,1002.0599975585938,0,0,0,0,
58040,29.03881072998047,29.8799991607666,75.95338439941406,1002.0900268554688,0,0,0,0,
58540,29.046249389648438,29.8799991607666,75.96159362792969,1002.0700073242188,0,0,0,0,
59040,29.04052734375,29.8799991607666,75.89836120605469,1002.0800170898438,0,0,0,0,
59540,29.034042358398438,29.889999389648438,75.84104919433594,1002.0900268554688,0,0,0,0,
60040,29.05292510986328,29.8799991607666,75.8169174194336,1002.0800170898438,0,0,0,0,
60540,29.048728942871094,29.8799991607666,75.73957824707031,1002.0900268554688,0,0,0,0,
61040,29.043197631835938,29.889999389648438,75.76713562011719,1002.0800170898438,0,0,0,0,
61540,29.059410095214844,29.889999389648438,75.73070526123047,1002.0999755859375,0,0,0,0,
62040,29.048728942871094,29.8799991607666,75.7568359375,1002.0700073242188,0,0,0,0,
62540,29.02851104736328,29.8799991607666,75.71086883544922,1002.0700073242188,0,0,0,0,
63040,29.058837890625,29.8799991607666,75.74453735351562,1002.0599975585938,0,0,0,0,
63540,29.056167602539062,29.8799991607666,75.75064086914062,1002.0800170898438,0,0,0,0,
64040,29.061508178710938,29.8799991607666,75.69942474365234,1002.1199951171875,0,0,0,0,
64540,29.044723510742188,29.8700008392334,75.72879791259766,1002.0800170898438,0,0,0,0,
65040,29.038047790527344,29.8700008392334,75.69990539550781,1002.0700073242188,0,0,0,0,
65540,29.042434692382812,29.8700008392334,75.71945190429688,1002.0900268554688,0,0,0,0,
66040,29.03003692626953,29.8700008392334,75.78630065917969,1002.1099853515625,0,0,0,0,
66540,29.048538208007812,29.860000610351562,75.80918884277344,1002.0499877929688,0,0,0,0,
67040,29.01477813720703,29.8700008392334,75.72526550292969,1002.0900268554688,0,0,0,0,
67540,29.03423309326172,29.8700008392334,75.71125030517578,1002.0999755859375,0,0,0,0,
68040,29.030418395996094,29.8700008392334,75.69970703125,1002.1099853515625,0,0,0,0,
68540,29.02698516845703,29.8700008392334,75.73576354980469,1002.1199951171875,0,0,0,0,
69040,29.034805297851562,29.8700008392334,75.68006896972656,1002.1099853515625,0,0,0,0,
69540,29.033279418945312,29.8700008392334,75.61540222167969,1002.1099853515625,0,0,0,0,
70040,29.01287078857422,29.860000610351562,75.66719055175781,1002.0800170898438,0,0,0,0,
70540,29.034996032714844,29.8799991607666,75.61082458496094,1002.0999755859375,0,0,0,0,
71040,29.027175903320312,29.860000610351562,75.60873413085938,1002.0999755859375,0,0,0,0,
71540,29.015541076660156,29.860000610351562,75.59986114501953,1002.0900268554688,0,0,0,0,
72040,29.027366638183594,29.8700008392334,75.54855346679688,1002.1300048828125,0,0,0,0,
72540,29.03156280517578,29.860000610351562,75.54435729980469,1002.0800170898438,0,0,0,0,
73040,29.013442993164062,29.860000610351562,75.51507568359375,1002.1099853515625,0,0,0,0,
73540,29.005050659179688,29.860000610351562,75.43000793457031,1002.1099853515625,0,0,0,0,
74040,29.019737243652344,29.860000610351562,75.48704528808594,1002.0900268554688,0,0,0,0,
74540,29.003143310546875,29.850000381469727,75.44097900390625,1002.1300048828125,0,0,0,0,
75040,28.992843627929688,29.84000015258789,75.51097869873047,1002.0900268554688,0,0,0,0,
75540,28.993988037109375,29.84000015258789,75.4952392578125,1002.1500244140625,0,0,0,0,
76040,28.98387908935547,29.829999923706055,75.46768188476562,1002.0800170898438,0,0,0,0,
76540,28.996658325195312,29.829999923706055,75.46977996826172,1002.1400146484375,0,0,0,0,
77040,28.96575927734375,29.829999923706055,75.47359466552734,1002.1300048828125,0,0,0,0,
77540,28.981399536132812,29.81999969482422,75.50125122070312,1002.1099853515625,0,0,0,0,
78040,28.972816467285156,29.81999969482422,75.4739761352539,1002.1199951171875,0,0,0,0,
78540,28.981399536132812,29.809999465942383,75.50888061523438,1002.0999755859375,0,0,0,0,
79040,28.975296020507812,29.81999969482422,75.49476623535156,1002.1199951171875,0,0,0,0,
79540,28.964614868164062,29.809999465942383,75.5392074584961,1002.1300048828125,0,0,0,0,
80040,28.977394104003906,29.81999969482422,75.52194213867188,1002.1300048828125,0,0,0,0,
80540,28.975677490234375,29.81999969482422,75.48637390136719,1002.0999755859375,0,0,0,0,
81040,28.9794921875,29.81999969482422,75.49658203125,1002.1300048828125,0,0,0,0,
81541,28.972816467285156,29.81999969482422,75.47645568847656,1002.1099853515625,0,0,0,0,
82041,28.986167907714844,29.81999969482422,75.43840026855469,1002.1400146484375,0,0,0,0,
82541,28.978729248046875,29.81999969482422,75.47168731689453,1002.1300048828125,0,0,0,0,
83041,28.97357940673828,29.81999969482422,75.41255950927734,1002.1400146484375,0,0,0,0,
83541,28.961563110351562,29.81999969482422,75.45423889160156,1002.1500244140625,0,0,0,0,
84041,28.970909118652344,29.81999969482422,75.50154113769531,1002.1400146484375,0,0,0,0,
84541,28.969192504882812,29.81999969482422,75.48351287841797,1002.1199951171875,0,0,0,0,
85041,28.98406982421875,29.81999969482422,75.43287658691406,1002.1099853515625,0,0,0,0,
85541,28.971290588378906,29.809999465942383,75.466064453125,1002.1199951171875,0,0,0,0,
86041,28.963470458984375,29.799999237060547,75.48942565917969,1002.0900268554688,0,0,0,0,
86541,28.95832061767578,29.81999969482422,75.50411224365234,1002.1099853515625,0,0,0,0,
87041,28.990745544433594,29.81999969482422,75.54368591308594,1002.1199951171875,0,0,0,0,
87541,28.9794921875,29.81999969482422,75.54912567138672,1002.1199951171875,0,0,0,0,
88041,28.972434997558594,29.790000915527344,75.55647277832031,1002.0900268554688,0,0,0,0,
88541,28.992652893066406,29.81999969482422,75.53482055664062,1002.1400146484375,0,0,0,0,
89041,28.962135314941406,29.799999237060547,75.50277709960938,1002.0900268554688,0,0,0,0,
89541,28.97472381591797,29.799999237060547,75.50477600097656,1002.1300048828125,0,0,0,0,
90041,28.961753845214844,29.799999237060547,75.54884338378906,1002.1099853515625,0,0,0,0,
90541,28.973388671875,29.799999237060547,75.59471130371094,1002.1199951171875,0,0,0,0,
91041,28.97319793701172,29.799999237060547,75.62150573730469,1002.1099853515625,0,0,0,0,
91541,28.96251678466797,29.790000915527344,75.66557312011719,1002.0999755859375,0,0,0,0,
92041,28.96251678466797,29.809999465942383,75.72269439697266,1002.1099853515625,0,0,0,0,
92541,28.9703369140625,29.790000915527344,75.77877044677734,1002.0900268554688,0,0,0,0,
93041,28.96900177001953,29.809999465942383,75.82902526855469,1002.1199951171875,0,0,0,0,
93541,28.956985473632812,29.790000915527344,75.77705383300781,1002.1099853515625,0,0,0,0,
94041,28.960418701171875,29.790000915527344,75.79278564453125,1002.0800170898438,0,0,0,0,
94541,28.97624969482422,29.799999237060547,75.79489135742188,1002.1300048828125,0,0,0,0,
95041,28.97510528564453,29.799999237060547,75.79936981201172,1002.1300048828125,0,0,0,0,
95541,28.952407836914062,29.790000915527344,75.81348419189453,1002.1300048828125,0,0,0,0,
96041,28.961563110351562,29.790000915527344,75.76399230957031,1002.0999755859375,0,0,0,0,
96541,28.965187072753906,29.790000915527344,75.75225830078125,1002.0999755859375,0,0,0,0,
97041,28.953170776367188,29.790000915527344,75.72822570800781,1002.0900268554688,0,0,0,0,
97541,28.96575927734375,29.780000686645508,75.7497787475586,1002.0900268554688,0,0,0,0,
98041,28.955078125,29.780000686645508,75.77838897705078,1002.1199951171875,0,0,0,0,
98541,28.94306182861328,29.790000915527344,75.82769775390625,1002.1199951171875,0,0,0,0,
99041,28.958892822265625,29.780000686645508,75.7986068725586,1002.1199951171875,0,0,0,0,
99541,28.957557678222656,29.780000686645508,75.76608276367188,1002.1400146484375,0,0,0,0,
100041,28.958892822265625,29.770000457763672,75.78010559082031,1002.1300048828125,0,0,0,0,
100541,28.932571411132812,29.770000457763672,75.77848815917969,1002.0999755859375,0,0,0,0,
101041,28.942108154296875,29.770000457763672,75.71134948730469,1002.0999755859375,0,0,0,0,
101541,28.913307189941406,29.770000457763672,75.71382141113281,1002.0999755859375,0,0,0,0,
102041,28.945541381835938,29.780000686645508,75.69169616699219,1002.1500244140625,0,0,0,0,
102541,28.941917419433594,29.780000686645508,75.68130493164062,1002.1300048828125,0,0,0,0,
103041,28.952407836914062,29.780000686645508,75.6844482421875,1002.1300048828125,0,0,0,0,
103541,28.946304321289062,29.770000457763672,75.65603637695312,1002.1300048828125,0,0,0,0,
104041,28.942108154296875,29.780000686645508,75.60501098632812,1002.1199951171875,0,0,0,0,
104541,28.947067260742188,29.770000457763672,75.61921691894531,1002.1300048828125,0,0,0,0,
105041,28.93829345703125,29.770000457763672,75.59452056884766,1002.1199951171875,0,0,0,0,
105541,28.931427001953125,29.760000228881836,75.59423828125,1002.1199951171875,0,0,0,0,
106041,28.940773010253906,29.770000457763672,75.53587341308594,1002.1099853515625,0,0,0,0,
106541,28.943252563476562,29.770000457763672,75.55561065673828,1002.1400146484375,0,0,0,0,
107041,28.936767578125,29.770000457763672,75.56400299072266,1002.1599731445312,0,0,0,0,
107541,28.9337158203125,29.770000457763672,75.57239532470703,1002.1500244140625,0,0,0,0,
108041,28.9337158203125,29.760000228881836,75.57020568847656,1002.1300048828125,0,0,0,0,
108541,28.933143615722656,29.760000228881836,75.52776336669922,1002.1400146484375,0,0,0,0,
109041,28.93047332763672,29.760000228881836,75.61874389648438,1002.1300048828125,0,0,0,0,
109541,28.932762145996094,29.760000228881836,75.64868927001953,1002.1300048828125,0,0,0,0,
110041,28.934860229492188,29.75,75.60624694824219,1002.1300048828125,0,0,0,0,
110541,28.91979217529297,29.75,75.57496643066406,1002.1300048828125,0,0,0,0,
111041,28.940963745117188,29.770000457763672,75.60243225097656,1002.1500244140625,0,0,0,0,
111541,28.928756713867188,29.770000457763672,75.59556579589844,1002.1300048828125,0,0,0,0,
112041,28.945159912109375,29.760000228881836,75.53882598876953,1002.1599731445312,0,0,0,0,
112541,28.90796661376953,29.760000228881836,75.46548461914062,1002.1699829101562,0,0,0,0,
113041,28.9276123046875,29.760000228881836,75.50802612304688,1002.1400146484375,0,0,0,0,
113541,28.917694091796875,29.75,75.48056030273438,1002.1400146484375,0,0,0,0,
114041,28.93047332763672,29.75,75.45452117919922,1002.1599731445312,0,0,0,0,
114541,28.92303466796875,29.75,75.44068908691406,1002.1500244140625,0,0,0,0,
115041,28.946304321289062,29.760000228881836,75.39663696289062,1002.1500244140625,0,0,0,0,
115541,28.92131805419922,29.75,75.36640167236328,1002.1900024414062,0,0,0,0,
116041,28.928184509277344,29.75,75.405029296875,1002.1799926757812,0,0,0,0,
116541,28.9306640625,29.75,75.41961669921875,1002.1799926757812,0,0,0,0,
117041,28.914260864257812,29.760000228881836,75.34542083740234,1002.1799926757812,0,0,0,0,
117541,28.91216278076172,29.760000228881836,75.35324096679688,1002.1900024414062,0,0,0,0,
118041,28.927993774414062,29.770000457763672,75.3194808959961,1002.1799926757812,0,0,0,0,
118541,28.90491485595703,29.760000228881836,75.30975341796875,1002.1599731445312,0,0,0,0,
119041,28.92589569091797,29.75,75.28057098388672,1002.2000122070312,0,0,0,0,
119541,28.923416137695312,29.760000228881836,75.33493041992188,1002.2100219726562,0,0,0,0,
120041,28.908157348632812,29.770000457763672,75.30508422851562,1002.2100219726562,0,0,0,0,
120541,28.912734985351562,29.760000228881836,75.33369445800781,1002.1900024414062,0,0,0,0,
121041,28.913307189941406,29.760000228881836,75.33731079101562,1002.2000122070312,0,0,0,0,
121541,28.92284393310547,29.760000228881836,75.32624816894531,1002.1900024414062,0,0,0,0,
122041,28.925514221191406,29.770000457763672,75.33102416992188,1002.1799926757812,0,0,0,0,
122541,28.933334350585938,29.760000228881836,75.28733825683594,1002.1900024414062,0,0,0,0,
123041,28.90949249267578,29.760000228881836,75.33369445800781,1002.2000122070312,0,0,0,0,
123541,28.930282592773438,29.770000457763672,75.28438568115234,1002.25,0,0,0,0,
124041,28.92627716064453,29.770000457763672,75.29458618164062,1002.1900024414062,0,0,0,0,
124541,28.92169952392578,29.770000457763672,75.27761840820312,1002.1900024414062,0,0,0,0,
125041,28.9337158203125,29.770000457763672,75.29153442382812,1002.2000122070312,0,0,0,0,
125542,28.925132751464844,29.770000457763672,75.2828598022461,1002.219970703125,0,0,0,0,
126042,28.931617736816406,29.780000686645508,75.33235168457031,1002.1900024414062,0,0,0,0,
126542,28.917503356933594,29.770000457763672,75.38499450683594,1002.2100219726562,0,0,0,0,
127042,28.90796661376953,29.770000457763672,75.34494018554688,1002.2000122070312,0,0,0,0,
127542,28.934669494628906,29.780000686645508,75.33760070800781,1002.2000122070312,0,0,0,0,
128042,28.915977478027344,29.780000686645508,75.31661987304688,1002.2000122070312,0,0,0,0,
128542,28.936004638671875,29.780000686645508,75.38079833984375,1002.1799926757812,0,0,0,0,
129042,28.915977478027344,29.770000457763672,75.30889892578125,1002.2000122070312,0,0,0,0,
129542,28.9337158203125,29.780000686645508,75.32958984375,1002.1799926757812,0,0,0,0,
130042,28.953933715820312,29.780000686645508,75.343994140625,1002.2000122070312,0,0,0,0,
130542,28.934478759765625,29.770000457763672,75.30498504638672,1002.1900024414062,0,0,0,0,
131042,28.95793914794922,29.790000915527344,75.34408569335938,1002.2100219726562,0,0,0,0,
131542,28.935813903808594,29.790000915527344,75.28934478759766,1002.1699829101562,0,0,0,0,
132042,28.942298889160156,29.790000915527344,75.337890625,1002.2100219726562,0,0,0,0,
132542,28.957176208496094,29.799999237060547,75.30203247070312,1002.2000122070312,0,0,0,0,
133042,28.96747589111328,29.809999465942383,75.31909942626953,1002.1900024414062,0,0,0,0,
133542,28.945350646972656,29.809999465942383,75.30717468261719,1002.1599731445312,0,0,0,0,
134042,28.947830200195312,29.81999969482422,75.28219604492188,1002.2000122070312,0,0,0,0,
134542,28.95660400390625,29.81999969482422,75.29716491699219,1002.1699829101562,0,0,0,0,
135042,28.956031799316406,29.829999923706055,75.30564880371094,1002.2000122070312,0,0,0,0,
135542,28.98712158203125,29.829999923706055,75.25300598144531,1002.22998046875,0,0,0,0,
136042,29.00218963623047,29.829999923706055,75.27436828613281,1002.1900024414062,0,0,0,0,
136542,28.986549377441406,29.84000015258789,75.311279296875,1002.219970703125,0,0,0,0,
137042,28.990554809570312,29.84000015258789,75.24995422363281,1002.2000122070312,0,0,0,0,
137542,29.00238037109375,29.84000015258789,75.31080627441406,1002.2100219726562,0,0,0,0,
138042,29.007720947265625,29.860000610351562,75.2969741821289,1002.2100219726562,0,0,0,0,
138542,29.009246826171875,29.860000610351562,75.30165100097656,1002.22998046875,0,0,0,0,
139042,29.017257690429688,29.860000610351562,75.27227783203125,1002.2000122070312,0,0,0,0,
139542,29.011154174804688,29.8700008392334,75.32186889648438,1002.22998046875,0,0,0,0,
140042,29.02088165283203,29.8799991607666,75.30689239501953,1002.260009765625,0,0,0,0,
140542,29.02679443359375,29.8799991607666,75.29888153076172,1002.2000122070312,0,0,0,0,
141042,29.037094116210938,29.8700008392334,75.28076171875,1002.2100219726562,0,0,0,0,
141542,29.0374755859375,29.889999389648438,75.31004333496094,1002.219970703125,0,0,0,0,
142042,29.040145874023438,29.889999389648438,75.32100677490234,1002.239990234375,0,0,0,0,
142542,29.049301147460938,29.899999618530273,75.28514862060547,1002.239990234375,0,0,0,0,
143042,29.044532775878906,29.899999618530273,75.26521301269531,1002.22998046875,0,0,0,0,
143542,29.06322479248047,29.899999618530273,75.26187896728516,1002.2100219726562,0,0,0,0,
144042,29.065322875976562,29.899999618530273,75.22535705566406,1002.1799926757812,0,0,0,0,
144542,29.056358337402344,29.899999618530273,75.27799987792969,1002.2000122070312,0,0,0,0,
145042,29.059982299804688,29.90999984741211,75.262451171875,1002.2100219726562,0,0,0,0,
145542,29.07238006591797,29.90999984741211,75.15097045898438,1002.2000122070312,0,0,0,0,
146042,29.062461853027344,29.90999984741211,75.2145767211914,1002.2000122070312,0,0,0,0,
146542,29.068946838378906,29.920000076293945,75.17691040039062,1002.2000122070312,0,0,0,0,
147042,29.061317443847656,29.920000076293945,75.12750244140625,1002.2100219726562,0,0,0,0,
147542,29.071998596191406,29.93000030517578,75.11129760742188,1002.1699829101562,0,0,0,0,
148042,29.090309143066406,29.920000076293945,75.063232421875,1002.1799926757812,0,0,0,0,
148542,29.088401794433594,29.93000030517578,75.08926391601562,1002.1699829101562,0,0,0,0,
149042,29.09717559814453,29.93000030517578,75.0967025756836,1002.1799926757812,0,0,0,0,
149542,29.10003662109375,29.940000534057617,75.04653930664062,1002.1500244140625,0,0,0,0,
150042,29.084396362304688,29.940000534057617,75.02269744873047,1002.1599731445312,0,0,0,0,
150542,29.096412658691406,29.940000534057617,75.0335693359375,1002.1599731445312,0,0,0,0,
151042,29.106712341308594,29.93000030517578,75.01840209960938,1002.1099853515625,0,0,0,0,
151542,29.095458984375,29.940000534057617,74.9979019165039,1002.1199951171875,0,0,0,0,
152042,29.08954620361328,29.940000534057617,74.955078125,1002.1099853515625,0,0,0,0,
152542,29.105758666992188,29.950000762939453,74.99961853027344,1002.0900268554688,0,0,0,0,
153042,29.110336303710938,29.950000762939453,74.98130798339844,1002.1099853515625,0,0,0,0,
153542,29.11357879638672,29.959999084472656,74.94640350341797,1002.1400146484375,0,0,0,0,
154042,29.125213623046875,29.950000762939453,74.9298095703125,1002.0800170898438,0,0,0,0,
154542,29.105186462402344,29.959999084472656,74.94973754882812,1002.0800170898438,0,0,0,0,
155042,29.112815856933594,29.959999084472656,74.93572235107422,1002.0800170898438,0,0,0,0,
155542,29.117584228515625,29.969999313354492,74.88670349121094,1002.0700073242188,0,0,0,0,
156042,29.12311553955078,29.969999313354492,74.89776611328125,1002.0700073242188,0,0,0,0,
156542,29.117965698242188,29.979999542236328,74.9307632446289,1002.0999755859375,0,0,0,0,
157042,29.13360595703125,29.979999542236328,74.90901947021484,1002.0900268554688,0,0,0,0,
157542,29.127883911132812,29.979999542236328,74.90234375,1002.0800170898438,0,0,0,0,
158042,29.139328002929688,29.989999771118164,74.84607696533203,1002.0900268554688,0,0,0,0,
158542,29.15019989013672,29.989999771118164,74.85533142089844,1002.0999755859375,0,0,0,0,
159042,29.14886474609375,29.989999771118164,74.86334228515625,1002.1099853515625,0,0,0,0,
159542,29.128074645996094,30.0,74.94706726074219,1002.1199951171875,0,0,0,0,
160042,29.156494140625,29.989999771118164,74.88956451416016,1002.0900268554688,0,0,0,0,
160542,29.17499542236328,30.010000228881836,74.92475891113281,1002.0900268554688,0,0,0,0,
161042,29.167556762695312,30.010000228881836,74.900146484375,1002.1099853515625,0,0,0,0,
161542,29.168319702148438,30.010000228881836,74.91378784179688,1002.1300048828125,0,0,0,0,
162042,29.170799255371094,30.020000457763672,74.91827392578125,1002.1199951171875,0,0,0,0,
162542,29.183578491210938,30.020000457763672,74.89881896972656,1002.0900268554688,0,0,0,0,
163042,29.18834686279297,30.030000686645508,74.90530395507812,1002.0999755859375,0,0,0,0,
163542,29.20360565185547,30.030000686645508,74.8953857421875,1002.0800170898438,0,0,0,0,
164042,29.213905334472656,30.030000686645508,74.90901947021484,1002.0700073242188,0,0,0,0,
164542,29.21619415283203,30.040000915527344,74.94029998779297,1002.0999755859375,0,0,0,0,
165042,29.198837280273438,30.049999237060547,74.89852905273438,1002.0900268554688,0,0,0,0,
165542,29.196739196777344,30.049999237060547,74.96881103515625,1002.0900268554688,0,0,0,0,
166042,29.217147827148438,30.059999465942383,74.94154357910156,1002.0999755859375,0,0,0,0,
166542,29.22687530517578,30.049999237060547,74.91140747070312,1002.0800170898438,0,0,0,0,
167042,29.21161651611328,30.059999465942383,74.93714904785156,1002.1199951171875,0,0,0,0,
167542,29.22515869140625,30.059999465942383,74.90396118164062,1002.1300048828125,0,0,0,0,
168042,29.236793518066406,30.059999465942383,74.90005493164062,1002.1099853515625,0,0,0,0,
168542,29.236412048339844,30.06999969482422,74.88890075683594,1002.0900268554688,0,0,0,0,
169042,29.248428344726562,30.06999969482422,74.9114990234375,1002.0900268554688,0,0,0,0,
169542,29.247665405273438,30.079999923706055,74.90243530273438,1002.1199951171875,0,0,0,0,
170042,29.24175262451172,30.079999923706055,74.89166259765625,1002.0999755859375,0,0,0,0,
170542,29.247665405273438,30.079999923706055,74.88117218017578,1002.1099853515625,0,0,0,0,
171042,29.24785614013672,30.079999923706055,74.87783813476562,1002.0900268554688,0,0,0,0,
171542,29.260826110839844,30.09000015258789,74.86410522460938,1002.1099853515625,0,0,0,0,
172042,29.26177978515625,30.100000381469727,74.87716674804688,1002.1300048828125,0,0,0,0,
172542,29.26921844482422,30.100000381469727,74.86505126953125,1002.1099853515625,0,0,0,0,
173042,29.249000549316406,30.100000381469727,74.83186340332031,1002.0800170898438,0,0,0,0,
173542,29.26483154296875,30.110000610351562,74.85179901123047,1002.0900268554688,0,0,0,0,
174042,29.289627075195312,30.09000015258789,74.85838317871094,1002.0499877929688,0,0,0,0,
174542,29.263877868652344,30.110000610351562,74.80154418945312,1002.0900268554688,0,0,0,0,
175042,29.27379608154297,30.110000610351562,74.80516052246094,1002.0900268554688,0,0,0,0,
175542,29.28009033203125,30.1200008392334,74.79142761230469,1002.1300048828125,0,0,0,0,
176042,29.29096221923828,30.110000610351562,74.81088256835938,1002.0800170898438,0,0,0,0,
176542,29.29859161376953,30.1299991607666,74.74317932128906,1002.1400146484375,0,0,0,0,
177042,29.292869567871094,30.1299991607666,74.81918334960938,1002.1300048828125,0,0,0,0,
177542,29.316139221191406,30.139999389648438,74.76510620117188,1002.1300048828125,0,0,0,0,
178042,29.287147521972656,30.139999389648438,74.79562377929688,1002.1099853515625,0,0,0,0,
178542,29.29668426513672,30.1299991607666,74.77407836914062,1002.0900268554688,0,0,0,0,
179042,29.30278778076172,30.139999389648438,74.71818542480469,1002.0900268554688,0,0,0,0,
179542,29.308319091796875,30.139999389648438,74.70655822753906,1002.1199951171875,0,0,0,0,
180042,29.306983947753906,30.149999618530273,74.66268920898438,1002.1099853515625,0,0,0,0,
180542,29.31804656982422,30.15999984741211,74.68766784667969,1002.1199951171875,0,0,0,0,
181042,29.306602478027344,30.15999984741211,74.64781188964844,1002.0999755859375,0,0,0,0,
181542,29.30622100830078,30.149999618530273,74.62777709960938,1002.1099853515625,0,0,0,0,
182042,29.32262420654297,30.15999984741211,74.58534240722656,1002.0999755859375,0,0,0,0,
182542,29.32567596435547,30.15999984741211,74.61776733398438,1002.1099853515625,0,0,0,0,
183042,29.329490661621094,30.149999618530273,74.58200073242188,1002.0900268554688,0,0,0,0,
183542,29.328536987304688,30.170000076293945,74.53375244140625,1002.1400146484375,0,0,0,0,
184042,29.346847534179688,30.15999984741211,74.46127319335938,1002.0900268554688,0,0,0,0,
184542,29.351806640625,30.170000076293945,74.50027465820312,1002.0999755859375,0,0,0,0,
185042,29.33521270751953,30.170000076293945,74.49713134765625,1002.1099853515625,0,0,0,0,
185542,29.33635711669922,30.18000030517578,74.49273681640625,1002.0900268554688,0,0,0,0,
186042,29.35619354248047,30.18000030517578,74.46051025390625,1002.0999755859375,0,0,0,0,
186542,29.347610473632812,30.190000534057617,74.4681396484375,1002.1400146484375,0,0,0,0,
187042,29.33807373046875,30.190000534057617,74.485107421875,1002.1099853515625,0,0,0,0,
187542,29.369544982910156,30.190000534057617,74.47709655761719,1002.0999755859375,0,0,0,0,
188042,29.360389709472656,30.200000762939453,74.44992065429688,1002.0800170898438,0,0,0,0,
188542,29.36687469482422,30.209999084472656,74.48167419433594,1002.1099853515625,0,0,0,0,
189042,29.36229705810547,30.209999084472656,74.48310852050781,1002.1099853515625,0,0,0,0,
189542,29.37793731689453,30.209999084472656,74.44429016113281,1002.0999755859375,0,0,0,0,
190042,29.353904724121094,30.219999313354492,74.45382690429688,1002.1199951171875,0,0,0,0,
190542,29.380035400390625,30.219999313354492,74.51057434082031,1002.1300048828125,0,0,0,0,
191042,29.36687469482422,30.209999084472656,74.45458984375,1002.0900268554688,0,0,0,0,
191542,29.384613037109375,30.219999313354492,74.47920227050781,1002.1199951171875,0,0,0,0,
192042,29.400062561035156,30.219999313354492,74.44953918457031,1002.0999755859375,0,0,0,0,
192542,29.40654754638672,30.219999313354492,74.4710922241211,1002.1199951171875,0,0,0,0,
193042,29.408836364746094,30.219999313354492,74.54481506347656,1002.0999755859375,0,0,0,0,
193542,29.407310485839844,30.229999542236328,74.50971984863281,1002.0999755859375,0,0,0,0,
194042,29.405784606933594,30.239999771118164,74.54566955566406,1002.1300048828125,0,0,0,0,
194542,29.409408569335938,30.239999771118164,74.51715087890625,1002.1500244140625,0,0,0,0,
195042,29.423141479492188,30.25,74.54986572265625,1002.1099853515625,0,0,0,0,
195542,29.40998077392578,30.239999771118164,74.56130981445312,1002.1099853515625,0,0,0,0,
196042,29.42218780517578,30.25,74.56912994384766,1002.1099853515625,0,0,0,0,
196542,29.427146911621094,30.25,74.56503295898438,1002.0999755859375,0,0,0,0,
197042,29.447555541992188,30.260000228881836,74.55692291259766,1002.0900268554688,0,0,0,0,
197542,29.4158935546875,30.25,74.59898376464844,1002.0999755859375,0,0,0,0,
198042,29.42981719970703,30.260000228881836,74.61767578125,1002.1099853515625,0,0,0,0,
198542,29.425811767578125,30.25,74.56788635253906,1002.0999755859375,0,0,0,0,
199042,29.440879821777344,30.25,74.57246398925781,1002.1099853515625,0,0,0,0,
199542,29.43134307861328,30.260000228881836,74.58296203613281,1002.0900268554688,0,0,0,0,
200042,29.448890686035156,30.260000228881836,74.55902099609375,1002.1300048828125,0,0,0,0,
200542,29.442214965820312,30.260000228881836,74.56245422363281,1002.1099853515625,0,0,0,0,
201042,29.447174072265625,30.270000457763672,74.52973937988281,1002.1099853515625,0,0,0,0,
201542,29.450225830078125,30.280000686645508,74.54776763916016,1002.1400146484375,0,0,0,0,
202042,29.452133178710938,30.270000457763672,74.55033874511719,1002.1199951171875,0,0,0,0,
202542,29.447555541992188,30.280000686645508,74.55282592773438,1002.1500244140625,0,0,0,0,
203042,29.447364807128906,30.270000457763672,74.55816650390625,1002.1199951171875,0,0,0,0,
203542,29.46319580078125,30.280000686645508,74.49226379394531,1002.1400146484375,0,0,0,0,
204042,29.455184936523438,30.280000686645508,74.56932067871094,1002.1300048828125,0,0,0,0,
204542,29.453086853027344,30.280000686645508,74.57571411132812,1002.1400146484375,0,0,0,0,
205042,29.469871520996094,30.290000915527344,74.61767578125,1002.1400146484375,0,0,0,0,
205542,29.471778869628906,30.290000915527344,74.64399719238281,1002.1400146484375,0,0,0,0,
206042,29.465103149414062,30.290000915527344,74.60041046142578,1002.0900268554688,0,0,0,0,
206542,29.470062255859375,30.299999237060547,74.65277099609375,1002.1199951171875,0,0,0,0,
207042,29.48780059814453,30.309999465942383,74.68003845214844,1002.1400146484375,0,0,0,0,
207542,29.476547241210938,30.309999465942383,74.6805191040039,1002.1300048828125,0,0,0,0,
208042,29.492950439453125,30.309999465942383,74.68929290771484,1002.1199951171875,0,0,0,0,
208542,29.489707946777344,30.31999969482422,74.72868347167969,1002.1500244140625,0,0,0,0,
209042,29.48741912841797,30.309999465942383,74.74737548828125,1002.1199951171875,0,0,0,0,
209542,29.48932647705078,30.309999465942383,74.73020935058594,1002.1500244140625,0,0,0,0,
210042,29.48589324951172,30.31999969482422,74.77188110351562,1002.1300048828125,0,0,0,0,
210542,29.503631591796875,30.329999923706055,74.74832153320312,1002.1599731445312,0,0,0,0,
211042,29.50115203857422,30.329999923706055,74.73869323730469,1002.1599731445312,0,0,0,0,
211542,29.494285583496094,30.329999923706055,74.782470703125,1002.1500244140625,0,0,0,0,
212042,29.489517211914062,30.34000015258789,74.81240844726562,1002.1500244140625,0,0,0,0,
212542,29.514312744140625,30.329999923706055,74.8220443725586,1002.1500244140625,0,0,0,0,
213042,29.508399963378906,30.34000015258789,74.85103607177734,1002.1599731445312,0,0,0,0,
213542,29.51030731201172,30.34000015258789,74.8543701171875,1002.1199951171875,0,0,0,0,
214042,29.511070251464844,30.350000381469727,74.85637664794922,1002.1699829101562,0,0,0,0,
214542,29.523086547851562,30.350000381469727,74.89767456054688,1002.1400146484375,0,0,0,0,
215042,29.504966735839844,30.34000015258789,74.90768432617188,1002.1199951171875,0,0,0,0,
215542,29.51507568359375,30.34000015258789,74.86257934570312,1002.0900268554688,0,0,0,0,
216042,29.51831817626953,30.350000381469727,74.89442443847656,1002.1199951171875,0,0,0,0,
216542,29.52251434326172,30.350000381469727,74.9094009399414,1002.1099853515625,0,0,0,0,
217042,29.530715942382812,30.350000381469727,74.90119934082031,1002.1099853515625,0,0,0,0,
217542,29.543113708496094,30.360000610351562,74.91789245605469,1002.1199951171875,0,0,0,0,
218042,29.534149169921875,30.360000610351562,74.90129089355469,1002.1400146484375,0,0,0,0,
218542,29.5379638671875,30.360000610351562,74.91588592529297,1002.1099853515625,0,0,0,0,
219042,29.536056518554688,30.3700008392334,74.88079071044922,1002.1400146484375,0,0,0,0,
219542,29.540634155273438,30.350000381469727,74.91474151611328,1002.0999755859375,0,0,0,0,
220042,29.54235076904297,30.3700008392334,74.89871978759766,1002.1300048828125,0,0,0,0,
220542,29.549407958984375,30.3799991607666,74.92198944091797,1002.1099853515625,0,0,0,0,
221042,29.521560668945312,30.3700008392334,74.88412475585938,1002.1300048828125,0,0,0,0,
221542,29.553794860839844,30.3799991607666,74.88775634765625,1002.1300048828125,0,0,0,0,
222042,29.546165466308594,30.3799991607666,74.90158081054688,1002.1199951171875,0,0,0,0,
222542,29.549598693847656,30.3799991607666,74.90663146972656,1002.1500244140625,0,0,0,0,
