systime[ms],angle0[deg],angle1[deg],angle0_raw[deg],angle1_raw[deg],angle0_average[deg],angle1_average[deg],err_angle0[-],err_angle1[-],
17450,-30.542526245117188,6.473614692687988,30.0146484375,136.60400390625,3.942436456680298,-27.486982345581055,0,0,
17460,-30.322799682617188,6.847149848937988,30.234375,136.9775390625,3.942436456680298,-27.486982345581055,0,0,
17470,-29.971237182617188,7.198712348937988,30.5859375,137.3291015625,3.942436456680298,-27.486982345581055,0,0,
17480,-28.984683990478516,8.127349853515625,31.0693359375,137.61474609375,3.942436456680298,-27.486982345581055,0,0,
17490,-28.391422271728516,8.347076416015625,31.66259765625,137.83447265625,3.942436456680298,-27.486982345581055,0,0,
17500,-27.622379302978516,8.522857666015625,32.431640625,138.01025390625,3.942436456680298,-27.486982345581055,0,0,
17510,-26.765445709228516,8.588775634765625,33.28857421875,138.076171875,3.942436456680298,-27.486982345581055,0,0,
17520,-25.798648834228516,8.632720947265625,34.25537109375,138.1201171875,3.942436456680298,-27.486982345581055,0,0,
17530,-24.32821273803711,9.168106079101562,35.2880859375,138.1201171875,3.942436456680298,-27.486982345581055,0,0,
17540,-23.27352523803711,9.146133422851562,36.3427734375,138.09814453125,3.942436456680298,-27.486982345581055,0,0,
17550,-21.95516586303711,9.036270141601562,37.6611328125,137.98828125,3.942436456680298,-27.486982345581055,0,0,
17560,-20.63680648803711,8.838516235351562,38.9794921875,137.79052734375,3.942436456680298,-27.486982345581055,0,0,
17570,-19.23055648803711,8.640762329101562,40.3857421875,137.5927734375,3.942436456680298,-27.486982345581055,0,0,
17580,-17.23225212097168,8.823236465454102,41.90185546875,137.3291015625,3.942436456680298,-27.486982345581055,0,0,
17590,-15.78205680847168,8.559564590454102,43.35205078125,137.0654296875,3.942436456680298,-27.486982345581055,0,0,
17600,-14.04621696472168,8.208002090454102,45.087890625,136.7138671875,3.942436456680298,-27.486982345581055,0,0,
17610,-12.37629508972168,7.85644006729126,46.7578125,136.3623046875,3.942436456680298,-27.486982345581055,0,0,
17620,-10.81623649597168,7.46093225479126,48.31787109375,135.966796875,3.942436456680298,-27.486982345581055,0,0,
17630,-9.51347541809082,7.465834617614746,49.2626953125,135.54931640625,3.942436456680298,-27.486982345581055,0,0,
17640,-7.579881191253662,7.026381492614746,51.1962890625,135.10986328125,3.942436456680298,-27.486982345581055,0,0,
17650,-5.844041347503662,6.499037742614746,52.93212890625,134.58251953125,3.942436456680298,-27.486982345581055,0,0,
17660,-3.998338222503662,5.993666648864746,54.77783203125,134.0771484375,3.942436456680298,-27.486982345581055,0,0,
17670,-2.174607753753662,5.444350242614746,56.6015625,133.52783203125,3.942436456680298,-27.486982345581055,0,0,
17680,0.01571059226989746,5.189095973968506,58.4033203125,132.95654296875,3.942436456680298,-27.486982345581055,0,0,
17690,1.6856324672698975,4.617806911468506,60.0732421875,132.38525390625,3.942436456680298,-27.486982345581055,0,0,
17700,3.5972535610198975,3.936654567718506,61.98486328125,131.7041015625,3.942436456680298,-27.486982345581055,0,0,
17710,5.333093643188477,3.277474880218506,63.720703125,131.044921875,3.942436456680298,-27.486982345581055,0,0,
17720,7.068933486938477,2.596322536468506,65.45654296875,130.36376953125,3.942436456680298,-27.486982345581055,0,0,
17730,9.064285278320312,2.189195156097412,67.1484375,129.66064453125,3.942436456680298,-27.486982345581055,0,0,
17740,10.580398559570312,1.5300155878067017,68.66455078125,129.00146484375,3.942436456680298,-27.486982345581055,0,0,
17750,12.250320434570312,0.7829452753067017,70.33447265625,128.25439453125,3.942436456680298,-27.486982345581055,0,0,
17760,13.810379028320312,0.07982027530670166,71.89453125,127.55126953125,3.942436456680298,-27.486982345581055,0,0,
17770,15.260574340820312,-0.6672500371932983,73.3447265625,126.80419921875,3.942436456680298,-27.486982345581055,0,0,
17780,16.890350341796875,-1.1575065851211548,74.70703125,126.05712890625,3.942436456680298,-27.486982345581055,0,0,
17790,18.098846435546875,-1.8386589288711548,75.91552734375,125.3759765625,3.942436456680298,-27.486982345581055,0,0,
17800,19.395233154296875,-2.6516470909118652,77.2119140625,124.56298828125,3.942436456680298,-27.486982345581055,0,0,
17810,20.537811279296875,-3.4206900596618652,78.3544921875,123.7939453125,3.942436456680298,-27.486982345581055,0,0,
17820,21.614471435546875,-4.189733028411865,79.43115234375,123.02490234375,3.942436456680298,-27.486982345581055,0,0,
17830,22.84367561340332,-4.763837814331055,80.39794921875,122.27783203125,3.942436456680298,-27.486982345581055,0,0,
17840,23.63469123840332,-5.466962814331055,81.18896484375,121.57470703125,3.942436456680298,-27.486982345581055,0,0,
17850,24.49162483215332,-6.279951095581055,82.0458984375,120.76171875,3.942436456680298,-27.486982345581055,0,0,
17860,25.19474983215332,-7.048994064331055,82.7490234375,119.99267578125,3.942436456680298,-27.486982345581055,0,0,
17870,25.78801155090332,-7.796064376831055,83.34228515625,119.24560546875,3.942436456680298,-27.486982345581055,0,0,
17880,26.50524139404297,-8.379230499267578,83.78173828125,118.4765625,3.942436456680298,-27.486982345581055,0,0,
17890,26.90074920654297,-9.082355499267578,84.17724609375,117.7734375,3.942436456680298,-27.486982345581055,0,0,
17900,27.18639373779297,-9.939289093017578,84.462890625,116.91650390625,3.942436456680298,-27.486982345581055,0,0,
17910,27.31822967529297,-10.642414093017578,84.5947265625,116.21337890625,3.942436456680298,-27.486982345581055,0,0,
17920,27.36217498779297,-11.213703155517578,84.638671875,115.64208984375,3.942436456680298,-27.486982345581055,0,0,
17930,27.652023315429688,-11.655396461486816,84.66064453125,115.1806640625,3.942436456680298,-27.486982345581055,0,0,
17940,27.586105346679688,-12.006958961486816,84.5947265625,114.8291015625,3.942436456680298,-27.486982345581055,0,0,
17950,27.278488159179688,-12.248658180236816,84.287109375,114.58740234375,3.942436456680298,-27.486982345581055,0,0,
17960,26.751144409179688,-12.424439430236816,83.759765625,114.41162109375,3.942436456680298,-27.486982345581055,0,0,
17970,26.135910034179688,-12.600220680236816,83.14453125,114.23583984375,3.942436456680298,-27.486982345581055,0,0,
17980,25.595863342285156,-12.202042579650879,82.46337890625,114.2138671875,3.942436456680298,-27.486982345581055,0,0,
17990,24.848793029785156,-12.202042579650879,81.71630859375,114.2138671875,3.942436456680298,-27.486982345581055,0,0,
18000,23.794105529785156,-12.180069923400879,80.66162109375,114.23583984375,1.0554673671722412,-13.799084663391113,0,0,
18010,22.783363342285156,-12.136124610900879,79.65087890625,114.27978515625,1.0554673671722412,-13.799084663391113,0,0,
18020,21.640785217285156,-12.026261329650879,78.50830078125,114.3896484375,1.0554673671722412,-13.799084663391113,0,0,
18030,20.819791793823242,-11.549731254577637,77.36572265625,114.5654296875,1.0554673671722412,-13.799084663391113,0,0,
18040,19.567350387573242,-11.373950004577637,76.11328125,114.7412109375,1.0554673671722412,-13.799084663391113,0,0,
18050,18.117155075073242,-11.044360160827637,74.6630859375,115.07080078125,1.0554673671722412,-13.799084663391113,0,0,
18060,16.864713668823242,-10.780688285827637,73.41064453125,115.33447265625,1.0554673671722412,-13.799084663391113,0,0,
18070,15.502408981323242,-10.538989067077637,72.04833984375,115.576171875,1.0554673671722412,-13.799084663391113,0,0,
18080,14.357200622558594,-10.094295501708984,70.6640625,115.751953125,1.0554673671722412,-13.799084663391113,0,0,
18090,13.016868591308594,-9.852596282958984,69.32373046875,115.99365234375,1.0554673671722412,-13.799084663391113,0,0,
18100,11.412864685058594,-9.523006439208984,67.7197265625,116.3232421875,1.0554673671722412,-13.799084663391113,0,0,
18110,10.006614685058594,-9.281307220458984,66.3134765625,116.56494140625,1.0554673671722412,-13.799084663391113,0,0,
18120,8.468528747558594,-8.995662689208984,64.775390625,116.8505859375,1.0554673671722412,-13.799084663391113,0,0,
18130,6.933187007904053,-8.676492691040039,63.2373046875,117.2021484375,1.0554673671722412,-13.799084663391113,0,0,
18140,5.526937007904053,-8.324930191040039,61.8310546875,117.5537109375,1.0554673671722412,-13.799084663391113,0,0,
18150,3.900960683822632,-7.951394557952881,60.205078125,117.92724609375,1.0554673671722412,-13.799084663391113,0,0,
18160,2.296956777572632,-7.533914089202881,58.60107421875,118.3447265625,1.0554673671722412,-13.799084663391113,0,0,
18170,0.6709802150726318,-7.050515651702881,56.97509765625,118.828125,1.0554673671722412,-13.799084663391113,0,0,
18180,-0.9472429752349854,-6.412602424621582,55.30517578125,119.33349609375,1.0554673671722412,-13.799084663391113,0,0,
18190,-2.4413836002349854,-5.929203987121582,53.81103515625,119.81689453125,1.0554673671722412,-13.799084663391113,0,0,
18200,-4.089332580566406,-5.335942268371582,52.1630859375,120.41015625,1.0554673671722412,-13.799084663391113,0,0,
18210,-4.748512268066406,-4.742680549621582,51.50390625,121.00341796875,1.0554673671722412,-13.799084663391113,0,0,
18220,-6.242652893066406,-4.149418830871582,50.009765625,121.5966796875,1.0554673671722412,-13.799084663391113,0,0,
18230,-7.49397611618042,-3.314666986465454,48.58154296875,122.2119140625,1.0554673671722412,-13.799084663391113,0,0,
18240,-8.834308624267578,-2.677459955215454,47.2412109375,122.84912109375,1.0554673671722412,-13.799084663391113,0,0,
18250,-10.218585968017578,-1.996307611465454,45.85693359375,123.5302734375,1.0554673671722412,-13.799084663391113,0,0,
18260,-11.471027374267578,-1.425018548965454,44.6044921875,124.1015625,1.0554673671722412,-13.799084663391113,0,0,
18270,-12.679523468017578,-0.8097841739654541,43.39599609375,124.716796875,1.0554673671722412,-13.799084663391113,0,0,
18280,-13.720702171325684,-0.12777358293533325,42.20947265625,125.35400390625,1.0554673671722412,-13.799084663391113,0,0,
18290,-14.665526390075684,0.46548813581466675,41.2646484375,125.947265625,1.0554673671722412,-13.799084663391113,0,0,
18300,-15.588377952575684,1.1026952266693115,40.341796875,126.58447265625,1.0554673671722412,-13.799084663391113,0,0,
18310,-16.511228561401367,1.7399022579193115,39.4189453125,127.2216796875,1.0554673671722412,-13.799084663391113,0,0,
18320,-17.236326217651367,2.3331639766693115,38.69384765625,127.81494140625,1.0554673671722412,-13.799084663391113,0,0,
18330,-17.72292709350586,2.9758400917053223,38.0126953125,128.43017578125,1.0554673671722412,-13.799084663391113,0,0,
18340,-18.27224349975586,3.5031838417053223,37.46337890625,128.95751953125,1.0554673671722412,-13.799084663391113,0,0,
18350,-18.73366928100586,4.008554935455322,37.001953125,129.462890625,1.0554673671722412,-13.799084663391113,0,0,
18360,-19.08523178100586,4.404062747955322,36.650390625,129.8583984375,1.0554673671722412,-13.799084663391113,0,0,
18370,-19.32693099975586,4.755625247955322,36.40869140625,130.2099609375,1.0554673671722412,-13.799084663391113,0,0,
18380,-19.356552124023438,4.986817359924316,36.23291015625,130.60546875,1.0554673671722412,-13.799084663391113,0,0,
18390,-19.400497436523438,5.316407203674316,36.18896484375,130.93505859375,1.0554673671722412,-13.799084663391113,0,0,
18400,-19.378524780273438,5.711915016174316,36.2109375,131.33056640625,1.0554673671722412,-13.799084663391113,0,0,
18410,-19.180770874023438,6.063477516174316,36.40869140625,131.68212890625,1.0554673671722412,-13.799084663391113,0,0,
18420,-18.917098999023438,6.327149391174316,36.67236328125,131.94580078125,1.0554673671722412,-13.799084663391113,0,0,
18430,-18.313053131103516,6.480676174163818,37.15576171875,132.2314453125,1.0554673671722412,-13.799084663391113,0,0,
18440,-17.807682037353516,6.678430080413818,37.6611328125,132.42919921875,1.0554673671722412,-13.799084663391113,0,0,
18450,-17.214420318603516,6.920129299163818,38.25439453125,132.6708984375,1.0554673671722412,-13.799084663391113,0,0,
18460,-16.533267974853516,7.073937892913818,38.935546875,132.82470703125,1.0554673671722412,-13.799084663391113,0,0,
18470,-15.742252349853516,7.183801174163818,39.7265625,132.9345703125,1.0554673671722412,-13.799084663391113,0,0,
18480,-14.859708786010742,7.045294284820557,40.53955078125,133.04443359375,1.0554673671722412,-13.799084663391113,0,0,
18490,-14.002775192260742,7.111212253570557,41.396484375,133.1103515625,1.0554673671722412,-13.799084663391113,0,0,
18500,-12.992033004760742,7.177130222320557,42.4072265625,133.17626953125,1.0554673671722412,-13.799084663391113,0,0,
18510,-12.025236129760742,7.199102878570557,43.3740234375,133.1982421875,1.0554673671722412,-13.799084663391113,0,0,
18520,-10.970548629760742,7.243048191070557,44.4287109375,133.2421875,1.0554673671722412,-13.799084663391113,0,0,
18530,-9.875289916992188,7.203344345092773,45.41748046875,133.26416015625,1.0554673671722412,-13.799084663391113,0,0,
18540,-9.304000854492188,7.203344345092773,45.98876953125,133.26416015625,1.0554673671722412,-13.799084663391113,0,0,
18550,-8.183395385742188,7.203344345092773,47.109375,133.26416015625,1.0554673671722412,-13.799084663391113,0,0,
18560,-7.2385711669921875,7.159399032592773,48.05419921875,133.22021484375,1.0554673671722412,-13.799084663391113,0,0,
18570,-6.0740203857421875,7.093481063842773,49.21875,133.154296875,1.0554673671722412,-13.799084663391113,0,0,
18580,-4.578779220581055,6.969046115875244,50.47119140625,133.0224609375,1.0554673671722412,-13.799084663391113,0,0,
18590,-3.3922557830810547,6.859182834625244,51.65771484375,132.91259765625,1.0554673671722412,-13.799084663391113,0,0,
18600,-2.0738964080810547,6.683401584625244,52.97607421875,132.73681640625,1.0554673671722412,-13.799084663391113,0,0,
18610,-0.7994824647903442,6.485647678375244,54.25048828125,132.5390625,1.0554673671722412,-13.799084663391113,0,0,
18620,0.49690425395965576,6.265921115875244,55.546875,132.3193359375,1.0554673671722412,-13.799084663391113,0,0,
18630,1.9266579151153564,5.996593952178955,56.84326171875,132.07763671875,1.0554673671722412,-13.799084663391113,0,0,
18640,3.2889626026153564,5.732922077178955,58.20556640625,131.81396484375,1.0554673671722412,-13.799084663391113,0,0,
18650,4.519431114196777,5.425304889678955,59.43603515625,131.50634765625,1.0554673671722412,-13.799084663391113,0,0,
18660,5.837790489196777,5.095715045928955,60.75439453125,131.1767578125,1.0554673671722412,-13.799084663391113,0,0,
18670,7.112204551696777,4.766125202178955,62.02880859375,130.84716796875,1.0554673671722412,-13.799084663391113,0,0,
18680,8.472307205200195,4.461799621582031,63.21533203125,130.45166015625,1.0554673671722412,-13.799084663391113,0,0,
18690,9.570940017700195,4.088264465332031,64.31396484375,130.078125,1.0554673671722412,-13.799084663391113,0,0,
18700,10.801408767700195,3.6268386840820312,65.54443359375,129.61669921875,1.0554673671722412,-13.799084663391113,0,0,
18710,11.943986892700195,3.1434402465820312,66.68701171875,129.13330078125,1.0554673671722412,-13.799084663391113,0,0,
18720,13.042619705200195,2.6600418090820312,67.78564453125,128.64990234375,1.0554673671722412,-13.799084663391113,0,0,
18730,14.287840843200684,2.0781643390655518,68.8623046875,128.12255859375,1.0554673671722412,-13.799084663391113,0,0,
18740,15.210692405700684,1.6167385578155518,69.78515625,127.6611328125,1.0554673671722412,-13.799084663391113,0,0,
18750,16.265380859375,1.0893948078155518,70.83984375,127.1337890625,1.0554673671722412,-13.799084663391113,0,0,
18760,17.188232421875,0.5620511174201965,71.7626953125,126.6064453125,1.0554673671722412,-13.799084663391113,0,0,
18770,18.089111328125,0.05668002367019653,72.66357421875,126.10107421875,1.0554673671722412,-13.799084663391113,0,0,
18780,19.202817916870117,-0.5056498050689697,73.67431640625,125.57373046875,1.0554673671722412,-13.799084663391113,0,0,
18790,19.840024948120117,-0.9890482425689697,74.3115234375,125.09033203125,1.0554673671722412,-13.799084663391113,0,0,
18800,20.609067916870117,-1.5383646488189697,75.08056640625,124.541015625,1.0554673671722412,-13.799084663391113,0,0,
18810,21.378110885620117,-1.9997904300689697,75.849609375,124.07958984375,1.0554673671722412,-13.799084663391113,0,0,
18820,22.103208541870117,-2.5051615238189697,76.57470703125,123.57421875,1.0554673671722412,-13.799084663391113,0,0,
18830,22.76474952697754,-3.0182623863220215,77.23388671875,123.11279296875,1.0554673671722412,-13.799084663391113,0,0,
18840,23.33603858947754,-3.3917975425720215,77.80517578125,122.7392578125,1.0554673671722412,-13.799084663391113,0,0,
18850,24.03916358947754,-3.8532233238220215,78.50830078125,122.27783203125,1.0554673671722412,-13.799084663391113,0,0,
18860,24.54453468322754,-4.2487311363220215,79.013671875,121.88232421875,1.0554673671722412,-13.799084663391113,0,0,
18870,25.04990577697754,-4.6222662925720215,79.51904296875,121.5087890625,1.0554673671722412,-13.799084663391113,0,0,
18880,25.126649856567383,-4.962353229522705,79.892578125,121.13525390625,1.0554673671722412,-13.799084663391113,0,0,
18890,25.434267044067383,-5.269970417022705,80.2001953125,120.82763671875,1.0554673671722412,-13.799084663391113,0,0,
18900,25.741884231567383,-5.621532917022705,80.5078125,120.47607421875,1.0554673671722412,-13.799084663391113,0,0,
18910,25.961610794067383,-5.929150104522705,80.7275390625,120.16845703125,1.0554673671722412,-13.799084663391113,0,0,
18920,26.093446731567383,-6.192821979522705,80.859375,119.90478515625,1.0554673671722412,-13.799084663391113,0,0,
18930,25.899341583251953,-6.481800556182861,80.859375,119.68505859375,1.0554673671722412,-13.799084663391113,0,0,
18940,25.899341583251953,-6.635609149932861,80.859375,119.53125,1.0554673671722412,-13.799084663391113,0,0,
18950,25.811450958251953,-6.789417743682861,80.771484375,119.37744140625,1.0554673671722412,-13.799084663391113,0,0,
18960,25.635669708251953,-6.899281024932861,80.595703125,119.267578125,1.0554673671722412,-13.799084663391113,0,0,
18970,25.350025177001953,-6.921253681182861,80.31005859375,119.24560546875,1.0554673671722412,-13.799084663391113,0,0,
18980,24.737716674804688,-6.9463677406311035,79.9365234375,119.2236328125,1.0554673671722412,-13.799084663391113,0,0,
18990,24.320236206054688,-6.9463677406311035,79.51904296875,119.2236328125,1.0554673671722412,-13.799084663391113,0,0,
19000,23.770919799804688,-6.8365044593811035,78.9697265625,119.33349609375,1.0554673671722412,-13.799084663391113,0,0,
19010,23.155685424804688,-6.7046685218811035,78.3544921875,119.46533203125,1.0554673671722412,-13.799084663391113,0,0,
19020,22.452560424804688,-6.5508599281311035,77.6513671875,119.619140625,1.0554673671722412,-13.799084663391113,0,0,
19030,21.503469467163086,-6.289592266082764,76.904296875,119.81689453125,1.0554673671722412,-13.799084663391113,0,0,
19040,20.668508529663086,-6.069865703582764,76.0693359375,120.03662109375,1.0554673671722412,-13.799084663391113,0,0,
19050,19.635793685913086,-5.784221172332764,75.03662109375,120.322265625,1.0554673671722412,-13.799084663391113,0,0,
19060,18.581106185913086,-5.520549297332764,73.98193359375,120.5859375,1.0554673671722412,-13.799084663391113,0,0,
19070,17.460500717163086,-5.190959453582764,72.861328125,120.91552734375,1.0554673671722412,-13.799084663391113,0,0,
19080,16.092058181762695,-4.938497066497803,71.65283203125,121.2451171875,1.0554673671722412,-13.799084663391113,0,0,
19090,14.883561134338379,-4.608907222747803,70.4443359375,121.57470703125,1.0554673671722412,-13.799084663391113,0,0,
19100,13.411393165588379,-4.191426753997803,68.97216796875,121.9921875,1.0554673671722412,-13.799084663391113,0,0,
19110,12.049088478088379,-3.7519736289978027,67.60986328125,122.431640625,1.0554673671722412,-13.799084663391113,0,0,
19120,10.620865821838379,-3.3344931602478027,66.181640625,122.84912109375,1.0554673671722412,-13.799084663391113,0,0,
19130,9.114754676818848,-2.854243755340576,64.70947265625,123.310546875,1.0554673671722412,-13.799084663391113,0,0,
19140,7.7085041999816895,-2.392817974090576,63.30322265625,123.77197265625,1.0554673671722412,-13.799084663391113,0,0,
19150,6.0605549812316895,-1.8215289115905762,61.6552734375,124.34326171875,1.0554673671722412,-13.799084663391113,0,0,
19160,4.4565510749816895,-1.2062945365905762,60.05126953125,124.95849609375,1.0554673671722412,-13.799084663391113,0,0,
19170,2.8525471687316895,-0.591060221195221,58.447265625,125.57373046875,1.0554673671722412,-13.799084663391113,0,0,
19180,1.111554503440857,0.14520291984081268,56.8212890625,126.2109375,1.0554673671722412,-13.799084663391113,0,0,
19190,-0.42653143405914307,0.7384646534919739,55.283203125,126.80419921875,1.0554673671722412,-13.799084663391113,0,0,
19200,-2.2063164710998535,1.485534906387329,53.50341796875,127.55126953125,1.0554673671722412,-13.799084663391113,0,0,
19210,-3.7444024085998535,2.188659906387329,51.96533203125,128.25439453125,1.0554673671722412,-13.799084663391113,0,0,
19220,-4.6013360023498535,2.913757562637329,51.1083984375,128.9794921875,1.0554673671722412,-13.799084663391113,0,0,
19230,-6.215054988861084,3.799112558364868,49.41650390625,129.7265625,1.0554673671722412,-13.799084663391113,0,0,
19240,-7.555387020111084,4.502237796783447,48.076171875,130.4296875,1.0554673671722412,-13.799084663391113,0,0,
19250,-9.203335762023926,5.381144046783447,46.42822265625,131.30859375,1.0554673671722412,-13.799084663391113,0,0,
19260,-10.719449043273926,6.238077640533447,44.912109375,132.16552734375,1.0554673671722412,-13.799084663391113,0,0,
19270,-12.191617012023926,7.029093265533447,43.43994140625,132.95654296875,1.0554673671722412,-13.799084663391113,0,0,
19280,-13.552837371826172,8.126440048217773,42.0556640625,133.79150390625,1.0554673671722412,-13.799084663391113,0,0,
19290,-14.783306121826172,8.851537704467773,40.8251953125,134.5166015625,1.0554673671722412,-13.799084663391113,0,0,
19300,-16.123638153076172,9.686498641967773,39.48486328125,135.3515625,1.0554673671722412,-13.799084663391113,0,0,
19310,-17.266216278076172,10.389623641967773,38.34228515625,136.0546875,1.0554673671722412,-13.799084663391113,0,0,
19320,-18.496685028076172,11.180639266967773,37.11181640625,136.845703125,1.0554673671722412,-13.799084663391113,0,0,
19330,-19.466999053955078,12.096141815185547,36.05712890625,137.5048828125,1.0554673671722412,-13.799084663391113,0,0,
19340,-20.565631866455078,12.821239471435547,34.95849609375,138.22998046875,1.0554673671722412,-13.799084663391113,0,0,
19350,-21.576374053955078,13.480419158935547,33.94775390625,138.88916015625,1.0554673671722412,-13.799084663391113,0,0,
19360,-22.389362335205078,14.073680877685547,33.134765625,139.482421875,1.0554673671722412,-13.799084663391113,0,0,
19370,-23.202350616455078,14.688915252685547,32.32177734375,140.09765625,1.0554673671722412,-13.799084663391113,0,0,
19380,-23.66419219970703,15.414321899414062,31.640625,140.64697265625,1.0554673671722412,-13.799084663391113,0,0,
19390,-24.21350860595703,15.941665649414062,31.09130859375,141.17431640625,1.0554673671722412,-13.799084663391113,0,0,
19400,-24.63098907470703,16.469009399414062,30.673828125,141.70166015625,1.0554673671722412,-13.799084663391113,0,0,
19410,-24.87268829345703,16.952407836914062,30.43212890625,142.18505859375,1.0554673671722412,-13.799084663391113,0,0,
19420,-25.07044219970703,17.457778930664062,30.234375,142.6904296875,1.0554673671722412,-13.799084663391113,0,0,
19430,-24.95479393005371,18.07903289794922,30.16845703125,143.0859375,1.0554673671722412,-13.799084663391113,0,0,
19440,-24.95479393005371,18.43059539794922,30.16845703125,143.4375,1.0554673671722412,-13.799084663391113,0,0,
19450,-24.75704002380371,18.78215789794922,30.3662109375,143.7890625,1.0554673671722412,-13.799084663391113,0,0,
19460,-24.40547752380371,19.08977508544922,30.7177734375,144.0966796875,1.0554673671722412,-13.799084663391113,0,0,
19470,-23.92207908630371,19.26555633544922,31.201171875,144.2724609375,1.0554673671722412,-13.799084663391113,0,0,
19480,-23.18233871459961,19.647964477539062,31.70654296875,144.4921875,1.0554673671722412,-13.799084663391113,0,0,
19490,-22.61104965209961,19.801773071289062,32.27783203125,144.64599609375,1.0554673671722412,-13.799084663391113,0,0,
19500,-21.79806137084961,19.933609008789062,33.0908203125,144.77783203125,1.0554673671722412,-13.799084663391113,0,0,
19510,-20.87520980834961,19.999526977539062,34.013671875,144.84375,1.0554673671722412,-13.799084663391113,0,0,
19520,-19.82052230834961,20.021499633789062,35.068359375,144.86572265625,1.0554673671722412,-13.799084663391113,0,0,
19530,-18.539026260375977,20.21857261657715,36.14501953125,144.86572265625,1.0554673671722412,-13.799084663391113,0,0,
19540,-17.484338760375977,20.13068199157715,37.19970703125,144.77783203125,1.0554673671722412,-13.799084663391113,0,0,
19550,-16.231897354125977,19.93292808532715,38.4521484375,144.580078125,1.0554673671722412,-13.799084663391113,0,0,
19560,-14.957483291625977,19.71320152282715,39.7265625,144.3603515625,1.0554673671722412,-13.799084663391113,0,0,
19570,-13.573205947875977,19.36163902282715,41.11083984375,144.0087890625,1.0554673671722412,-13.799084663391113,0,0,
19580,-11.868062973022461,19.064754486083984,42.5390625,143.59130859375,1.0554673671722412,-13.799084663391113,0,0,
19590,-10.483785629272461,18.603328704833984,43.92333984375,143.1298828125,1.0554673671722412,-13.799084663391113,0,0,
19600,-8.901754379272461,18.075984954833984,45.50537109375,142.6025390625,1.0554673671722412,-13.799084663391113,0,0,
19610,-7.385641098022461,17.460750579833984,47.021484375,141.9873046875,1.0554673671722412,-13.799084663391113,0,0,
19620,-6.001363754272461,16.779598236083984,48.40576171875,141.30615234375,1.0554673671722412,-13.799084663391113,0,0,
19630,-5.1201372146606445,16.070966720581055,49.1748046875,140.5810546875,1.0554673671722412,-13.799084663391113,0,0,
19640,-3.5161333084106445,15.323896408081055,50.77880859375,139.833984375,1.0554673671722412,-13.799084663391113,0,0,
19650,-2.0439653396606445,14.357099533081055,52.2509765625,138.8671875,1.0554673671722412,-13.799084663391113,0,0,
19660,-0.5058794021606445,13.412275314331055,53.7890625,137.92236328125,1.0554673671722412,-13.799084663391113,0,0,
19670,0.9443159103393555,12.379560470581055,55.2392578125,136.8896484375,1.0554673671722412,-13.799084663391113,0,0,
19680,2.556236505508423,11.172855377197266,56.6455078125,135.791015625,1.0554673671722412,-13.799084663391113,0,0,
19690,3.852623224258423,10.118167877197266,57.94189453125,134.736328125,1.0554673671722412,-13.799084663391113,0,0,
19700,5.192955017089844,8.865726470947266,59.2822265625,133.48388671875,1.0554673671722412,-13.799084663391113,0,0,
19710,6.423423767089844,7.635257720947266,60.5126953125,132.25341796875,1.0554673671722412,-13.799084663391113,0,0,
19720,7.609947204589844,6.382816314697266,61.69921875,131.0009765625,1.0554673671722412,-13.799084663391113,0,0,
19730,9.010607719421387,4.929264545440674,62.77587890625,129.6826171875,1.0554673671722412,-13.799084663391113,0,0,
19740,9.977404594421387,3.720768451690674,63.74267578125,128.47412109375,1.0554673671722412,-13.799084663391113,0,0,
19750,11.032092094421387,2.336491107940674,64.79736328125,127.08984375,1.0554673671722412,-13.799084663391113,0,0,
19760,11.932971000671387,1.1060222387313843,65.6982421875,125.859375,1.0554673671722412,-13.799084663391113,0,0,
19770,12.723986625671387,-0.16839182376861572,66.4892578125,124.5849609375,1.0554673671722412,-13.799084663391113,0,0,
19780,13.854349136352539,-1.383561134338379,67.2802734375,123.3984375,1.0554673671722412,-13.799084663391113,0,0,
19790,14.513528823852539,-2.460221290588379,67.939453125,122.32177734375,1.0554673671722412,-13.799084663391113,0,0,
19800,15.150735855102539,-3.690690040588379,68.57666015625,121.09130859375,1.0554673671722412,-13.799084663391113,0,0,
19810,15.765970230102539,-4.767350196838379,69.19189453125,120.0146484375,1.0554673671722412,-13.799084663391113,0,0,
19820,16.29331398010254,-5.778092384338379,69.71923828125,119.00390625,1.0554673671722412,-13.799084663391113,0,0,
19830,17.014469146728516,-6.696436882019043,70.15869140625,117.9931640625,1.0554673671722412,-13.799084663391113,0,0,
19840,17.344058990478516,-7.597315788269043,70.48828125,117.09228515625,1.0554673671722412,-13.799084663391113,0,0,
19850,17.695621490478516,-8.564112663269043,70.83984375,116.12548828125,1.0554673671722412,-13.799084663391113,0,0,
19860,17.915348052978516,-9.421046257019043,71.0595703125,115.2685546875,1.0554673671722412,-13.799084663391113,0,0,
19870,18.113101959228516,-10.212061882019043,71.25732421875,114.4775390625,1.0554673671722412,-13.799084663391113,0,0,
19880,18.441638946533203,-10.771686553955078,71.38916015625,113.7744140625,1.0554673671722412,-13.799084663391113,0,0,
19890,18.507556915283203,-11.408893585205078,71.455078125,113.13720703125,1.0554673671722412,-13.799084663391113,0,0,
19900,18.551502227783203,-11.870319366455078,71.4990234375,112.67578125,1.0554673671722412,-13.799084663391113,0,0,
19910,18.595447540283203,-12.309772491455078,71.54296875,112.236328125,1.0554673671722412,-13.799084663391113,0,0,
19920,18.595447540283203,-12.573444366455078,71.54296875,111.97265625,1.0554673671722412,-13.799084663391113,0,0,
19930,18.634605407714844,-12.610482215881348,71.4990234375,111.796875,1.0554673671722412,-13.799084663391113,0,0,
19940,18.458824157714844,-12.654427528381348,71.3232421875,111.7529296875,1.0554673671722412,-13.799084663391113,0,0,
19950,18.261070251464844,-12.698372840881348,71.12548828125,111.708984375,1.0554673671722412,-13.799084663391113,0,0,
19960,18.041343688964844,-12.698372840881348,70.90576171875,111.708984375,1.0554673671722412,-13.799084663391113,0,0,
19970,17.777671813964844,-12.610482215881348,70.64208984375,111.796875,1.0554673671722412,-13.799084663391113,0,0,
19980,17.518768310546875,-12.318784713745117,70.37841796875,111.95068359375,1.0554673671722412,-13.799084663391113,0,0,
19990,17.233123779296875,-12.077085494995117,70.0927734375,112.1923828125,1.0554673671722412,-13.799084663391113,0,0,
20000,16.859588623046875,-11.769468307495117,69.71923828125,112.5,1.0554673671722412,-13.799084663391113,0,0,
