axis,amplitude_bin_lower_deg,amplitude_bin_upper_deg,number_of_period_samples,absolute_deviation_quantile_percent,fraction_within_tolerance,axis_stable_amplitude_cutoff_deg,adopted_common_amplitude_cutoff_deg
IN,5.0,10.0,135,2.3267516152132632,0.23703703703703705,25.0,25.0
IN,10.0,15.0,159,1.3613716709288826,0.6037735849056604,25.0,25.0
IN,15.0,20.0,147,1.0878565066056283,0.7414965986394558,25.0,25.0
IN,20.0,25.0,138,1.0016991225969698,0.7971014492753623,25.0,25.0
IN,25.0,30.0,125,0.88044985056325,0.848,25.0,25.0
IN,30.0,35.0,112,0.7121547264263438,0.9017857142857143,25.0,25.0
IN,35.0,40.0,102,0.6683046515717957,0.9901960784313726,25.0,25.0
IN,40.0,45.0,87,0.5301251293785958,0.9770114942528736,25.0,25.0
IN,45.0,50.0,77,0.4153877889139758,1.0,25.0,25.0
IN,50.0,55.0,71,0.40784732671176765,1.0,25.0,25.0
IN,55.0,60.0,47,0.4930892756896614,0.9787234042553191,25.0,25.0
IN,60.0,65.0,2,0.2444545441628259,1.0,25.0,25.0
OUT,5.0,10.0,120,4.130146428259443,0.025,15.0,25.0
OUT,10.0,15.0,123,1.7482947516512999,0.1951219512195122,15.0,25.0
OUT,15.0,20.0,108,0.892174642652269,0.9074074074074074,15.0,25.0
OUT,20.0,25.0,101,0.5699803140429868,0.9702970297029703,15.0,25.0
OUT,25.0,30.0,89,0.35495970924185544,1.0,15.0,25.0
OUT,30.0,35.0,78,0.2672820514946677,1.0,15.0,25.0
OUT,35.0,40.0,69,0.2411258411803909,1.0,15.0,25.0
OUT,40.0,45.0,64,0.18684958283789446,1.0,15.0,25.0
OUT,45.0,50.0,58,0.2886265914817289,1.0,15.0,25.0
OUT,50.0,55.0,43,0.348624021796276,1.0,15.0,25.0
OUT,55.0,60.0,13,2.6117165806146683,0.6923076923076923,15.0,25.0
