method,factor,old_effect_m_s,new_effect_m_s,difference_m_s
ESO 3-state,I,0.06075434391120016,0.05288083271933919,-0.007873511191860971
ESO 3-state,b,0.004459566416571414,0.0039070989878357,-0.0005524674287357145
ESO 3-state,K,0.07792746704821099,0.07677914885835438,-0.001148318189856612
ESO 3-state,l,0.017844359134058185,0.01786795370045302,2.3594566394835592e-05
ESO 4-state,I,0.0883407964193717,0.08078753970923169,-0.0075532567101400105
ESO 4-state,b,0.00433981594995253,0.0039050264739817764,-0.0004347894759707538
ESO 4-state,K,0.08178495277070325,0.08082098876798194,-0.000963964002721307
ESO 4-state,l,0.01789000714006017,0.017960352750882425,7.034561082225332e-05
RTS 3-state,I,0.08360702042720344,0.07339299854989625,-0.010214021877307189
RTS 3-state,b,0.005702929773307913,0.004491936341086772,-0.0012109934322211413
RTS 3-state,K,0.10862981263987306,0.10798512393727022,-0.0006446887026028414
RTS 3-state,l,0.02372767934664441,0.02340577073442235,-0.00032190861222206046
RTS 4-state,I,0.07516128123807253,0.06557661137022716,-0.009584669867845369
RTS 4-state,b,0.004796577705573429,0.004096101557399118,-0.0007004761481743116
RTS 4-state,K,0.10051030992519225,0.09999800065136055,-0.0005123092738316959
RTS 4-state,l,0.020808333792048522,0.020869460558719855,6.112676667133221e-05
