method,interaction,interaction_rms,interaction_max_abs
ESO 3-state,I:b,0.00015687078971082734,0.00030066448329152395
ESO 3-state,I:K,0.024921630993889016,0.039427557349927866
ESO 3-state,I:l,0.005105226818687419,0.008641144410217572
ESO 3-state,I:tau_f,0.00019974796091436754,0.0003367853141582611
ESO 3-state,b:K,0.0002589495655762308,0.0004890821550931346
ESO 3-state,b:l,0.0005110381143978148,0.0008348764594920399
ESO 3-state,b:tau_f,0.0014227070079847292,0.002140387522549747
ESO 3-state,K:l,0.06706468326954512,0.10267159698380424
ESO 3-state,K:tau_f,0.00010787728742411631,0.00018887506142983845
ESO 3-state,l:tau_f,0.00020050396621532375,0.0003136677834478241
ESO 4-state,I:b,0.00018176769465247548,0.0003418726194707178
ESO 4-state,I:K,0.02475871574131989,0.039950798752716676
ESO 4-state,I:l,0.005886496712044142,0.009786792026168278
ESO 4-state,I:tau_f,0.0002752414272880216,0.00043622262751596974
ESO 4-state,b:K,0.0001963468491775127,0.00036684549541005085
ESO 4-state,b:l,0.0004834744873563611,0.0007833631637205185
ESO 4-state,b:tau_f,0.001369829702801665,0.002058528674794613
ESO 4-state,K:l,0.06213806921001482,0.09497271469425461
ESO 4-state,K:tau_f,9.369831442528795e-05,0.00016109409243580952
ESO 4-state,l:tau_f,0.00018157505939465148,0.00028568662405226153
RTS 3-state,I:b,0.0009424957274229921,0.0018846057716976339
RTS 3-state,I:K,0.034891080700081054,0.054921196207640244
RTS 3-state,I:l,0.009969668339379636,0.016644989079850236
RTS 3-state,I:tau_f,0.00030109071314975274,0.00046618411263260606
RTS 3-state,b:K,0.0010326540577335038,0.0020548789626738395
RTS 3-state,b:l,0.0009099773725017214,0.0014099910126079696
RTS 3-state,b:tau_f,0.002372011027733887,0.0036037401877205277
RTS 3-state,K:l,0.08673697308407394,0.13537620083551816
RTS 3-state,K:tau_f,0.00020568651535025063,0.0003612092138062517
RTS 3-state,l:tau_f,0.0002988497703196126,0.0004809240975450213
RTS 4-state,I:b,0.0004077683567369435,0.0007936974699765398
RTS 4-state,I:K,0.03219465068432397,0.0509763372314877
RTS 4-state,I:l,0.008361557145237416,0.014158531784837947
RTS 4-state,I:tau_f,0.0002431119107877183,0.0004066051804783033
RTS 4-state,b:K,0.0005113066392045778,0.0009806133141700424
RTS 4-state,b:l,0.0006803262254692876,0.0011306149330087
RTS 4-state,b:tau_f,0.0020258546881528265,0.0030477369738972637
RTS 4-state,K:l,0.08295558983970482,0.12850133000084463
RTS 4-state,K:tau_f,0.00013721717143178898,0.00022001345343353185
RTS 4-state,l:tau_f,0.0002669723573223712,0.00042044105828198397
