axis,mean_wind_m_s,frequency_hz,force_amplitude_ratio,force_amplitude_n,angle_fundamental_amplitude_deg,physical_sensitivity_deg_per_n,angle_fundamental_phase_deg,max_absolute_angle_deg,within_60_deg,integration_dt_s,friction
IN,2.0,0.2,0.1,0.0009352691475673192,0.44225968378942265,472.86889013687846,-29.084351775315337,6.912826010784883,True,0.002,"tau*sign(rate), sign(0)=0; no static friction"
IN,2.0,0.3,0.1,0.0009352691475673192,0.63785000585511,681.9962013225701,-29.726246319959724,7.0005271051605495,True,0.002,"tau*sign(rate), sign(0)=0; no static friction"
IN,2.0,0.4,0.1,0.0009352691475673192,0.8040538031199504,859.7031188416016,-30.88363869523032,7.12654023665759,True,0.002,"tau*sign(rate), sign(0)=0; no static friction"
IN,2.0,0.5,0.1,0.0009352691475673192,0.9274367900092377,991.6255576499515,-32.49561236148958,7.26773719645297,True,0.002,"tau*sign(rate), sign(0)=0; no static friction"
IN,2.0,0.6,0.1,0.0009352691475673192,0.9948355456936011,1063.6890442512906,-34.80233100535607,7.409384012983254,True,0.002,"tau*sign(rate), sign(0)=0; no static friction"
IN,2.0,0.7,0.1,0.0009352691475673192,1.1205423473315115,1198.096131200411,-36.268752901543934,7.631375602457112,True,0.002,"tau*sign(rate), sign(0)=0; no static friction"
IN,2.0,0.8,0.1,0.0009352691475673192,1.4457252409836856,1545.7852370561861,-36.95354318415936,8.053104454079854,True,0.002,"tau*sign(rate), sign(0)=0; no static friction"
IN,2.0,0.85,0.1,0.0009352691475673192,1.7812399842966193,1904.521269550815,-36.86360247958232,8.447529962050538,True,0.002,"tau*sign(rate), sign(0)=0; no static friction"
IN,2.0,0.9,0.1,0.0009352691475673192,2.448721542284429,2618.1998504427024,-36.58259835742518,9.161442416033081,True,0.002,"tau*sign(rate), sign(0)=0; no static friction"
IN,2.0,0.925,0.1,0.0009352691475673192,3.069431419201628,3281.8696384729133,-37.166247580277066,9.84350401864769,True,0.002,"tau*sign(rate), sign(0)=0; no static friction"
IN,2.0,0.95,0.1,0.0009352691475673192,4.109210193987879,4393.612474736428,-38.83251869579713,10.96868279498312,True,0.002,"tau*sign(rate), sign(0)=0; no static friction"
IN,2.0,0.975,0.1,0.0009352691475673192,6.142159327076385,6567.263918683132,-45.385495332528876,13.323685736448217,True,0.002,"tau*sign(rate), sign(0)=0; no static friction"
IN,2.0,0.98,0.1,0.0009352691475673192,6.672636577141941,7134.455995365393,-48.503483269762526,14.12655885575598,True,0.002,"tau*sign(rate), sign(0)=0; no static friction"
IN,2.0,0.99,0.1,0.0009352691475673192,7.751482830998411,8287.970207464232,-57.0111595878386,16.332711041529706,True,0.002,"tau*sign(rate), sign(0)=0; no static friction"
IN,2.0,0.995,0.1,0.0009352691475673192,8.25043894338057,8821.45953904324,-62.39245846886148,17.443669998302592,True,0.002,"tau*sign(rate), sign(0)=0; no static friction"
IN,2.0,1.0,0.1,0.0009352691475673192,8.673929933442889,9274.26073660636,-68.4232573222119,18.38498521718297,True,0.002,"tau*sign(rate), sign(0)=0; no static friction"
IN,2.0,1.005,0.1,0.0009352691475673192,8.987462617744121,9609.493311225919,-74.8869299325777,19.09205502082712,True,0.002,"tau*sign(rate), sign(0)=0; no static friction"
IN,2.0,1.01,0.1,0.0009352691475673192,9.17132931390953,9806.085593398013,-81.56098785988145,19.52515219988828,True,0.002,"tau*sign(rate), sign(0)=0; no static friction"
IN,2.0,1.02,0.1,0.0009352691475673192,9.168807275774427,9803.389002644792,-94.91401799997928,19.52345005793448,True,0.002,"tau*sign(rate), sign(0)=0; no static friction"
IN,2.0,1.025,0.1,0.0009352691475673192,9.001101752792385,9624.076423567152,-101.38239663145316,19.105183325263848,True,0.002,"tau*sign(rate), sign(0)=0; no static friction"
IN,2.0,1.05,0.1,0.0009352691475673192,6.810575866220701,7281.942191651828,-128.64416990350497,14.465576185971305,True,0.002,"tau*sign(rate), sign(0)=0; no static friction"
IN,2.0,1.075,0.1,0.0009352691475673192,4.379203720181185,4682.2925053945255,-139.82162338760548,11.283629666762707,True,0.002,"tau*sign(rate), sign(0)=0; no static friction"
IN,2.0,1.1,0.1,0.0009352691475673192,3.026631985190603,3236.108015604942,-142.3753638838602,9.827604357745514,True,0.002,"tau*sign(rate), sign(0)=0; no static friction"
IN,2.0,1.2,0.1,0.0009352691475673192,1.2457149220428767,1331.9320168777535,-142.86297812927893,7.908110250091802,True,0.002,"tau*sign(rate), sign(0)=0; no static friction"
IN,2.0,1.3,0.1,0.0009352691475673192,0.7634515432891144,816.2907386337816,-142.98082983124658,7.345627609690636,True,0.002,"tau*sign(rate), sign(0)=0; no static friction"
IN,2.0,1.4,0.1,0.0009352691475673192,0.5334889053022556,570.4121713946048,-143.07653500568364,7.05456075952333,True,0.002,"tau*sign(rate), sign(0)=0; no static friction"
IN,2.0,1.6,0.1,0.0009352691475673192,0.3175710304520067,339.55041848437367,-143.2063805710533,6.824270245906839,True,0.002,"tau*sign(rate), sign(0)=0; no static friction"
IN,2.0,1.8,0.1,0.0009352691475673192,0.21703893324637097,232.0604008064415,-143.30471275220734,6.679715563292847,True,0.002,"tau*sign(rate), sign(0)=0; no static friction"
IN,2.0,2.0,0.1,0.0009352691475673192,0.16037116713418073,171.47060560194248,-143.35034066647262,6.621626861623954,True,0.002,"tau*sign(rate), sign(0)=0; no static friction"
IN,2.0,0.2,0.25,0.002338172868918298,1.6278965730236967,696.2259269464562,-13.118658997755498,7.972963296340252,True,0.002,"tau*sign(rate), sign(0)=0; no static friction"
IN,2.0,0.3,0.25,0.002338172868918298,1.6784142140130716,717.8315326144176,-11.568349237156372,8.382275570612995,True,0.002,"tau*sign(rate), sign(0)=0; no static friction"
IN,2.0,0.4,0.25,0.002338172868918298,2.0334129084090917,869.658927036393,-12.236344640863916,8.616933598441847,True,0.002,"tau*sign(rate), sign(0)=0; no static friction"
IN,2.0,0.5,0.25,0.002338172868918298,2.170976683013816,928.4928038781704,-13.54264415282564,8.713568807278769,True,0.002,"tau*sign(rate), sign(0)=0; no static friction"
IN,2.0,0.6,0.25,0.002338172868918298,2.4525904510884304,1048.934612017402,-13.954060407696817,9.060696426235092,True,0.002,"tau*sign(rate), sign(0)=0; no static friction"
IN,2.0,0.7,0.25,0.002338172868918298,2.9904611493867677,1278.9735049702444,-13.646517120730097,10.532109511954287,True,0.002,"tau*sign(rate), sign(0)=0; no static friction"
IN,2.0,0.8,0.25,0.002338172868918298,4.091783171581003,1749.9917247239177,-14.923349036062563,12.12152621317973,True,0.002,"tau*sign(rate), sign(0)=0; no static friction"
IN,2.0,0.85,0.25,0.002338172868918298,5.013740453667667,2144.2984478676117,-14.663364690180613,13.868968176707657,True,0.002,"tau*sign(rate), sign(0)=0; no static friction"
IN,2.0,0.9,0.25,0.002338172868918298,7.0457578049569936,3013.3605169307057,-12.201680564632637,16.888566952514765,True,0.002,"tau*sign(rate), sign(0)=0; no static friction"
IN,2.0,0.925,0.25,0.002338172868918298,9.435348070928688,4035.350934207758,-12.290292521707084,19.615021156412844,True,0.002,"tau*sign(rate), sign(0)=0; no static friction"
IN,2.0,0.95,0.25,0.002338172868918298,13.251652795087969,5667.524831565829,-15.532120939154927,24.110328780679133,True,0.002,"tau*sign(rate), sign(0)=0; no static friction"
IN,2.0,0.975,0.25,0.002338172868918298,25.41178945042462,10868.225266073165,-36.09151062632492,34.272411751207514,True,0.002,"tau*sign(rate), sign(0)=0; no static friction"
IN,2.0,0.98,0.25,0.002338172868918298,28.30943753290761,12107.504072615606,-46.418760102075,39.40651241386113,True,0.002,"tau*sign(rate), sign(0)=0; no static friction"
IN,2.0,0.99,0.25,0.002338172868918298,32.067671092145744,13714.841840150646,-69.3152683789511,47.03592291085354,True,0.002,"tau*sign(rate), sign(0)=0; no static friction"
IN,2.0,0.995,0.25,0.002338172868918298,32.770120724032815,14015.268571306775,-80.39178934757007,48.18224426966787,True,0.002,"tau*sign(rate), sign(0)=0; no static friction"
IN,2.0,1.0,0.25,0.002338172868918298,32.875274810097366,14060.241330790208,-90.68926907298952,47.96334660087415,True,0.002,"tau*sign(rate), sign(0)=0; no static friction"
IN,2.0,1.005,0.25,0.002338172868918298,32.553974692679155,13922.826291171323,-100.1297734368142,46.74645063805055,True,0.002,"tau*sign(rate), sign(0)=0; no static friction"
IN,2.0,1.01,0.25,0.002338172868918298,31.90626979744159,13645.813028444853,-108.8131869806722,45.13328081949593,True,0.002,"tau*sign(rate), sign(0)=0; no static friction"
IN,2.0,1.02,0.25,0.002338172868918298,29.74115426414591,12719.826946715437,-124.11687395572883,41.65460569071361,True,0.002,"tau*sign(rate), sign(0)=0; no static friction"
IN,2.0,1.025,0.25,0.002338172868918298,28.33166069650481,12117.008572429379,-130.66554777852264,39.83034454991846,True,0.002,"tau*sign(rate), sign(0)=0; no static friction"
IN,2.0,1.05,0.25,0.002338172868918298,20.195552299618324,8637.322145030848,-154.53793503813486,31.05975552201413,True,0.002,"tau*sign(rate), sign(0)=0; no static friction"
IN,2.0,1.075,0.25,0.002338172868918298,13.000233495613612,5559.996725831427,-162.97883561993424,24.389934918839494,True,0.002,"tau*sign(rate), sign(0)=0; no static friction"
IN,2.0,1.1,0.25,0.002338172868918298,9.435780957637963,4035.5360730890743,-166.8743741872549,20.028049454450766,True,0.002,"tau*sign(rate), sign(0)=0; no static friction"
IN,2.0,1.2,0.25,0.002338172868918298,3.8541442513932855,1648.3572718796952,-164.4044727211488,12.861083322426296,True,0.002,"tau*sign(rate), sign(0)=0; no static friction"
IN,2.0,1.3,0.25,0.002338172868918298,2.464442809435917,1054.0036804789524,-166.4231521570126,10.488637739581659,True,0.002,"tau*sign(rate), sign(0)=0; no static friction"
IN,2.0,1.4,0.25,0.002338172868918298,1.7111718909042222,731.8414791528467,-165.62981989421124,9.542338899879708,True,0.002,"tau*sign(rate), sign(0)=0; no static friction"
IN,2.0,1.6,0.25,0.002338172868918298,1.040664158018843,445.0757990790828,-165.87805323690168,8.23071255700386,True,0.002,"tau*sign(rate), sign(0)=0; no static friction"
IN,2.0,1.8,0.25,0.002338172868918298,0.7199774134758009,307.9230894544089,-165.9674205357696,7.558823125640138,True,0.002,"tau*sign(rate), sign(0)=0; no static friction"
IN,2.0,2.0,0.25,0.002338172868918298,0.535502191308579,229.02591952335706,-166.0090168349835,7.418854730266395,True,0.002,"tau*sign(rate), sign(0)=0; no static friction"
IN,2.0,0.2,0.35,0.003273442016485617,2.311938947237903,706.2715440183699,-9.331547047678015,8.649267222661528,True,0.002,"tau*sign(rate), sign(0)=0; no static friction"
IN,2.0,0.3,0.35,0.003273442016485617,2.3492643440893968,717.6740361546341,-8.275430639564702,9.281413238514512,True,0.002,"tau*sign(rate), sign(0)=0; no static friction"
IN,2.0,0.4,0.35,0.003273442016485617,2.815776405754776,860.1882640883944,-8.857547801011446,9.645246781663067,True,0.002,"tau*sign(rate), sign(0)=0; no static friction"
IN,2.0,0.5,0.35,0.003273442016485617,2.992995289806427,914.3266551639491,-9.800665053808425,9.814802415939777,True,0.002,"tau*sign(rate), sign(0)=0; no static friction"
IN,2.0,0.6,0.35,0.003273442016485617,3.4299564065819252,1047.8133992623284,-10.089015344471802,10.327767457342595,True,0.002,"tau*sign(rate), sign(0)=0; no static friction"
IN,2.0,0.7,0.35,0.003273442016485617,4.203571870103975,1284.1442887743433,-9.458962247221864,12.507016519762887,True,0.002,"tau*sign(rate), sign(0)=0; no static friction"
IN,2.0,0.8,0.35,0.003273442016485617,5.794063470724999,1770.021720728548,-11.223820810534116,14.859952250642513,True,0.002,"tau*sign(rate), sign(0)=0; no static friction"
IN,2.0,0.85,0.35,0.003273442016485617,7.05025701270847,2153.7748269870563,-10.98629613614386,17.568257639544488,True,0.002,"tau*sign(rate), sign(0)=0; no static friction"
IN,2.0,0.9,0.35,0.003273442016485617,9.967768079479,3045.041894519471,-8.145587769142551,22.028815339975488,True,0.002,"tau*sign(rate), sign(0)=0; no static friction"
IN,2.0,0.925,0.35,0.003273442016485617,13.70570692275157,4186.940490690617,-8.944612401176204,26.145091677792596,True,0.002,"tau*sign(rate), sign(0)=0; no static friction"
IN,2.0,0.95,0.35,0.003273442016485617,20.379566379907427,6225.730065561701,-13.14811573646644,33.10463660419496,True,0.002,"tau*sign(rate), sign(0)=0; no static friction"
IN,2.0,0.975,0.35,0.003273442016485617,41.16271660439087,12574.750491100302,-61.212414846563725,57.402363856194704,True,0.002,"tau*sign(rate), sign(0)=0; no static friction"
IN,2.0,0.98,0.35,0.003273442016485617,42.48341418219125,12978.20886034867,-75.53437508170258,59.50084008892635,True,0.002,"tau*sign(rate), sign(0)=0; no static friction"
IN,2.0,0.99,0.35,0.003273442016485617,42.145415643263526,12874.954079226687,-99.13236925607903,57.62612931881841,True,0.002,"tau*sign(rate), sign(0)=0; no static friction"
IN,2.0,0.995,0.35,0.003273442016485617,41.22332218227757,12593.264818704542,-108.42881787936146,56.31971301373811,True,0.002,"tau*sign(rate), sign(0)=0; no static friction"
IN,2.0,1.0,0.35,0.003273442016485617,40.09635273367735,12248.988230659112,-116.30398467432008,54.874167537020135,True,0.002,"tau*sign(rate), sign(0)=0; no static friction"
IN,2.0,1.005,0.35,0.003273442016485617,38.90894170392426,11886.247414181202,-123.06397255598247,53.365384016149605,True,0.002,"tau*sign(rate), sign(0)=0; no static friction"
IN,2.0,1.01,0.35,0.003273442016485617,37.68608328135817,11512.677814839724,-129.0590592306976,51.75887653448226,True,0.002,"tau*sign(rate), sign(0)=0; no static friction"
IN,2.0,1.02,0.35,0.003273442016485617,34.89730844104607,10660.73822762011,-139.48903100043273,48.43670439017131,True,0.002,"tau*sign(rate), sign(0)=0; no static friction"
IN,2.0,1.025,0.35,0.003273442016485617,33.28204433855112,10167.293072838016,-143.96760143384893,46.66606643914148,True,0.002,"tau*sign(rate), sign(0)=0; no static friction"
IN,2.0,1.05,0.35,0.003273442016485617,24.53040991546578,7493.766436651823,-159.58720534277694,38.317522747861915,True,0.002,"tau*sign(rate), sign(0)=0; no static friction"
IN,2.0,1.075,0.35,0.003273442016485617,17.359318100731958,5303.077926325698,-165.72894844672552,31.19430849183605,True,0.002,"tau*sign(rate), sign(0)=0; no static friction"
IN,2.0,1.1,0.35,0.003273442016485617,12.962113014759101,3959.78085131176,-171.15111771178277,26.113083189108178,True,0.002,"tau*sign(rate), sign(0)=0; no static friction"
IN,2.0,1.2,0.35,0.003273442016485617,5.479739123911538,1673.9991410614973,-167.85699462455807,16.050065548334857,True,0.002,"tau*sign(rate), sign(0)=0; no static friction"
IN,2.0,1.3,0.35,0.003273442016485617,3.5208220934255356,1075.571852409198,-170.60850796012505,12.557577701585151,True,0.002,"tau*sign(rate), sign(0)=0; no static friction"
IN,2.0,1.4,0.35,0.003273442016485617,2.433538539581799,743.4188622636603,-169.42746760882696,11.206152202858755,True,0.002,"tau*sign(rate), sign(0)=0; no static friction"
IN,2.0,1.6,0.35,0.003273442016485617,1.481959653770085,452.7221335544303,-169.7790571058038,9.171413544786555,True,0.002,"tau*sign(rate), sign(0)=0; no static friction"
IN,2.0,1.8,0.35,0.003273442016485617,1.026719567216321,313.6513682067942,-169.9144433079212,8.184405140360784,True,0.002,"tau*sign(rate), sign(0)=0; no static friction"
IN,2.0,2.0,0.35,0.003273442016485617,0.7636088127652375,233.27396939355341,-169.99036095771936,7.974872559130861,True,0.002,"tau*sign(rate), sign(0)=0; no static friction"
OUT,2.0,0.2,0.1,0.0009352691475673192,0.01773367891398881,18.961043417410888,-87.34109918762776,6.810118725767605,True,0.002,"tau*sign(rate), sign(0)=0; no static friction"
OUT,2.0,0.3,0.1,0.0009352691475673192,0.011672619487169673,12.480492398932144,-89.6501085259382,6.798092717405573,True,0.002,"tau*sign(rate), sign(0)=0; no static friction"
OUT,2.0,0.4,0.1,0.0009352691475673192,0.008837641058835501,9.449302462101565,-90.30101013644482,6.7924108788058986,True,0.002,"tau*sign(rate), sign(0)=0; no static friction"
OUT,2.0,0.5,0.1,0.0009352691475673192,0.007182549198171289,7.6796601458023614,-90.82418487878225,6.788328923784989,True,0.002,"tau*sign(rate), sign(0)=0; no static friction"
OUT,2.0,0.6,0.1,0.0009352691475673192,0.005997015537929019,6.412074592140187,-90.16221491228607,6.787544072164086,True,0.002,"tau*sign(rate), sign(0)=0; no static friction"
OUT,2.0,0.7,0.1,0.0009352691475673192,0.005129426083707257,5.4844384603610035,-89.67241903133836,6.7856042980252065,True,0.002,"tau*sign(rate), sign(0)=0; no static friction"
OUT,2.0,0.8,0.1,0.0009352691475673192,0.004386001826634278,4.689561115153304,-91.66301074222261,6.783606084788515,True,0.002,"tau*sign(rate), sign(0)=0; no static friction"
OUT,2.0,0.85,0.1,0.0009352691475673192,0.004184914714957272,4.47455657640631,-90.62069428591741,6.783223791575944,True,0.002,"tau*sign(rate), sign(0)=0; no static friction"
OUT,2.0,0.9,0.1,0.0009352691475673192,0.00392309702104354,4.19461823502647,-91.06052370873044,6.783263173426954,True,0.002,"tau*sign(rate), sign(0)=0; no static friction"
OUT,2.0,0.925,0.1,0.0009352691475673192,0.0038957576065293156,4.165386634063972,-91.57214927851084,6.783934920331359,True,0.002,"tau*sign(rate), sign(0)=0; no static friction"
OUT,2.0,0.95,0.1,0.0009352691475673192,0.0037033577038069134,3.9596705541282184,-90.5568037314607,6.782263846887327,True,0.002,"tau*sign(rate), sign(0)=0; no static friction"
OUT,2.0,0.975,0.1,0.0009352691475673192,0.0036396381590671346,3.8915409201019955,-91.35527965478879,6.78328368950842,True,0.002,"tau*sign(rate), sign(0)=0; no static friction"
OUT,2.0,0.98,0.1,0.0009352691475673192,0.003662481525917721,3.915965297737036,-90.5479711142828,6.786933552814161,True,0.002,"tau*sign(rate), sign(0)=0; no static friction"
OUT,2.0,0.99,0.1,0.0009352691475673192,0.0035865607851307286,3.8347900114737543,-89.9854664232375,6.781060374221049,True,0.002,"tau*sign(rate), sign(0)=0; no static friction"
OUT,2.0,0.995,0.1,0.0009352691475673192,0.003549467036814792,3.795128970144187,-89.93828619437437,6.781155661450124,True,0.002,"tau*sign(rate), sign(0)=0; no static friction"
OUT,2.0,1.0,0.1,0.0009352691475673192,0.00351274372387529,3.755864002369915,-90.11228307809841,6.78237989329139,True,0.002,"tau*sign(rate), sign(0)=0; no static friction"
OUT,2.0,1.005,0.1,0.0009352691475673192,0.0035065135582203755,3.749202641123134,-90.36402418289221,6.782335061505116,True,0.002,"tau*sign(rate), sign(0)=0; no static friction"
OUT,2.0,1.01,0.1,0.0009352691475673192,0.0036141896954393214,3.864331144505307,-90.39028449533797,6.781899569519037,True,0.002,"tau*sign(rate), sign(0)=0; no static friction"
OUT,2.0,1.02,0.1,0.0009352691475673192,0.003527623188774577,3.7717732889512043,-90.65589656049167,6.78267211611094,True,0.002,"tau*sign(rate), sign(0)=0; no static friction"
OUT,2.0,1.025,0.1,0.0009352691475673192,0.003416062901370968,3.6524918097173575,-91.60065861945918,6.783115300647034,True,0.002,"tau*sign(rate), sign(0)=0; no static friction"
OUT,2.0,1.05,0.1,0.0009352691475673192,0.0034308932049804696,3.6683485325100165,-91.2363646252951,6.7827064944892586,True,0.002,"tau*sign(rate), sign(0)=0; no static friction"
OUT,2.0,1.075,0.1,0.0009352691475673192,0.003331938679806617,3.5625452720996433,-91.34111700477915,6.780704663872508,True,0.002,"tau*sign(rate), sign(0)=0; no static friction"
OUT,2.0,1.1,0.1,0.0009352691475673192,0.003233523542716739,3.457318731327011,-90.02698781356688,6.781965206549033,True,0.002,"tau*sign(rate), sign(0)=0; no static friction"
OUT,2.0,1.2,0.1,0.0009352691475673192,0.002973844830612813,3.17966741268856,-89.87647251052296,6.781534972332157,True,0.002,"tau*sign(rate), sign(0)=0; no static friction"
OUT,2.0,1.3,0.1,0.0009352691475673192,0.002719376147237837,2.907586713740175,-92.17244375341923,6.779579571737849,True,0.002,"tau*sign(rate), sign(0)=0; no static friction"
OUT,2.0,1.4,0.1,0.0009352691475673192,0.0025238646904402417,2.698543726161541,-90.09874022416427,6.780316969104873,True,0.002,"tau*sign(rate), sign(0)=0; no static friction"
OUT,2.0,1.6,0.1,0.0009352691475673192,0.002252065598985915,2.407933165382016,-91.16619734448017,6.779834710595666,True,0.002,"tau*sign(rate), sign(0)=0; no static friction"
OUT,2.0,1.8,0.1,0.0009352691475673192,0.0020305622968801156,2.1710994125719933,-90.35118759270931,6.779299758564612,True,0.002,"tau*sign(rate), sign(0)=0; no static friction"
OUT,2.0,2.0,0.1,0.0009352691475673192,0.0018105933346501592,1.9359061927356431,-91.79859769617937,6.778474975189768,True,0.002,"tau*sign(rate), sign(0)=0; no static friction"
OUT,2.0,0.2,0.25,0.002338172868918298,1.2194219661502048,521.5277203666906,-25.726062893893538,8.102088426046048,True,0.002,"tau*sign(rate), sign(0)=0; no static friction"
OUT,2.0,0.3,0.25,0.002338172868918298,1.746995825458408,747.1628161807453,-26.373834032519046,8.37417298163068,True,0.002,"tau*sign(rate), sign(0)=0; no static friction"
OUT,2.0,0.4,0.25,0.002338172868918298,2.1790503291813983,931.9457761861235,-27.491936175262754,8.648866384712786,True,0.002,"tau*sign(rate), sign(0)=0; no static friction"
OUT,2.0,0.5,0.25,0.002338172868918298,2.4741055749653724,1058.1362943065715,-29.127318318818695,9.022065924654958,True,0.002,"tau*sign(rate), sign(0)=0; no static friction"
OUT,2.0,0.6,0.25,0.002338172868918298,2.6462931844882225,1131.7782443145315,-31.277953356114697,9.471132374073662,True,0.002,"tau*sign(rate), sign(0)=0; no static friction"
OUT,2.0,0.7,0.25,0.002338172868918298,3.124538873044784,1336.3164522947698,-32.199578767297275,10.231255504950443,True,0.002,"tau*sign(rate), sign(0)=0; no static friction"
OUT,2.0,0.8,0.25,0.002338172868918298,4.281680990581397,1831.2080545876056,-32.67964957653659,11.731561385350314,True,0.002,"tau*sign(rate), sign(0)=0; no static friction"
OUT,2.0,0.85,0.25,0.002338172868918298,5.59234469857372,2391.758442206581,-32.34861421255061,13.281682180813128,True,0.002,"tau*sign(rate), sign(0)=0; no static friction"
OUT,2.0,0.9,0.25,0.002338172868918298,8.596849657658026,3676.7382651374114,-33.43100560745097,16.542979892254294,True,0.002,"tau*sign(rate), sign(0)=0; no static friction"
OUT,2.0,0.925,0.25,0.002338172868918298,11.83447754266014,5061.421120729662,-36.352857788030384,19.941785577552412,True,0.002,"tau*sign(rate), sign(0)=0; no static friction"
OUT,2.0,0.95,0.25,0.002338172868918298,18.323421805951387,7836.641186598105,-50.11991882441999,27.58901069355032,True,0.002,"tau*sign(rate), sign(0)=0; no static friction"
OUT,2.0,0.975,0.25,0.002338172868918298,23.291175290024974,9961.271726157742,-83.73187665221816,37.94125274072433,True,0.002,"tau*sign(rate), sign(0)=0; no static friction"
OUT,2.0,0.98,0.25,0.002338172868918298,23.42326167789419,10017.763010281795,-90.92465808579999,37.86508496243538,True,0.002,"tau*sign(rate), sign(0)=0; no static friction"
OUT,2.0,0.99,0.25,0.002338172868918298,22.761252009209603,9734.63181947688,-104.50936917657846,35.92714765903235,True,0.002,"tau*sign(rate), sign(0)=0; no static friction"
OUT,2.0,0.995,0.25,0.002338172868918298,22.044063138636133,9427.901346248327,-110.56732071361539,34.311025178632505,True,0.002,"tau*sign(rate), sign(0)=0; no static friction"
OUT,2.0,1.0,0.25,0.002338172868918298,21.16314203480685,9051.14515531843,-116.06536024991576,32.456325161817034,True,0.002,"tau*sign(rate), sign(0)=0; no static friction"
OUT,2.0,1.005,0.25,0.002338172868918298,20.17732095842115,8629.524885281782,-121.06127308403704,30.60899885856874,True,0.002,"tau*sign(rate), sign(0)=0; no static friction"
OUT,2.0,1.01,0.25,0.002338172868918298,19.1088642837362,8172.562661107465,-125.58678328160815,28.835358595272616,True,0.002,"tau*sign(rate), sign(0)=0; no static friction"
OUT,2.0,1.02,0.25,0.002338172868918298,16.76315167689574,7169.338033013285,-133.17868220904938,25.59949169729523,True,0.002,"tau*sign(rate), sign(0)=0; no static friction"
OUT,2.0,1.025,0.25,0.002338172868918298,15.552853930302845,6651.712598777188,-136.1327562251159,24.161122557536594,True,0.002,"tau*sign(rate), sign(0)=0; no static friction"
OUT,2.0,1.05,0.25,0.002338172868918298,10.577747985561738,4523.937526678808,-143.7942757055859,18.831549479970782,True,0.002,"tau*sign(rate), sign(0)=0; no static friction"
OUT,2.0,1.075,0.25,0.002338172868918298,7.652455940471435,3272.8358292907865,-146.66932969230572,15.729889341702162,True,0.002,"tau*sign(rate), sign(0)=0; no static friction"
OUT,2.0,1.1,0.25,0.002338172868918298,5.812540759492812,2485.9328567018447,-147.75133103905227,13.79206845518769,True,0.002,"tau*sign(rate), sign(0)=0; no static friction"
OUT,2.0,1.2,0.25,0.002338172868918298,2.874452369366922,1229.3583624964058,-147.01051796347403,10.312468761244963,True,0.002,"tau*sign(rate), sign(0)=0; no static friction"
OUT,2.0,1.3,0.25,0.002338172868918298,1.8610870799567114,795.9578629520668,-147.51675177236874,9.082687638641543,True,0.002,"tau*sign(rate), sign(0)=0; no static friction"
OUT,2.0,1.4,0.25,0.002338172868918298,1.337779052173818,572.1471966239651,-147.5202088105176,8.513514551655334,True,0.002,"tau*sign(rate), sign(0)=0; no static friction"
OUT,2.0,1.6,0.25,0.002338172868918298,0.8218400088322128,351.4881297944485,-147.62524021211118,7.8187199832209275,True,0.002,"tau*sign(rate), sign(0)=0; no static friction"
OUT,2.0,1.8,0.25,0.002338172868918298,0.5700073211221663,243.78322437120192,-147.69588820671325,7.400272753022576,True,0.002,"tau*sign(rate), sign(0)=0; no static friction"
OUT,2.0,2.0,0.25,0.002338172868918298,0.4254713622180025,181.96745325115208,-147.72566939032455,7.316289298284003,True,0.002,"tau*sign(rate), sign(0)=0; no static friction"
OUT,2.0,0.2,0.35,0.003273442016485617,2.246073573125857,686.1504073737199,-21.260563346397742,8.887854166040452,True,0.002,"tau*sign(rate), sign(0)=0; no static friction"
OUT,2.0,0.3,0.35,0.003273442016485617,2.51202348484533,767.3951370436218,-18.64072496664814,9.368157480649602,True,0.002,"tau*sign(rate), sign(0)=0; no static friction"
OUT,2.0,0.4,0.35,0.003273442016485617,3.0797413247547296,940.8266006376844,-19.515965192647947,9.606995644456132,True,0.002,"tau*sign(rate), sign(0)=0; no static friction"
OUT,2.0,0.5,0.35,0.003273442016485617,3.3534294425992925,1024.4352659099643,-21.18160463068538,9.828842333174869,True,0.002,"tau*sign(rate), sign(0)=0; no static friction"
OUT,2.0,0.6,0.35,0.003273442016485617,3.7055753456816936,1132.0119088774993,-22.246978756346262,10.62756656172826,True,0.002,"tau*sign(rate), sign(0)=0; no static friction"
OUT,2.0,0.7,0.35,0.003273442016485617,4.5432103699715185,1387.9000596592607,-22.540037999048252,12.4058970276557,True,0.002,"tau*sign(rate), sign(0)=0; no static friction"
OUT,2.0,0.8,0.35,0.003273442016485617,6.347192651071028,1938.9965116551552,-23.269167389865782,15.050967685941293,True,0.002,"tau*sign(rate), sign(0)=0; no static friction"
OUT,2.0,0.85,0.35,0.003273442016485617,8.336003403149917,2546.5559985997525,-22.534123802836604,17.754528704649218,True,0.002,"tau*sign(rate), sign(0)=0; no static friction"
OUT,2.0,0.9,0.35,0.003273442016485617,13.313582359910507,4067.150813382677,-23.46348658430274,23.314036188572455,True,0.002,"tau*sign(rate), sign(0)=0; no static friction"
OUT,2.0,0.925,0.35,0.003273442016485617,19.459033631627467,5944.517585351574,-27.67734814635573,29.329557433093285,True,0.002,"tau*sign(rate), sign(0)=0; no static friction"
OUT,2.0,0.95,0.35,0.003273442016485617,33.4182825634806,10208.912329951283,-58.56495130026546,47.057190250903645,True,0.002,"tau*sign(rate), sign(0)=0; no static friction"
OUT,2.0,0.975,0.35,0.003273442016485617,35.738467448118534,10917.702915809557,-104.66657987365933,49.60212409097699,True,0.002,"tau*sign(rate), sign(0)=0; no static friction"
OUT,2.0,0.98,0.35,0.003273442016485617,34.912812577127895,10665.474568145997,-111.36428975839377,48.05244676193637,True,0.002,"tau*sign(rate), sign(0)=0; no static friction"
OUT,2.0,0.99,0.35,0.003273442016485617,32.751085309517556,10005.09101568852,-122.96093695884728,44.65715321592786,True,0.002,"tau*sign(rate), sign(0)=0; no static friction"
OUT,2.0,0.995,0.35,0.003273442016485617,31.395448361051194,9590.959058672284,-127.93272122191203,42.90956611107685,True,0.002,"tau*sign(rate), sign(0)=0; no static friction"
OUT,2.0,1.0,0.35,0.003273442016485617,29.905804843241935,9135.889590416193,-132.32574102419423,41.173893660677685,True,0.002,"tau*sign(rate), sign(0)=0; no static friction"
OUT,2.0,1.005,0.35,0.003273442016485617,28.35379068130183,8661.766586518797,-136.18354032993713,39.403728502486615,True,0.002,"tau*sign(rate), sign(0)=0; no static friction"
OUT,2.0,1.01,0.35,0.003273442016485617,26.78881623156136,8183.6843593527165,-139.55218773150565,37.67268194296598,True,0.002,"tau*sign(rate), sign(0)=0; no static friction"
OUT,2.0,1.02,0.35,0.003273442016485617,23.62125756391713,7216.030540622505,-145.13573346065348,34.325777103958536,True,0.002,"tau*sign(rate), sign(0)=0; no static friction"
OUT,2.0,1.025,0.35,0.003273442016485617,22.072239076215705,6742.822681769256,-147.3305227010854,32.84328041102989,True,0.002,"tau*sign(rate), sign(0)=0; no static friction"
OUT,2.0,1.05,0.35,0.003273442016485617,15.676640912140037,4789.038826162118,-153.53081486221112,26.381980321216798,True,0.002,"tau*sign(rate), sign(0)=0; no static friction"
OUT,2.0,1.075,0.35,0.003273442016485617,11.59217843929705,3541.2811288291796,-157.11084772576416,21.968905386493134,True,0.002,"tau*sign(rate), sign(0)=0; no static friction"
OUT,2.0,1.1,0.35,0.003273442016485617,8.775863512033856,2680.928352430591,-157.9105052629372,18.98300118174223,True,0.002,"tau*sign(rate), sign(0)=0; no static friction"
OUT,2.0,1.2,0.35,0.003273442016485617,4.484656060258195,1370.0123715870623,-156.39185864434472,13.33917581099313,True,0.002,"tau*sign(rate), sign(0)=0; no static friction"
OUT,2.0,1.3,0.35,0.003273442016485617,2.920951912522275,892.3182075050846,-157.48475106114574,10.954975805798258,True,0.002,"tau*sign(rate), sign(0)=0; no static friction"
OUT,2.0,1.4,0.35,0.003273442016485617,2.110521110484593,644.7406429854709,-157.21055628896318,10.075425953737005,True,0.002,"tau*sign(rate), sign(0)=0; no static friction"
OUT,2.0,1.6,0.35,0.003273442016485617,1.3061145237381784,399.00340899895616,-157.38367334286022,8.658285566112175,True,0.002,"tau*sign(rate), sign(0)=0; no static friction"
OUT,2.0,1.8,0.35,0.003273442016485617,0.9108617307126008,278.25809228492346,-157.43937443220173,8.003254601003706,True,0.002,"tau*sign(rate), sign(0)=0; no static friction"
OUT,2.0,2.0,0.35,0.003273442016485617,0.6798628580664389,207.69051495109204,-157.4702229126518,7.832195019188999,True,0.002,"tau*sign(rate), sign(0)=0; no static friction"
