segment_id,axis,configuration,direction,intervals,fitted_tau_n_m,angle_rmse_deg,angle_mae_deg,angle_bias_deg,max_abs_angle_residual_deg,half_period_rmse_ms
IN_SP00_N_R01,IN,SP00,N,74,8.257614081739705e-05,0.5801463813171812,0.5076126431735287,-0.0008916984526046828,1.1206554777428315,6.788289111153356
IN_SP00_N_R02,IN,SP00,N,76,8.257614081739705e-05,0.5463715746553505,0.45752915252492,-0.0002728121443735754,1.206407824428289,8.837095023813259
IN_SP00_P_R01,IN,SP00,P,71,8.257614081739705e-05,0.645653750515013,0.46412920407012553,-0.0086024511464919,2.8495781941026115,15.081649931491377
IN_SP00_P_R02,IN,SP00,P,79,8.257614081739705e-05,0.5447215836515299,0.46142542403200326,-0.0007736657263116354,1.2490503383900344,8.443974676540362
IN_SP00_P_R03,IN,SP00,P,75,8.257614081739705e-05,0.5911753545757857,0.4990014979133614,0.0006345537288749344,1.4516911184650956,6.375538515037043
IN_SP01_N_R01,IN,SP01,N,74,8.257614081739705e-05,0.5782198254182367,0.49139549574459096,0.0006005178880630241,1.3489632693500708,10.679037254533606
IN_SP01_N_R02,IN,SP01,N,72,8.257614081739705e-05,0.5450658771820062,0.4703256088457057,0.0012259769375436405,1.194459591447444,8.75111731113873
IN_SP01_P_R01,IN,SP01,P,73,8.257614081739705e-05,0.5309681536622972,0.4506554961911647,0.000836250362119363,1.1689963172242905,8.796852216049562
IN_SP01_P_R02,IN,SP01,P,73,8.257614081739705e-05,0.5603940264279225,0.48505802908840784,-0.0010552438240378694,1.2074830270351704,12.343003320971127
IN_SP02_N_R01,IN,SP02,N,68,8.257614081739705e-05,0.5020809748756029,0.4221953079596589,0.0017479668112079581,1.1351917923465926,10.888740998243772
IN_SP02_P_R01,IN,SP02,P,67,8.257614081739705e-05,0.47868127066232224,0.4054359066917225,0.001707815120879825,1.0288932439284229,10.179698233563615
IN_SP03_N_R01,IN,SP03,N,62,8.257614081739705e-05,0.5765022058236319,0.4916302495233352,0.002021314369573764,1.2592220132330163,14.45877597788054
IN_SP03_P_R01,IN,SP03,P,59,8.257614081739705e-05,0.5591876659811666,0.48053215864618337,0.004203658762998845,1.1874772092578532,5.943923088376183
IN_SP04_N_R01,IN,SP04,N,51,8.257614081739705e-05,0.5121729987104235,0.4285828035473753,-0.0009909718588690703,1.1540237853081574,15.682059118272058
IN_SP04_P_R01,IN,SP04,P,51,8.257614081739705e-05,0.4803732488412619,0.41404841225633904,0.004678287032094846,0.9382470540114937,13.686736702302813
OUT_SP00_N_R01,OUT,SP00,N,46,0.00017519981678067818,0.49460469148880243,0.3720597527253382,-7.808096130646166e-05,1.26110916823801,3.56070255221136
OUT_SP00_N_R02,OUT,SP00,N,44,0.00017519981678067818,0.45193089899859445,0.34147658913052265,-0.003948599837482295,1.2947719752238902,3.845210529845178
OUT_SP00_P_R01,OUT,SP00,P,45,0.00017519981678067818,0.4829890000315756,0.37484901763424644,0.0006661298593189979,1.2963193375464621,3.836831935224549
OUT_SP00_P_R02,OUT,SP00,P,45,0.00017519981678067818,0.5768500571601838,0.40425484830159364,-0.0077896678543940955,2.663003536773948,4.189469761278947
OUT_SP00_P_R03,OUT,SP00,P,45,0.00017519981678067818,0.46321467801664923,0.35042618120234337,0.002479485510521526,1.2549105862769165,3.722099328193745
OUT_SP01_N_R01,OUT,SP01,N,42,0.00017519981678067818,0.45615158086775176,0.3399970182460297,0.0012638598889167783,1.0833587081283425,3.558528310971409
OUT_SP01_N_R02,OUT,SP01,N,44,0.00017519981678067818,0.49419967587416685,0.3897969781488179,-0.0004897341108359609,1.1147577406453113,6.527544496138082
OUT_SP01_N_R04,OUT,SP01,N,43,0.00017519981678067818,0.5229744866052031,0.3784400918782208,0.007998881216228937,1.5217476031319561,3.382967055638638
OUT_SP01_P_R01,OUT,SP01,P,46,0.00017519981678067818,0.5027125883278183,0.3941026523836655,0.012117594612684046,1.2666354713704548,3.8127304371040873
OUT_SP01_P_R02,OUT,SP01,P,43,0.00017519981678067818,0.5195816307420927,0.4090216745846858,0.003919596342139905,1.4675498153467386,3.423624538040815
OUT_SP02_N_R01,OUT,SP02,N,38,0.00017519981678067818,0.4524079004557818,0.3580562483539039,0.0008173014611910252,1.017608051049564,4.043490648869016
OUT_SP02_P_R01,OUT,SP02,P,45,0.00017519981678067818,0.5482522955901833,0.4185811305300871,-0.013169154489557314,1.274340081941984,7.260280671665014
OUT_SP02_P_R02,OUT,SP02,P,41,0.00017519981678067818,0.538784247256251,0.4410337139036432,-0.0034609628469955234,1.1095235904918122,4.405865891043796
OUT_SP03_N_R01,OUT,SP03,N,34,0.00017519981678067818,0.44786859290109343,0.33963763352518606,-0.00045080111864464383,0.997522028202086,7.443331669702089
OUT_SP03_N_R02,OUT,SP03,N,34,0.00017519981678067818,0.44399205137080866,0.3424432907999046,-0.002562380562823165,1.023154947194034,8.549081917710883
OUT_SP03_P_R01,OUT,SP03,P,43,0.00017519981678067818,0.621527257838243,0.5325781193753554,-0.011864362565850705,1.3643850701564935,9.212494289860482
OUT_SP03_P_R02,OUT,SP03,P,34,0.00017519981678067818,0.4124995994684777,0.3084544028321017,0.012384391629075014,0.9826072922168345,8.634518489678431
OUT_SP04_N_R01,OUT,SP04,N,26,0.00017519981678067818,0.43538061196130473,0.3311457799055748,-0.0046964817053320495,0.9681465001092991,15.07104313147319
OUT_SP04_P_R01,OUT,SP04,P,31,0.00017519981678067818,0.6000050043570085,0.4952830033021692,-0.010190016888236859,1.4505152212942538,16.062978252274576
