segment_id,axis,configuration,direction,intervals,tau_direct_ode_n_m,angle_rmse_deg,angle_bias_deg,half_period_rmse_ms
IN_SP00_N_R01,IN,SP00,N,74,8.823799804319556e-05,0.579376456022826,-0.0009031059473101734,6.787752011298772
IN_SP00_N_R02,IN,SP00,N,76,8.823799804319556e-05,0.5461803926359277,-0.00025027385352020305,8.83548008369377
IN_SP00_P_R01,IN,SP00,P,71,8.823799804319556e-05,0.644281462284505,-0.009065773418233305,15.081571068178354
IN_SP00_P_R02,IN,SP00,P,79,8.823799804319556e-05,0.5450250804443048,-0.0012104526506668892,8.443613022689165
IN_SP00_P_R03,IN,SP00,P,75,8.823799804319556e-05,0.5902666298740644,0.0001753783625809957,6.374321697564824
IN_SP01_N_R01,IN,SP01,N,74,8.823799804319556e-05,0.5784941699982825,0.0006275466357149055,10.682257395217325
IN_SP01_N_R02,IN,SP01,N,72,8.823799804319556e-05,0.5455775853208542,0.0012748716295116018,8.757201015587576
IN_SP01_P_R01,IN,SP01,P,73,8.823799804319556e-05,0.5301747982065026,0.0003117884512326183,8.799115386550175
IN_SP01_P_R02,IN,SP01,P,73,8.823799804319556e-05,0.5590425012734704,-0.0015807290598208856,12.346097883087054
IN_SP02_N_R01,IN,SP02,N,68,8.823799804319556e-05,0.5022834102587593,0.0017265505742382287,10.889081663849307
IN_SP02_P_R01,IN,SP02,P,67,8.823799804319556e-05,0.4764943344068193,0.00106532733050291,10.179663857669919
IN_SP03_N_R01,IN,SP03,N,62,8.823799804319556e-05,0.5765744440447719,0.0020801519452843574,14.454596134538297
IN_SP03_P_R01,IN,SP03,P,59,8.823799804319556e-05,0.5560673263546889,0.003331472702739734,5.9325625318936535
IN_SP04_N_R01,IN,SP04,N,51,8.823799804319556e-05,0.5074022223263375,0.00013023993460610096,15.664237916912453
IN_SP04_P_R01,IN,SP04,P,51,8.823799804319556e-05,0.47708224287434553,0.0034837398810307623,13.666160759361498
OUT_SP00_N_R01,OUT,SP00,N,46,0.00015632639438215316,0.4901237363304765,-0.00022440705576474442,3.567331808826684
OUT_SP00_N_R02,OUT,SP00,N,44,0.00015632639438215316,0.4590717445924352,-0.004128578413534148,3.84845666656969
OUT_SP00_P_R01,OUT,SP00,P,45,0.00015632639438215316,0.4966593148541733,0.003207634615190538,3.8451297889683973
OUT_SP00_P_R02,OUT,SP00,P,45,0.00015632639438215316,0.58984113441377,-0.005265072789258989,4.2007386033725425
OUT_SP00_P_R03,OUT,SP00,P,45,0.00015632639438215316,0.4700882600487923,0.005023869508635502,3.7286143617684973
OUT_SP01_N_R01,OUT,SP01,N,42,0.00015632639438215316,0.4341709318462053,0.0010566778019471732,3.534474344724205
OUT_SP01_N_R02,OUT,SP01,N,44,0.00015632639438215316,0.46640024227813154,-0.0006995649116176183,6.514931285270145
OUT_SP01_N_R04,OUT,SP01,N,43,0.00015632639438215316,0.515861069045691,0.005126925729920545,3.3593929226051897
OUT_SP01_P_R01,OUT,SP01,P,46,0.00015632639438215316,0.4885032598386896,0.012393589270099868,3.7933952275076672
OUT_SP01_P_R02,OUT,SP01,P,43,0.00015632639438215316,0.5174564624253101,0.0069990632115403,3.399303443234289
OUT_SP02_N_R01,OUT,SP02,N,38,0.00015632639438215316,0.4199167418844767,0.0006343514129575111,4.040986286146101
OUT_SP02_P_R01,OUT,SP02,P,45,0.00015632639438215316,0.5054985226475979,-0.009857293796528612,7.267159160220564
OUT_SP02_P_R02,OUT,SP02,P,41,0.00015632639438215316,0.5105160992929832,0.0001499516776432604,4.40770094619007
OUT_SP03_N_R01,OUT,SP03,N,34,0.00015632639438215316,0.39905250239879053,-0.0007346088304531664,7.473623801099289
OUT_SP03_N_R02,OUT,SP03,N,34,0.00015632639438215316,0.40429112435533304,-0.0028767482209064673,8.568155266508393
OUT_SP03_P_R01,OUT,SP03,P,43,0.00015632639438215316,0.5100023167380036,-0.007834779496510848,9.232719946166293
OUT_SP03_P_R02,OUT,SP03,P,34,0.00015632639438215316,0.42479071720049705,0.0129623876030227,8.658911335809199
OUT_SP04_N_R01,OUT,SP04,N,26,0.00015632639438215316,0.38467648943116894,-0.005479230507476707,15.116336169505079
OUT_SP04_P_R01,OUT,SP04,P,31,0.00015632639438215316,0.5192541181447827,-0.0033446027180012564,16.101856444007755
