segment_id,axis,configuration,direction,intervals,observed_total_loss_j,tau_method,tau_n_m,predicted_total_loss_j,total_loss_residual_j,half_cycle_rmse_mj
IN_SP00_N_R01,IN,SP00,N,74,0.011010863900630306,half_cycle_fit_tau,8.257614081739705e-05,0.010973034404334602,-3.782949629570383e-05,0.13357261020527383
IN_SP00_N_R01,IN,SP00,N,74,0.011010863900630306,waveform_total_fit_tau,8.377517736954093e-05,0.011058600395225885,4.773649459557938e-05,0.1336229499615182
IN_SP00_N_R02,IN,SP00,N,76,0.011015961251974305,half_cycle_fit_tau,8.257614081739705e-05,0.011138793837775307,0.00012283258580100126,0.1314413489616897
IN_SP00_N_R02,IN,SP00,N,76,0.011015961251974305,waveform_total_fit_tau,8.377517736954093e-05,0.011226062627514159,0.00021010137553985342,0.13150998112441636
IN_SP00_P_R01,IN,SP00,P,71,0.008863377857621604,half_cycle_fit_tau,8.257614081739705e-05,0.008411055592063718,-0.00045232226555788624,0.09580326745528342
IN_SP00_P_R01,IN,SP00,P,71,0.008863377857621604,waveform_total_fit_tau,8.377517736954093e-05,0.00848379521845259,-0.0003795826391690144,0.09571025124707606
IN_SP00_P_R02,IN,SP00,P,79,0.011803158833578102,half_cycle_fit_tau,8.257614081739705e-05,0.011962007930458627,0.00015884909688052527,0.13281021039077437
IN_SP00_P_R02,IN,SP00,P,79,0.011803158833578102,waveform_total_fit_tau,8.377517736954093e-05,0.012054322183456836,0.00025116334987873405,0.13285292795807688
IN_SP00_P_R03,IN,SP00,P,75,0.011790581021211112,half_cycle_fit_tau,8.257614081739705e-05,0.011694633050178784,-9.59479710323282e-05,0.14359795297123418
IN_SP00_P_R03,IN,SP00,P,75,0.011790581021211112,waveform_total_fit_tau,8.377517736954093e-05,0.011784131767748264,-6.449253462848317e-06,0.14361210538554228
IN_SP01_N_R01,IN,SP01,N,74,0.009407034703908494,half_cycle_fit_tau,8.257614081739705e-05,0.009604631036613598,0.00019759633270510432,0.12289704240222403
IN_SP01_N_R01,IN,SP01,N,74,0.009407034703908494,waveform_total_fit_tau,8.377517736954093e-05,0.009691230496301679,0.00028419579239318503,0.12298234696325383
IN_SP01_N_R02,IN,SP01,N,72,0.0090975269890522,half_cycle_fit_tau,8.257614081739705e-05,0.009272236806973483,0.0001747098179212831,0.11276757618140379
IN_SP01_N_R02,IN,SP01,N,72,0.0090975269890522,waveform_total_fit_tau,8.377517736954093e-05,0.009356728445761674,0.00025920145670947463,0.11284937430789149
IN_SP01_P_R01,IN,SP01,P,73,0.00972794053763419,half_cycle_fit_tau,8.257614081739705e-05,0.009567454951993527,-0.00016048558564066284,0.10972887854020628
IN_SP01_P_R01,IN,SP01,P,73,0.00972794053763419,waveform_total_fit_tau,8.377517736954093e-05,0.009653776089892579,-7.416444774161098e-05,0.10970860009175461
IN_SP01_P_R02,IN,SP01,P,73,0.009652036961966953,half_cycle_fit_tau,8.257614081739705e-05,0.009374686754180142,-0.0002773502077868112,0.11535017194224052
IN_SP01_P_R02,IN,SP01,P,73,0.009652036961966953,waveform_total_fit_tau,8.377517736954093e-05,0.009459621176114385,-0.00019241578585256838,0.1153072301206697
IN_SP02_N_R01,IN,SP02,N,68,0.008071761400075927,half_cycle_fit_tau,8.257614081739705e-05,0.008096455007303598,2.4693607227670167e-05,0.09392283925088173
IN_SP02_N_R01,IN,SP02,N,68,0.008071761400075927,waveform_total_fit_tau,8.377517736954093e-05,0.008177618071657684,0.00010585667158175688,0.09396838279425454
IN_SP02_P_R01,IN,SP02,P,67,0.008520296604858393,half_cycle_fit_tau,8.257614081739705e-05,0.008193658692631719,-0.0003266379122266738,0.08887813981438844
IN_SP02_P_R01,IN,SP02,P,67,0.008520296604858393,waveform_total_fit_tau,8.377517736954093e-05,0.008275074854962278,-0.0002452217498961143,0.08879798743733947
IN_SP03_N_R01,IN,SP03,N,62,0.007146838591700089,half_cycle_fit_tau,8.257614081739705e-05,0.007146575050321398,-2.6354137869135513e-07,0.09028055901942011
IN_SP03_N_R01,IN,SP03,N,62,0.007146838591700089,waveform_total_fit_tau,8.377517736954093e-05,0.007223282473082601,7.644388138251194e-05,0.09032282290401311
IN_SP03_P_R01,IN,SP03,P,59,0.0071937644613239565,half_cycle_fit_tau,8.257614081739705e-05,0.006844781236453089,-0.00034898322487086735,0.08674124125534424
IN_SP03_P_R01,IN,SP03,P,59,0.0071937644613239565,waveform_total_fit_tau,8.377517736954093e-05,0.0069183988827247935,-0.000275365578599163,0.08664406387869178
IN_SP04_N_R01,IN,SP04,N,51,0.005674045544578674,half_cycle_fit_tau,8.257614081739705e-05,0.005503395877179642,-0.00017064966739903202,0.06497897905748143
IN_SP04_N_R01,IN,SP04,N,51,0.005674045544578674,waveform_total_fit_tau,8.377517736954093e-05,0.005566927193511726,-0.00010711835106694788,0.06496514366479107
IN_SP04_P_R01,IN,SP04,P,51,0.005522627289518913,half_cycle_fit_tau,8.257614081739705e-05,0.005322060263792698,-0.00020056702572621501,0.05892218849564565
IN_SP04_P_R01,IN,SP04,P,51,0.005522627289518913,waveform_total_fit_tau,8.377517736954093e-05,0.005384151872502258,-0.0001384754170166546,0.05883453730519252
OUT_SP00_N_R01,OUT,SP00,N,46,0.009511707999791515,half_cycle_fit_tau,0.00017519981678067818,0.009613423113971278,0.00010171511417976335,0.11121238471987865
OUT_SP00_N_R01,OUT,SP00,N,46,0.009511707999791515,waveform_total_fit_tau,0.00016842735472886544,0.009339003704705667,-0.00017270429508584734,0.11164749859925295
OUT_SP00_N_R02,OUT,SP00,N,44,0.009399717892258566,half_cycle_fit_tau,0.00017519981678067818,0.009058633744138109,-0.00034108414812045705,0.09961028212951205
OUT_SP00_N_R02,OUT,SP00,N,44,0.009399717892258566,waveform_total_fit_tau,0.00016842735472886544,0.00879871480776738,-0.0006010030844911859,0.10107268097554752
OUT_SP00_P_R01,OUT,SP00,P,45,0.010860052461584729,half_cycle_fit_tau,0.00017519981678067818,0.010268489905630987,-0.0005915625559537417,0.11393872151671733
OUT_SP00_P_R01,OUT,SP00,P,45,0.010860052461584729,waveform_total_fit_tau,0.00016842735472886544,0.009983800429427404,-0.0008762520321573247,0.11587232958671888
OUT_SP00_P_R02,OUT,SP00,P,45,0.010822987025780073,half_cycle_fit_tau,0.00017519981678067818,0.010011447773008877,-0.0008115392527711963,0.14108988499998587
OUT_SP00_P_R02,OUT,SP00,P,45,0.010822987025780073,waveform_total_fit_tau,0.00016842735472886544,0.009731864377559478,-0.0010911226482205952,0.14315809237202212
OUT_SP00_P_R03,OUT,SP00,P,45,0.010013324406191472,half_cycle_fit_tau,0.00017519981678067818,0.009638234923479738,-0.00037508948271173376,0.10327001534322278
OUT_SP00_P_R03,OUT,SP00,P,45,0.010013324406191472,waveform_total_fit_tau,0.00016842735472886544,0.009364569591280365,-0.000648754814911107,0.10499275908818374
OUT_SP01_N_R01,OUT,SP01,N,42,0.0071278837208692426,half_cycle_fit_tau,0.00017519981678067818,0.0075929267710953775,0.00046504305022613494,0.0813978238063164
OUT_SP01_N_R01,OUT,SP01,N,42,0.0071278837208692426,waveform_total_fit_tau,0.00016842735472886544,0.007352511338538398,0.00022462761766915522,0.08105884650526134
OUT_SP01_N_R02,OUT,SP01,N,44,0.00742927081750795,half_cycle_fit_tau,0.00017519981678067818,0.008104619197401556,0.0006753483798936054,0.0852500956303814
OUT_SP01_N_R02,OUT,SP01,N,44,0.00742927081750795,waveform_total_fit_tau,0.00016842735472886544,0.007849461299910777,0.00042019048240282686,0.08455264188616018
OUT_SP01_N_R04,OUT,SP01,N,43,0.00821925794335765,half_cycle_fit_tau,0.00017519981678067818,0.008424534636860572,0.00020527669350292252,0.10592475962748474
OUT_SP01_N_R04,OUT,SP01,N,43,0.00821925794335765,waveform_total_fit_tau,0.00016842735472886544,0.008163612432923632,-5.564551043401797e-05,0.10631408817573261
OUT_SP01_P_R01,OUT,SP01,P,46,0.009005386562572439,half_cycle_fit_tau,0.00017519981678067818,0.009326305454275983,0.00032091889170354423,0.09518152233652381
OUT_SP01_P_R01,OUT,SP01,P,46,0.009005386562572439,waveform_total_fit_tau,0.00016842735472886544,0.009040657932100096,3.527136952765665e-05,0.0957436391196326
OUT_SP01_P_R02,OUT,SP01,P,43,0.008835528571924212,half_cycle_fit_tau,0.00017519981678067818,0.008749920228554166,-8.560834337004511e-05,0.0988928725997026
OUT_SP01_P_R02,OUT,SP01,P,43,0.008835528571924212,waveform_total_fit_tau,0.00016842735472886544,0.008481085738297332,-0.0003544428336268793,0.10033026019831096
OUT_SP02_N_R01,OUT,SP02,N,38,0.006581753902726576,half_cycle_fit_tau,0.00017519981678067818,0.007177446595157784,0.000595692692431208,0.06956426472802144
OUT_SP02_N_R01,OUT,SP02,N,38,0.006581753902726576,waveform_total_fit_tau,0.00016842735472886544,0.00694179323030595,0.0003600393275793737,0.06849533043136898
OUT_SP02_P_R01,OUT,SP02,P,45,0.008212075902224494,half_cycle_fit_tau,0.00017519981678067818,0.009176704844666045,0.0009646289424415505,0.08142712293539779
OUT_SP02_P_R01,OUT,SP02,P,45,0.008212075902224494,waveform_total_fit_tau,0.00016842735472886544,0.008884042622438231,0.0006719667202137371,0.07998596143945975
OUT_SP02_P_R02,OUT,SP02,P,41,0.007362927400432123,half_cycle_fit_tau,0.00017519981678067818,0.00789982464184024,0.0005368972414081172,0.07887575653477379
OUT_SP02_P_R02,OUT,SP02,P,41,0.007362927400432123,waveform_total_fit_tau,0.00016842735472886544,0.007643203758945278,0.00028027635851315437,0.07855365879127567
OUT_SP03_N_R01,OUT,SP03,N,34,0.0057742625689816,half_cycle_fit_tau,0.00017519981678067818,0.006321821371271266,0.0005475588022896662,0.05635434257878201
OUT_SP03_N_R01,OUT,SP03,N,34,0.0057742625689816,waveform_total_fit_tau,0.00016842735472886544,0.006106906281886759,0.00033264371290515904,0.054987957894809876
OUT_SP03_N_R02,OUT,SP03,N,34,0.005810030312299563,half_cycle_fit_tau,0.00017519981678067818,0.006214063812302357,0.0004040335000027942,0.05552464373840067
OUT_SP03_N_R02,OUT,SP03,N,34,0.005810030312299563,waveform_total_fit_tau,0.00016842735472886544,0.006002780188846478,0.00019274987654691478,0.054882512020899527
OUT_SP03_P_R01,OUT,SP03,P,43,0.006047602678146029,half_cycle_fit_tau,0.00017519981678067818,0.0077736100605656205,0.0017260073824195915,0.06757380631179478
OUT_SP03_P_R01,OUT,SP03,P,43,0.006047602678146029,waveform_total_fit_tau,0.00016842735472886544,0.007509134685439088,0.0014615320072930591,0.06364870180851791
OUT_SP03_P_R02,OUT,SP03,P,34,0.006894462141027531,half_cycle_fit_tau,0.00017519981678067818,0.006815830562921513,-7.863157810601793e-05,0.05494529206964603
OUT_SP03_P_R02,OUT,SP03,P,34,0.006894462141027531,waveform_total_fit_tau,0.00016842735472886544,0.006588459995361989,-0.00030600214566554266,0.05695465778557297
OUT_SP04_N_R01,OUT,SP04,N,26,0.004110874756714187,half_cycle_fit_tau,0.00017519981678067818,0.004376693761710659,0.00026581900499647246,0.039185369769356465
OUT_SP04_N_R01,OUT,SP04,N,26,0.004110874756714187,waveform_total_fit_tau,0.00016842735472886544,0.004221421178040366,0.00011054642132617924,0.038571838815331626
OUT_SP04_P_R01,OUT,SP04,P,31,0.004985657403351316,half_cycle_fit_tau,0.00017519981678067818,0.005562300045024887,0.0005766426416735707,0.05365270676259818
OUT_SP04_P_R01,OUT,SP04,P,31,0.004985657403351316,waveform_total_fit_tau,0.00016842735472886544,0.005367373891221307,0.00038171648786999076,0.05238716197312647
