axis,configuration,waveform_count,mean_k_ms_per_s,std_k_ms_per_s,median_k_ms_per_s,mean_r_squared,mean_crossings
IN,BALL,6,-25.15922371,0.5723310195,-25.31133426,0.9989997685,37.83333333
IN,SP00,5,7.94268599,0.7163887977,7.763068623,0.9788830077,74
IN,SP01,4,-7.923730636,0.7237589189,-7.987792421,0.9580067305,73
IN,SP02,2,-2.35424326,0.818674664,-2.35424326,-0.0864275434,67.5
IN,SP03,2,2.038869206,0.8801842685,2.038869206,0.6477420447,60.5
IN,SP04,2,8.869473937,0.3709757333,8.869473937,0.9422124613,50.5
OUT,BALL,6,-23.66952049,0.8610348085,-23.55051863,0.9728063056,25.33333333
OUT,SP00,5,13.26682277,0.8401358005,13.23865486,0.9732561094,44
OUT,SP01,5,-4.956390596,0.5916454393,-5.249045643,0.4149746947,43.4
OUT,SP02,3,-2.15009016,0.6152413184,-2.160023298,-0.1586266089,40
OUT,SP03,4,1.608804888,2.343775718,2.183756101,0.3423838885,34.25
OUT,SP04,2,7.850524183,0.8234782922,7.850524183,0.8307541604,27.5
