held_out_segment_id,axis,training_waveforms,old_model_angle_rmse_deg,refit_model_angle_rmse_deg,refit_to_old_ratio
IN_BALL_P_R01,IN,5,4.1917477,3.4476446,0.8224838
IN_BALL_N_R01,IN,5,3.5372807,3.0751275,0.86934787
IN_BALL_P_R02,IN,5,3.2177919,2.4017483,0.7463964
IN_BALL_N_R02,IN,5,3.1153834,2.4574186,0.78880133
IN_BALL_P_R03,IN,5,4.4434373,3.8311781,0.86221046
IN_BALL_N_R03,IN,5,2.9661312,2.3760652,0.80106544
OUT_BALL_N_R01,OUT,5,3.4847995,3.2928424,0.94491588
OUT_BALL_P_R02,OUT,5,3.9348415,2.7310593,0.69407097
OUT_BALL_N_R02,OUT,5,3.8749148,2.7196415,0.7018584
OUT_BALL_P_R03,OUT,5,4.4946106,3.1755328,0.70652013
OUT_BALL_N_R03,OUT,5,3.4805935,2.7253022,0.78299928
OUT_BALL_P_R04,OUT,5,4.0673148,2.9093623,0.71530295
