axis,method,parameter,training_rmse_m_s
IN,ESO 3状態,0.5,10.014677020356135
IN,ESO 3状態,1.0,12.687570934554888
IN,ESO 3状態,2.0,7.0573873558559574
IN,ESO 3状態,3.0,0.8260855344369725
IN,ESO 3状態,5.0,0.30333915625539876
IN,ESO 3状態,8.0,0.24583908968159632
IN,ESO 3状態,12.0,0.24157191100253178
IN,ESO 3状態,20.0,0.3564037680820687
IN,ESO 3状態,30.0,0.6834684453418484
IN,ESO 3状態,40.0,1.0244460036335166
IN,ESO 3状態,45.0,1.158696037520197
IN,ESO 3状態,49.0,1.2442481982756075
IN,ESO 3状態,49.9,1.2615107323322083
IN,RTS 3状態（オフライン）,1e-06,0.20344399236985525
IN,RTS 3状態（オフライン）,3e-06,0.17346821116514202
IN,RTS 3状態（オフライン）,1e-05,0.154562995337213
IN,RTS 3状態（オフライン）,3e-05,0.13749297986841286
IN,RTS 3状態（オフライン）,0.0001,0.11976933348206797
IN,RTS 3状態（オフライン）,0.0003,0.10585620950026171
IN,RTS 3状態（オフライン）,0.001,0.09525332028492602
IN,RTS 3状態（オフライン）,0.003,0.10026082761489949
IN,RTS 3状態（オフライン）,0.01,0.17095110150259596
IN,RTS 3状態（オフライン）,0.03,0.4392091075904814
IN,RTS 3状態（オフライン）,0.1,1.5103789794238818
IN,RTS 3状態（オフライン）,0.3,3.061256288045659
IN,RTS 3状態（オフライン）,1,4.823154963598837
IN,RTS 3状態（オフライン）,3,6.616138905979228
IN,RTS 3状態（オフライン）,10,8.646708330956525
IN,RTS 3状態（オフライン）,30,10.897043180695514
OUT,ESO 3状態,1.0,40.07254943911865
OUT,ESO 3状態,2.0,85.4511231174202
OUT,ESO 3状態,3.0,16.479116176194097
OUT,ESO 3状態,5.0,22.44952395508139
OUT,ESO 3状態,8.0,14.361914952832867
OUT,ESO 3状態,12.0,0.3819591539041469
OUT,ESO 3状態,20.0,0.4641604777572321
OUT,ESO 3状態,30.0,0.8398760343899796
OUT,ESO 3状態,40.0,1.2043467026744816
OUT,ESO 3状態,45.0,1.338895317175496
OUT,ESO 3状態,49.0,1.4238246832050865
OUT,ESO 3状態,49.9,1.440546048715738
OUT,RTS 3状態（オフライン）,1e-06,0.22875071333595084
OUT,RTS 3状態（オフライン）,3e-06,0.1935221688756415
OUT,RTS 3状態（オフライン）,1e-05,0.16763508197810162
OUT,RTS 3状態（オフライン）,3e-05,0.14231227374133434
OUT,RTS 3状態（オフライン）,0.0001,0.12172675727396322
OUT,RTS 3状態（オフライン）,0.0003,0.10678024195430763
OUT,RTS 3状態（オフライン）,0.001,0.09573040858352516
OUT,RTS 3状態（オフライン）,0.003,0.10096214620859179
OUT,RTS 3状態（オフライン）,0.01,0.17157459253699073
OUT,RTS 3状態（オフライン）,0.03,0.4354723863530965
OUT,RTS 3状態（オフライン）,0.1,1.4796075830676028
OUT,RTS 3状態（オフライン）,0.3,3.056644423976716
OUT,RTS 3状態（オフライン）,1,4.813474087507707
OUT,RTS 3状態（オフライン）,3,6.522698797306193
OUT,RTS 3状態（オフライン）,10,8.97887189583772
