dataset,pole_hz,parameter,factor,n,sse,mse,rmse,mae,bias,corr
am,0.2,I,0.5,13232,1253.2825408925685,0.0947160324132836,0.30775969913762846,0.23514827355114892,0.005680330879452001,0.8238255513490497
am,0.2,I,0.75,13232,1249.384713077977,0.09442145655063311,0.30728074549283607,0.23479576406019906,0.0053066046347134375,0.824485390923136
am,0.2,I,0.9,13232,1247.3198969970065,0.0942654093861099,0.30702672422137767,0.23460993217323783,0.005099590632854976,0.824835419273064
am,0.2,I,1.0,13232,1246.0589812577068,0.09417011647957274,0.30687149831741095,0.2344947082552229,0.004971104584356829,0.825049316961802
am,0.2,I,1.1,13232,1244.840032217812,0.09407799517970161,0.3067213640744668,0.2343805462152845,0.004852607243157321,0.8252562121452286
am,0.2,I,1.25,13232,1243.0992417493796,0.0939464360451466,0.30650682870883417,0.23420956200856788,0.0046959497229188,0.8255520737813882
am,0.2,I,1.5,13232,1240.614249501901,0.09375863433357777,0.3062003173309554,0.2339438205476326,0.004470583155306854,0.8259761768122574
am,0.2,I,2.0,13232,1236.923535382852,0.09347971095698698,0.3057445190955792,0.23350716419754466,0.004148098785971321,0.8266064170361862
am,0.2,K,0.5,13232,3572.5555276763607,0.26999361605776606,0.5196090992830726,0.4376958665072568,-0.39361064616719327,0.8262874341062514
am,0.2,K,0.75,13232,1737.4642244338986,0.13130775577644335,0.3623641204319812,0.2864670080161868,-0.17739101070875787,0.8256121965030168
am,0.2,K,0.9,13232,1320.1545359002887,0.09976984098400005,0.3158636430233781,0.24257366423970664,-0.06488677908098765,0.8252498397068441
am,0.2,K,1.0,13232,1246.0589812577068,0.09417011647957274,0.30687149831741095,0.2344947082552229,0.004971104584356829,0.825049316961802
am,0.2,K,1.1,13232,1307.0824104700564,0.09878192340311792,0.3142959169367587,0.242484595772303,0.07141981392743295,0.8248793343055527
am,0.2,K,1.25,13232,1613.5796333014716,0.12194525644660455,0.34920660996980646,0.27608738051852066,0.16566405499532816,0.8246573932924665
am,0.2,K,1.5,13232,2591.334077772245,0.19583842788484318,0.442536357698261,0.3647758210323926,0.31093689365525107,0.8243581359488292
am,0.2,K,2.0,13232,5837.178030801075,0.44114102409318884,0.6641844804669775,0.5846115478095697,0.5688547400026808,0.8239461701806045
am,0.2,b,0.0,13232,1244.6758449752515,0.09406558683307521,0.30670113601529947,0.23435410298662604,0.004988652872393542,0.8252770405683257
am,0.2,b,0.25,13232,1244.9820420545789,0.09408872748296394,0.3067388587756105,0.23438761177692674,0.004982091655991784,0.8252267825413572
am,0.2,b,0.5,13232,1245.3148157913545,0.09411387664686778,0.306779850457731,0.23442214993891372,0.004976928905640878,0.8251720353161941
am,0.2,b,0.75,13232,1245.6734244773452,0.09414097827065793,0.3068240184057596,0.23445836800553926,0.004973229377349869,0.8251129353307373
am,0.2,b,0.9,13232,1245.901404291153,0.09415820770035921,0.3068520941762647,0.23448016136728334,0.004971729125489375,0.8250753181551069
am,0.2,b,1.0,13232,1246.0589812577068,0.09417011647957274,0.30687149831741095,0.2344947082552229,0.004971104584356829,0.825049316961802
am,0.2,b,1.1,13232,1246.221191473583,0.09418237541366259,0.3068914717186885,0.23450921423629986,0.004970753720086963,0.8250225389295353
am,0.2,b,1.25,13232,1246.4730760211255,0.09420141142844056,0.3069224843970226,0.2345319107734359,0.004970728378872055,0.8249809252624056
am,0.2,b,1.5,13232,1246.91416231014,0.09423474624472038,0.3069767845370727,0.2345708546175812,0.004972310420265494,0.8249080535924039
am,0.2,b,2.0,13232,1247.8737617644533,0.0943072673643027,0.30709488332484913,0.23465934415579084,0.00498087686327788,0.824749353112423
am,0.2,all,0.5,13232,3570.239945402062,0.2698186173973747,0.5194406774573731,0.4374190590844419,-0.39303823339347377,0.8250493169618022
am,0.2,all,0.75,13232,1738.5114637109396,0.13138690021999241,0.36247330966568064,0.2865044318534908,-0.17708548437192406,0.825049316961802
am,0.2,all,0.9,13232,1320.9924282661889,0.09983316416763821,0.31596386528784937,0.24265495390076144,-0.06476259103639867,0.825049316961802
am,0.2,all,1.0,13232,1246.0589812577068,0.09417011647957274,0.30687149831741095,0.2344947082552229,0.004971104584356829,0.825049316961802
am,0.2,all,1.1,13232,1305.7753427757355,0.09868314259187844,0.314138731441824,0.2423714856666952,0.07129690559252354,0.825049316961802
am,0.2,all,1.25,13232,1609.4776667071394,0.1216352529252675,0.3487624591685113,0.27575125016074403,0.16536617932027844,0.8250493169618023
am,0.2,all,1.5,13232,2580.8480923888437,0.1950459561962548,0.4416400753965324,0.364129459925504,0.3103744110823855,0.8250493169618021
am,0.2,all,2.0,13232,5809.6594854029845,0.4390613274941796,0.662617029281756,0.5833583124314671,0.5678413083037418,0.8250493169618022
am,1.0,I,0.5,13232,1341.799434688618,0.10140564046921237,0.3184425230229348,0.2431981221878611,0.019498881087953123,0.8096283842229007
am,1.0,I,0.75,13232,1336.552264141188,0.10100908888612366,0.31781927079100103,0.2424430196544474,0.01540161768164783,0.810192548553751
am,1.0,I,0.9,13232,1334.9757924426763,0.10088994803829175,0.3176317805860927,0.2421803038320617,0.014079894278222167,0.8103619703199417
am,1.0,I,1.0,13232,1333.871476187653,0.10080649003836556,0.31750037801294906,0.24209905462361134,0.013631254240739733,0.8105086814870629
am,1.0,I,1.1,13232,1332.573727414455,0.10070841349867406,0.31734588936785374,0.2420391001944695,0.013595842589360349,0.8107089891122706
am,1.0,I,1.25,13232,1330.766414458364,0.1005718269693443,0.3171306149985275,0.2420447424608199,0.014244385588915547,0.8110260911891471
am,1.0,I,1.5,13232,1330.919739434111,0.10058341440705194,0.3171488836604221,0.24245279328484598,0.016972773695072267,0.8111511840913428
am,1.0,I,2.0,13232,1371.343867486643,0.10363844222238837,0.3219292503367601,0.24632205509398983,0.027521987326756148,0.8056188931576168
am,1.0,K,0.5,13232,3457.208532489638,0.26127634012164735,0.511151973606331,0.42980363190337495,-0.37680224868922446,0.8043604163809142
am,1.0,K,0.75,13232,1759.0791501903245,0.1329412900687972,0.36461114912848896,0.2880072817387904,-0.16831426111829617,0.8107766840079709
am,1.0,K,0.9,13232,1383.8825813224926,0.10458604756064786,0.3233976616499381,0.24793499976017747,-0.056503985567414365,0.810595224571069
am,1.0,K,1.0,13232,1333.871476187653,0.10080649003836556,0.31750037801294906,0.24209905462361134,0.013631254240739733,0.8105086814870629
am,1.0,K,1.1,13232,1419.5335890903696,0.10728034984056602,0.32753679158312277,0.2519974879298659,0.08073954271023626,0.810461394430537
am,1.0,K,1.25,13232,1767.2834760047933,0.13356132678391724,0.36546043121508687,0.28808633510922316,0.17632305160115438,0.8103900971949943
am,1.0,K,1.5,13232,2829.0560622756293,0.21380411595190668,0.46238957162970995,0.38015031848459646,0.32430523331069067,0.8102756214305686
am,1.0,K,2.0,13232,6302.320717593827,0.4762938873634997,0.6901404837882644,0.6052307714273927,0.5880528066966946,0.8097770368246116
am,1.0,b,0.5,13232,1330.7299025383727,0.10056906760416964,0.3171262644502496,0.24187243700803682,0.013408876970289014,0.8110047738605685
am,1.0,b,0.75,13232,1332.4254588840208,0.100697208198611,0.31732823416552614,0.24198999972838375,0.013499318217611782,0.8107352260216376
am,1.0,b,0.9,13232,1333.3554595302626,0.10076749240706337,0.31743895855276394,0.2420568839193027,0.013572761013245307,0.8105887607435799
am,1.0,b,1.0,13232,1333.871476187653,0.10080649003836556,0.31750037801294906,0.24209905462361134,0.013631254240739733,0.8105086814870629
am,1.0,b,1.1,13232,1334.3590037507572,0.10084333462445261,0.3175583956132362,0.24214057838330455,0.013695720886023664,0.8104335762464591
am,1.0,b,1.25,13232,1335.1398512033336,0.10090234667497987,0.31765129729780717,0.24220237825911828,0.013800238584951408,0.8103131327395725
am,1.0,b,1.5,13232,1336.4334495394342,0.10100010954802252,0.3178051439923881,0.24231286351760825,0.014000249290352387,0.8101149630572891
am,1.0,b,2.0,13232,1339.1850595194694,0.10120806072547381,0.3181321434961796,0.24256000304132433,0.014485380793396294,0.8096962814199119
am,2.0,I,0.5,13232,1353.9474025596105,0.10232371542923299,0.3198807831508998,0.2440776593314016,0.022468543193382515,0.8079145047633055
am,2.0,I,0.75,13232,1348.7910555003207,0.1019340277736034,0.31927108822065836,0.2436480010117136,0.019293762869653827,0.8084865264235402
am,2.0,I,0.9,13232,1348.859735140225,0.10193921819378968,0.31927921666433234,0.24376404561649012,0.019262472209903292,0.8084726151533094
am,2.0,I,1.0,13232,1350.179011593019,0.10203892167420034,0.31943531688622084,0.2439732314904295,0.020062271987547856,0.8083215739211379
am,2.0,I,1.1,13232,1353.005549085842,0.10225253545086471,0.31976950362857415,0.24426179043145377,0.021483279445296148,0.8079827158190748
am,2.0,I,1.25,13232,1361.57303635565,0.1029000178624282,0.3207803264890604,0.24510779183487338,0.024635210221838656,0.8068930163911294
am,2.0,I,1.5,13232,1390.258901669646,0.10506793392303855,0.32414184228982,0.24768589890504927,0.03238614293299336,0.8032016610907383
am,2.0,I,2.0,13232,1505.1545978710894,0.1137511032248405,0.3372700746061537,0.2571049498378442,0.055939557799432986,0.7896110877723544
am,2.0,K,0.5,13232,3319.986412438282,0.2509058655107529,0.5009050464017636,0.41932331777171633,-0.35664679555115897,0.7882389444817666
am,2.0,K,0.75,13232,1740.871021376427,0.13156522229265621,0.36271920585027784,0.28659381509234333,-0.1579626650264342,0.805476438539022
am,2.0,K,0.9,13232,1389.0960073778513,0.10498004892517013,0.32400624828106345,0.24875241396218611,-0.04884640831570631,0.8078191226298665
am,2.0,K,1.0,13232,1350.179011593019,0.10203892167420034,0.31943531688622084,0.2439732314904295,0.020062271987547856,0.8083215739211379
am,2.0,K,1.1,13232,1444.3174128991823,0.10915337159153435,0.3303836733126114,0.25435682679753335,0.0862718262141251,0.8085478185689585
am,2.0,K,1.25,13232,1801.933977560449,0.13618001644199285,0.36902576663695563,0.29068331750794385,0.181070586932899,0.8087017666474166
am,2.0,K,1.5,13232,2879.2507311701106,0.21759754618879312,0.46647352142302045,0.38326309171443357,0.3284393700257999,0.8085639205439464
am,2.0,K,2.0,13232,6386.001711897459,0.4826180253852373,0.6947071508090565,0.609109572211451,0.5922314946501332,0.8081578706747142
am,2.0,b,0.5,13232,1347.3848663225583,0.1018277559191776,0.31910461594777595,0.24377541944801068,0.0198203379931387,0.8087541689497665
am,2.0,b,0.75,13232,1348.697651744385,0.1019269688440436,0.31926003327075503,0.24387220486728495,0.019917400586782184,0.8085496046272809
am,2.0,b,0.9,13232,1349.5548359888342,0.10199174999915613,0.31936147231492423,0.243932715178926,0.019999175667533394,0.8084175003434492
am,2.0,b,1.0,13232,1350.179011593019,0.10203892167420034,0.31943531688622084,0.2439732314904295,0.020062271987547856,0.8083215739211379
am,2.0,b,1.1,13232,1350.8172584827569,0.1020871567777174,0.319510808545998,0.24401091117165125,0.020132842771967467,0.8082239677284403
am,2.0,b,1.25,13232,1351.816345950575,0.10216266217885239,0.3196289445260745,0.24406983779144617,0.02024975474728165,0.808071695276853
am,2.0,b,1.5,13232,1353.625087907787,0.10229935670403469,0.3198427061917071,0.24418422821058144,0.020473941933312707,0.8077972002251993
am,2.0,b,2.0,13232,1357.5740134385687,0.10259779424414818,0.3203089044097091,0.24445340083497208,0.02103814336062692,0.8072050622871851
pm,0.2,I,0.5,14023,737.017807324469,0.052557784163479206,0.22925484545256444,0.17825044598703865,0.09604952108207074,0.8241462510367072
pm,0.2,I,0.75,14023,734.9139011485656,0.05240775163292916,0.22892739380189772,0.1780139889521343,0.09606352598945134,0.824682457277045
pm,0.2,I,0.9,14023,733.7203911056085,0.052322640740612464,0.2287414276877113,0.17788017970560044,0.09607144375096682,0.8249865760310581
pm,0.2,I,1.0,14023,732.9527951139763,0.05226790238279801,0.22862174520985096,0.1777930548557665,0.096076626518609,0.8251821743440492
pm,0.2,I,1.1,14023,732.2073566002194,0.05221474410612703,0.22850545749746773,0.1777070925504885,0.0960817607125102,0.8253721367540946
pm,0.2,I,1.25,14023,731.1303150102127,0.05213793874422112,0.22833733541455964,0.1775838164304643,0.096089395936682,0.8256466021743102
pm,0.2,I,1.5,14023,729.4414546728034,0.052017503720516535,0.22807346123676148,0.17739064959832979,0.09610256216922458,0.8260771929666321
pm,0.2,I,2.0,14023,726.4824039923585,0.051806489623643905,0.22761038997296215,0.1770461916863531,0.0961301302458212,0.8268304828959796
pm,0.2,K,0.5,14023,1561.571574385408,0.11135788165053184,0.3337032838473902,0.2819201893483411,-0.2565840375540998,0.8278684303120267
pm,0.2,K,0.75,14023,645.5641115735052,0.04603609153344543,0.21456022821913065,0.16688771053294169,-0.06523825284571348,0.826146963862068
pm,0.2,K,0.9,14023,606.5677083687234,0.043255202764652605,0.20797885172452657,0.15924763435546102,0.03428755148035251,0.8255112845823543
pm,0.2,K,1.0,14023,732.9527951139763,0.05226790238279801,0.22862174520985096,0.1777930548557665,0.096076626518609,0.8251821743440492
pm,0.2,K,1.1,14023,960.2037113634715,0.06847348722552032,0.2616743916120191,0.2090228251029897,0.15484617662664268,0.8249073242184857
pm,0.2,K,1.25,14023,1461.4775546925216,0.10422003527722469,0.322831279892802,0.2686416511479404,0.23819861981544974,0.8245708622510199
pm,0.2,K,1.5,14023,2645.391122639166,0.18864658936312959,0.43433465134977384,0.3792521386709959,0.36668697859107174,0.8241497284053162
pm,0.2,K,2.0,14023,5976.508504983633,0.42619328995105427,0.6528348106152537,0.5973841628788402,0.5948225366018941,0.8236077139722532
pm,0.2,b,0.0,14023,736.7679271791192,0.05253996485624468,0.2292159786233165,0.17830896974004817,0.09610486693887776,0.8240826057460554
pm,0.2,b,0.25,14023,735.7926094753903,0.05247041356880769,0.2290642127631632,0.17817821063951547,0.09609791166205484,0.824363382390769
pm,0.2,b,0.5,14023,734.831611511325,0.052401883442296585,0.22891457673616283,0.1780486701715755,0.09609088883364018,0.8246402535142392
pm,0.2,b,0.75,14023,733.8849930844318,0.05233437874095641,0.228767084041731,0.17792034005935806,0.09608379892019481,0.8249131898118264
pm,0.2,b,0.9,14023,733.3239464505219,0.052294369710512864,0.22867962242078516,0.1778438571391834,0.09607950680990654,0.8250750541992797
pm,0.2,b,1.0,14023,732.9527951139763,0.05226790238279801,0.22862174520985096,0.1777930548557665,0.096076626518609,0.8251821743440492
pm,0.2,b,1.1,14023,732.5839422310711,0.052241598961069044,0.22856421189912704,0.17774240214606304,0.09607374336212857,0.8252886662578498
pm,0.2,b,1.25,14023,732.0349912828412,0.052202452491110406,0.2284785602438671,0.1776672072014077,0.09606938688483972,0.8254472149828892
pm,0.2,b,1.5,14023,731.1316590229286,0.052138034587672306,0.22833754528695518,0.17754393524869463,0.09606206381959263,0.8257082816982073
pm,0.2,b,2.0,14023,729.3682561500543,0.05201228383014007,0.22806201750870325,0.1773023726505974,0.0960472067228345,0.8262185349115005
pm,0.2,all,0.5,14023,1566.6958809570044,0.11172330321307884,0.33425036007920594,0.2821800014874815,-0.2566019792406244,0.8251821743440488
pm,0.2,all,0.75,14023,648.2982035693854,0.046231063507764764,0.21501410071845234,0.1672020173467831,-0.06524487485269649,0.8251821743440492
pm,0.2,all,0.9,14023,607.6833113977832,0.04333475799741733,0.20817002185093159,0.15939767078202816,0.03428515531615021,0.8251821743440488
pm,0.2,all,1.0,14023,732.9527951139763,0.05226790238279801,0.22862174520985096,0.1777930548557665,0.096076626518609,0.8251821743440492
pm,0.2,all,1.1,14023,959.0684046702953,0.0683925268965482,0.26151964915957693,0.20891139953099866,0.15484834063032044,0.8251821743440487
pm,0.2,all,1.25,14023,1458.6130623870554,0.104015764272057,0.3225147504720629,0.2684270907658732,0.23820372236997256,0.8251821743440485
pm,0.2,all,1.5,14023,2639.599470640988,0.18823357845261274,0.4338589384265498,0.3790226174980473,0.36669643880046077,0.8251821743440492
pm,0.2,all,2.0,14023,5964.776268661037,0.42535664755480546,0.6521937193463346,0.5972741045782571,0.5948394939421509,0.8251821743440488
pm,1.0,I,0.5,14023,813.2054189274432,0.05799083070152201,0.24081285410360057,0.18688075120189537,0.09635940777469743,0.805115662400428
pm,1.0,I,0.75,14023,800.5168446331121,0.05708599048941826,0.2389267471201545,0.18555414039774198,0.09624107846674114,0.8082416175815544
pm,1.0,I,0.9,14023,795.1639218281499,0.056704265979330384,0.23812657554193817,0.18496812980719868,0.09625220897344054,0.8096075542704437
pm,1.0,I,1.0,14023,792.4459090021694,0.056510440633400084,0.2377192475030158,0.1846538124578514,0.0962807824930405,0.8103187084182911
pm,1.0,I,1.1,14023,790.4655616661995,0.05636921925880335,0.2374220277455387,0.18442082460060805,0.09632681155144958,0.8108537762115743
pm,1.0,I,1.25,14023,789.0280637649422,0.05626670924659075,0.23720604808181167,0.1842192072211169,0.09641550769375633,0.8112731716761942
pm,1.0,I,1.5,14023,791.0163067748626,0.05640849367288474,0.23750472347489163,0.18431009452577757,0.09665868622703072,0.8109075463171471
pm,1.0,I,2.0,14023,810.9958143263935,0.05783326066650458,0.2404854687221342,0.18620723326162414,0.09757589633554724,0.8063457448145731
pm,1.0,K,0.5,14023,1593.575514890505,0.1136401279961852,0.3371055146333047,0.28323672063571176,-0.25556673615790587,0.8071676615013099
pm,1.0,K,0.75,14023,687.1133597559162,0.04899902729486674,0.2213572390839449,0.17163630921271034,-0.06490376777649973,0.8115832579597225
pm,1.0,K,0.9,14023,658.1725681313889,0.046935218436239656,0.21664537483232743,0.1659843404743037,0.03452324772793588,0.8109958214399253
pm,1.0,K,1.0,14023,792.4459090021694,0.056510440633400084,0.2377192475030158,0.1846538124578514,0.0962807824930405,0.8103187084182911
pm,1.0,K,1.1,14023,1028.2046052220842,0.07332272732097868,0.27078169679832254,0.2154342574055065,0.15504072968974072,0.8095971569989837
pm,1.0,K,1.25,14023,1543.0824217269665,0.11003939397610828,0.33172186237284434,0.27408557587097776,0.23840295587336857,0.8085495013291267
pm,1.0,K,1.5,14023,2751.3680746982973,0.1962039559793409,0.44294915732998175,0.3831676321896331,0.3669433062914923,0.8070134374823738
pm,1.0,K,2.0,14023,6136.428738972234,0.43759742843701316,0.6615114726420194,0.5995438126556155,0.5952667870720616,0.8046104896240193
pm,1.0,b,0.5,14023,794.1769198672924,0.05663388147096144,0.23797874163664587,0.18490723050674293,0.09631198859664047,0.8098313163477007
pm,1.0,b,0.75,14023,793.2651317291883,0.05656886056686789,0.23784209166349823,0.18477483552287327,0.0962954217562981,0.8100863115353681
pm,1.0,b,0.9,14023,792.7623496024553,0.05653300646098947,0.23776670595562674,0.18470082163937823,0.0962863805828956,0.8102285009585917
pm,1.0,b,1.0,14023,792.4459090021694,0.056510440633400084,0.2377192475030158,0.1846538124578514,0.0962807824930405,0.8103187084182911
pm,1.0,b,1.1,14023,792.1443572806168,0.05648893655285009,0.23767401320474665,0.18460905587778037,0.09627539805021319,0.8104052115465477
pm,1.0,b,1.25,14023,791.7194440092853,0.05645863538538724,0.2376102594278859,0.18454580408764115,0.09626742617161299,0.810527973054914
pm,1.0,b,1.5,14023,791.0875960913017,0.05641357741505396,0.23751542563600783,0.18444940139303273,0.09625473079172493,0.8107133195068544
pm,1.0,b,2.0,14023,790.1142350559458,0.056344165660411165,0.2373692601421068,0.18428669382992316,0.0962318598531627,0.8110107453676977
pm,2.0,I,0.5,14023,823.0393504136624,0.058692102290070776,0.24226452957474146,0.18791683252612193,0.09670555435555547,0.8027614386966704
pm,2.0,I,0.75,14023,812.6804075654579,0.05795339139737987,0.24073510628360764,0.18685180519645253,0.09686635896731738,0.8053443102545212
pm,2.0,I,0.9,14023,810.813739370272,0.057820276643391,0.24045847176465004,0.18670904055525542,0.09723811941879966,0.8059411548375213
pm,2.0,I,1.0,14023,811.4213602718489,0.05786360695085566,0.24054855424810948,0.18681615445782054,0.09759458717184467,0.8059253855725225
pm,2.0,I,1.1,14023,813.5473851468184,0.05801521679717738,0.2408634816595853,0.1870569346922005,0.09802875506107879,0.8055642313331773
pm,2.0,I,1.25,14023,819.758558527448,0.058458144371921004,0.2417811911045212,0.18772135224795058,0.09881891580766865,0.8043281550034911
pm,2.0,I,1.5,14023,837.4355413012203,0.059718715061058275,0.24437412927938643,0.18963699984511617,0.10057660814996533,0.8006384921832519
pm,2.0,I,2.0,14023,895.8150079527275,0.0638818375492211,0.25274856586976135,0.1960416070513482,0.10608670521717178,0.7888669502902594
pm,2.0,K,0.5,14023,1593.4442945560052,0.11363077048819831,0.33709163515014473,0.2811894770135976,-0.24948019114077744,0.7896681793256002
pm,2.0,K,0.75,14023,706.6442046012288,0.05039179951516999,0.22448117853212102,0.1738025351475346,-0.06241641992210277,0.8035700658834269
pm,2.0,K,0.9,14023,677.6343225622525,0.048323063721190364,0.2198250752784822,0.16830981118681473,0.03618683854007066,0.8055916381298096
pm,2.0,K,1.0,14023,811.4213602718489,0.05786360695085566,0.24054855424810948,0.18681615445782054,0.09759458717184467,0.8059253855725225
pm,2.0,K,1.1,14023,1046.7108656069531,0.07464243497161471,0.2732076773657994,0.21722771359540782,0.15609976881535,0.8058795826231832
pm,2.0,K,1.25,14023,1561.2454718001227,0.11133462681310154,0.333668438443167,0.2753815037659503,0.2392070089130007,0.8054534090190796
pm,2.0,K,1.5,14023,2770.3106957018904,0.19755478112400274,0.4444713501723173,0.38418339158776726,0.3675501672304826,0.8043974722862367
pm,2.0,K,2.0,14023,6159.932746461477,0.439273532515259,0.662777136385421,0.6001843498421978,0.5957663665923374,0.8022863333826029
pm,2.0,b,0.5,14023,813.020188075322,0.05797762162699293,0.24078542652534626,0.1870264144509366,0.09760567323679172,0.8054627872514291
pm,2.0,b,0.75,14023,812.1621692794444,0.05791643509088242,0.24065833684059737,0.18691625818547092,0.0975988535109955,0.8057082273363063
pm,2.0,b,0.9,14023,811.7036361897408,0.05788373644653361,0.2405903914260368,0.18685559121895665,0.09759599451794868,0.8058419015538781
pm,2.0,b,1.0,14023,811.4213602718489,0.05786360695085566,0.24054855424810948,0.18681615445782054,0.09759458717184467,0.8059253855725225
pm,2.0,b,1.1,14023,811.1581641198949,0.05784483806032195,0.24050953839779818,0.18677776554811115,0.09759364986442337,0.8060042821588552
pm,2.0,b,1.25,14023,810.8000177858333,0.05781929813776177,0.240456437089469,0.18672463266833758,0.09759347557885058,0.8061140442007917
pm,2.0,b,1.5,14023,810.2954914973333,0.05778331965323635,0.24038161255228394,0.18664360975879582,0.0975955705136328,0.8062748399166674
pm,2.0,b,2.0,14023,809.6341118238005,0.05773615573156961,0.2402834903433226,0.1865003618501874,0.09761013976693168,0.8065125780712039
