axis,configuration,spacer_count,use_for_calibration,number_of_segments,k_over_i_mean,k_over_i_std,k_over_i_uncertainty,delta_inertia,delta_restoring,force_lever_m,k_over_i_predicted,k_over_i_residual
IN,BALL,0,0,6,40.643138460132256,0.036453912249624174,0.040643138460132254,0.00012197639999999997,-0.006657066,0.174,,
IN,SP00,0,1,5,92.92788141923799,0.07372314425287968,0.092927881419238,0.0,0.0,0.174,91.41561300418725,-1.512268415050741
IN,SP01,1,1,4,64.47461966061327,0.0341602300448362,0.06447461966061327,5.790270497083334e-05,-0.0025640397,0.174,65.58427036542922,1.109650704815948
IN,SP02,2,1,2,48.09535759388483,0.00010310010991943995,0.04809535759388483,0.00011322120994166668,-0.0050702004000000005,0.174,48.52086625015328,0.42550865626845535
IN,SP03,3,1,2,36.304067839287576,0.0219483731572395,0.03630406783928758,0.00016601451491249998,-0.007518482100000001,0.174,36.36947703245708,0.06540919316950067
IN,SP04,4,1,2,27.52562857879512,0.011925144694735974,0.027525628578795123,0.00021634161988333335,-0.0099088848,0.174,27.245729924946826,-0.2798986538482957
OUT,BALL,0,0,6,38.40593291948834,0.0947727470088924,0.03869081194894451,0.00012197639999999997,-0.006657066,0.174,,
OUT,SP00,0,1,5,89.15870348019527,0.15711867172118082,0.08915870348019528,0.0,0.0,0.174,87.73905257169716,-1.419650908498113
OUT,SP01,1,1,5,61.576601613652066,0.01858496810105208,0.06157660161365207,5.790270497083334e-05,-0.0025640397,0.174,62.64087796524145,1.0642763515893847
OUT,SP02,2,1,3,45.69470780100938,0.06740764001731761,0.04569470780100938,0.00011322120994166668,-0.0050702004000000005,0.174,46.04902578588506,0.3543179848756779
OUT,SP03,3,1,4,34.169432576635074,0.011280644429384413,0.03416943257663507,0.00016601451491249998,-0.007518482100000001,0.174,34.22572862152772,0.0562960448926475
OUT,SP04,4,1,2,25.581074172256432,0.024792436791189032,0.025581074172256434,0.00021634161988333335,-0.0099088848,0.174,25.342945686629434,-0.23812848562699784
