axis,configuration,inertia_kg_m2,geometric_inertia_kg_m2,restoring_n_m_per_rad,gravity_model_restoring_n_m_per_rad,k_over_i_per_s2,force_lever_m,damping_n_m_s_per_rad,quadratic_n_m_s2_per_rad2,friction_n_m,b_over_i_per_s,c_over_i_per_rad,tau_over_i_rad_s2
IN,BALL,0.00039012919856834814,0.0003682487849340987,0.015856075034753805,0.015856075034753805,40.643138460132256,0.174,8.618581490856381e-26,1.1412184854400127e-05,0.00011524220798768182,2.209160842737194e-22,0.029252321785396395,0.29539498302250794
IN,SP00,0.0002462723849340987,0.0002462723849340987,0.02288557098398886,0.022513141034753804,92.92788141923799,0.174,8.618581490856381e-26,1.225590785742628e-06,0.00011524220798768182,3.4996134435302893e-22,0.004976566033055595,0.4679461240387146
IN,SP01,0.0003041750899049321,0.0003041750899049321,0.019611573231853342,0.019949101334753805,64.47461966061327,0.174,8.618581490856381e-26,1.225590785742628e-06,0.00011524220798768182,2.8334277779124064e-22,0.00402922798880631,0.3788680000840964
IN,SP02,0.0003594935948757654,0.0003594935948757654,0.0172899729982611,0.017442940634753802,48.09535759388483,0.174,8.618581490856381e-26,1.225590785742628e-06,0.00011524220798768182,2.397422823022705e-22,0.0034092145262453713,0.3205681815485683
IN,SP03,0.0004122868998465987,0.0004122868998465987,0.014967691581280482,0.014994658934753803,36.304067839287576,0.174,8.618581490856381e-26,1.225590785742628e-06,0.00011524220798768182,2.0904330198371892e-22,0.002972664875354125,0.27951945121360994
IN,SP04,0.00046261400481743207,0.00046261400481743207,0.012733741271953572,0.012604256234753804,27.52562857879512,0.174,8.618581490856381e-26,1.225590785742628e-06,0.00011524220798768182,1.863017850974411e-22,0.002649272985642318,0.2491109365207426
OUT,BALL,0.000390201375076198,0.0003686523464787086,0.01498604783626857,0.01498604783626857,38.40593291948834,0.174,3.7702359533116216e-05,1.1412184854400127e-05,8.764560000143483e-05,0.09662282590817049,0.02924691091150453,0.22461632787511196
OUT,SP00,0.00024667594647870863,0.00024667594647870863,0.021993307567791703,0.02164311383626857,89.15870348019527,0.174,3.7702359533116216e-05,1.225590785742628e-06,8.764560000143483e-05,0.15284165347824225,0.004968424377155121,0.3553066330648489
OUT,SP01,0.000304578651449542,0.000304578651449542,0.018754918280331836,0.01907907413626857,61.576601613652066,0.174,3.7702359533116216e-05,1.225590785742628e-06,8.764560000143483e-05,0.12378529930999506,0.004023889330095302,0.2877601551662088
OUT,SP02,0.0003598971564203753,0.0003598971564203753,0.016445395401043218,0.01657291343626857,45.69470780100938,0.174,3.7702359533116216e-05,1.225590785742628e-06,8.764560000143483e-05,0.10475870359219577,0.0034053916900390435,0.24352957070619644
OUT,SP03,0.0004126904613912086,0.0004126904613912086,0.014101398895527324,0.014124631736268569,34.169432576635074,0.174,3.7702359533116216e-05,1.225590785742628e-06,8.764560000143483e-05,0.09135747748086764,0.002969757967293635,0.21237612254466784
OUT,SP04,0.000463017566362042,0.000463017566362042,0.011844486708165061,0.01173422903626857,25.581074172256432,0.174,3.7702359533116216e-05,1.225590785742628e-06,8.764560000143483e-05,0.08142749276090326,0.0026469639054348877,0.18929217025192327
