candidate,shaft_diameter_mm,radial_gap_mm,contact_length_mm,sphere_diameter_mm,sphere_mass_g_same_density,ball_arm_mm,ballast_mass_g,ballast_arm_mm,axis,I_kg_m2,K_Nm_per_rad,b_eq_Nm_s_per_rad,b_critical_Nm_s_per_rad,zeta_equivalent,wind_torque_at_8m_s_Nm,static_angle_at_8m_s_deg,tau_static_over_tau_dynamic,breakaway_wind_m_s,free_decay_status,zero_crossings,first_opposite_peak_deg,stop_angle_deg,stop_time_s
current_100mm,8.0,1.0,30.0,100.0,3.9,174.0,50.72,55.0,IN,0.000368211940722,0.0149632406043,0.004613407460939706,0.004694526115551829,0.9827205872082815,0.02914231823338316,no_equilibrium,1.0,0.41772924331691236,monotonic_no_turn,0,NA,0.3042516170641574,12.369350392421847
current_100mm,8.0,1.0,30.0,100.0,3.9,174.0,50.72,55.0,IN,0.000368211940722,0.0149632406043,0.004613407460939706,0.004694526115551829,0.9827205872082815,0.02914231823338316,no_equilibrium,1.5,0.5116117483826776,stuck_after_turn,0,NA,0.3043114151553306,2.3693503924218473
current_100mm,8.0,1.0,30.0,100.0,3.9,174.0,50.72,55.0,IN,0.000368211940722,0.0149632406043,0.004613407460939706,0.004694526115551829,0.9827205872082815,0.02914231823338316,no_equilibrium,2.0,0.590758361298628,stuck_after_turn,0,NA,0.3043114151553306,2.3693503924218473
current_100mm,8.0,1.0,30.0,100.0,3.9,174.0,50.72,55.0,OUT,0.0003709375771409999,0.0142210781279,0.004613407460939706,0.004593531219049716,1.004327007032751,0.02914231823338316,no_equilibrium,1.0,0.6233799427970634,monotonic_no_turn,0,NA,0.7129368928720774,12.733146179183942
current_100mm,8.0,1.0,30.0,100.0,3.9,174.0,50.72,55.0,OUT,0.0003709375771409999,0.0142210781279,0.004613407460939706,0.004593531219049716,1.004327007032751,0.02914231823338316,no_equilibrium,1.5,0.7634813878690856,stuck_after_turn,0,NA,0.7130394487415675,2.733146179183942
current_100mm,8.0,1.0,30.0,100.0,3.9,174.0,50.72,55.0,OUT,0.0003709375771409999,0.0142210781279,0.004613407460939706,0.004593531219049716,1.004327007032751,0.02914231823338316,no_equilibrium,2.0,0.8815923696149712,stuck_after_turn,0,NA,0.7130394487415675,2.733146179183942
P0_70mm,8.0,1.0,30.0,70.0,1.3377000000000003,174.0,50.72,55.0,IN,0.000287391218922,0.01933543940163,0.004613407460939706,0.004714588210237205,0.9785387938913103,0.01427973593435775,47.60605359334964,1.0,0.5967560618813034,monotonic_no_turn,0,NA,0.23545270803480073,11.794195230147563
P0_70mm,8.0,1.0,30.0,70.0,1.3377000000000003,174.0,50.72,55.0,IN,0.000287391218922,0.01933543940163,0.004613407460939706,0.004714588210237205,0.9785387938913103,0.01427973593435775,47.60605359334964,1.5,0.730873926260968,stuck_after_turn,0,NA,0.23547330810486644,1.794195230147563
P0_70mm,8.0,1.0,30.0,70.0,1.3377000000000003,174.0,50.72,55.0,IN,0.000287391218922,0.01933543940163,0.004613407460939706,0.004714588210237205,0.9785387938913103,0.01427973593435775,47.60605359334964,2.0,0.8439405161408972,stuck_after_turn,0,NA,0.23547330810486644,1.794195230147563
P0_70mm,8.0,1.0,30.0,70.0,1.3377000000000003,174.0,50.72,55.0,OUT,0.00029011685534099994,0.01859327692523,0.004613407460939706,0.004645093339011436,0.9931786347960719,0.01427973593435775,50.17510631198511,1.0,0.8905427754243763,monotonic_no_turn,0,NA,0.5452843365453169,12.039348749199009
P0_70mm,8.0,1.0,30.0,70.0,1.3377000000000003,174.0,50.72,55.0,OUT,0.00029011685534099994,0.01859327692523,0.004613407460939706,0.004645093339011436,0.9931786347960719,0.01427973593435775,50.17510631198511,1.5,1.0906876969558366,stuck_after_turn,0,NA,0.5453536043413544,2.039348749199009
P0_70mm,8.0,1.0,30.0,70.0,1.3377000000000003,174.0,50.72,55.0,OUT,0.00029011685534099994,0.01859327692523,0.004613407460939706,0.004645093339011436,0.9931786347960719,0.01427973593435775,50.17510631198511,2.0,1.2594176708785303,stuck_after_turn,0,NA,0.5453536043413544,2.039348749199009
