interval_id,segment_id,axis,start_amplitude_deg,omega_conservative_rad_s,sphere_speed_m_s,reynolds_number,brown_lawler_cd,sphere_c_implied_cd,brown_lawler_cd_energy_weighted,theory_reynolds_max
IN_BALL_P_R01_H001,IN_BALL_P_R01,IN,59.69927651,6.514408131,1.133507015,7671.525376,0.4012313756,0.59092931,0.3979082325,7671.525376
IN_BALL_P_R01_H002,IN_BALL_P_R01,IN,53.39389856,5.880223302,1.023158855,6924.693905,0.3981234783,0.59092931,0.3954847407,6924.693905
IN_BALL_P_R01_H003,IN_BALL_P_R01,IN,51.03885683,5.63868689,0.9811315188,6640.254754,0.3969583905,0.59092931,0.3946189977,6640.254754
IN_BALL_P_R01_H004,IN_BALL_P_R01,IN,46.82399642,5.200527265,0.9048917441,6124.267329,0.3949098495,0.59092931,0.3931785953,6124.267329
IN_BALL_P_R01_H005,IN_BALL_P_R01,IN,44.85307914,4.993188381,0.8688147783,5880.100019,0.393985963,0.59092931,0.3925756278,5880.100019
IN_BALL_P_R01_H006,IN_BALL_P_R01,IN,41.95103593,4.685224887,0.8152291303,5517.434721,0.392694701,0.59092931,0.3918061231,5517.434721
IN_BALL_P_R01_H007,IN_BALL_P_R01,IN,39.99321248,4.475752036,0.7787808543,5270.754401,0.3918899516,0.59092931,0.3913905909,5270.754401
IN_BALL_P_R01_H008,IN_BALL_P_R01,IN,37.53449431,4.210843927,0.7326868433,4958.792172,0.3909862452,0.59092931,0.3910240063,4958.792172
IN_BALL_P_R01_H009,IN_BALL_P_R01,IN,35.8793533,4.031415907,0.7014663679,4747.493374,0.3904656219,0.59092931,0.3908988131,4747.493374
IN_BALL_P_R01_H010,IN_BALL_P_R01,IN,33.8226083,3.807283746,0.6624673718,4483.549892,0.3899466403,0.59092931,0.3909138678,4483.549892
IN_BALL_P_R01_H011,IN_BALL_P_R01,IN,32.3752208,3.648816297,0.6348940357,4296.934772,0.3896869045,0.59092931,0.3910613133,4296.934772
IN_BALL_P_R01_H012,IN_BALL_P_R01,IN,30.59348271,3.45294575,0.6008125604,4066.272854,0.3895161208,0.59092931,0.391431408,4066.272854
IN_BALL_P_R01_H013,IN_BALL_P_R01,IN,29.24479013,3.304123238,0.5749174433,3891.015846,0.3895189815,0.59092931,0.3918757516,3891.015846
IN_BALL_P_R01_H014,IN_BALL_P_R01,IN,27.80292591,3.144513946,0.5471454266,3703.056064,0.3896743201,0.59092931,0.392536885,3703.056064
IN_BALL_P_R01_H015,IN_BALL_P_R01,IN,26.51437466,3.001453847,0.5222529694,3534.585014,0.3899712507,0.59092931,0.393318326,3534.585014
IN_BALL_P_R01_H016,IN_BALL_P_R01,IN,25.22591136,2.85802404,0.497296183,3365.678586,0.3904452898,0.59092931,0.3943106436,3365.678586
IN_BALL_P_R01_H017,IN_BALL_P_R01,IN,24.02078467,2.723543758,0.4738966139,3207.311337,0.3910776262,0.59092931,0.3954614085,3207.311337
IN_BALL_P_R01_H018,IN_BALL_P_R01,IN,22.90973725,2.599294584,0.4522772576,3060.99249,0.3918504492,0.59092931,0.3967439237,3060.99249
IN_BALL_P_R01_H019,IN_BALL_P_R01,IN,21.73550362,2.467713905,0.4293822195,2906.039884,0.3928992524,0.59092931,0.3983678973,2906.039884
IN_BALL_P_R01_H020,IN_BALL_P_R01,IN,20.88784846,2.372566678,0.4128266019,2793.992195,0.3938277917,0.59092931,0.3997371948,2793.992195
IN_BALL_P_R01_H021,IN_BALL_P_R01,IN,19.74277752,2.243830081,0.390426434,2642.388849,0.3953477935,0.59092931,0.4018901432,2642.388849
IN_BALL_P_R01_H022,IN_BALL_P_R01,IN,18.90371427,2.149353966,0.3739875901,2531.13148,0.396684508,0.59092931,0.4037207102,2531.13148
IN_BALL_P_R01_H023,IN_BALL_P_R01,IN,17.72826494,2.016809086,0.350924781,2375.043407,0.3989296844,0.59092931,0.4067054399,2375.043407
IN_BALL_P_R01_H024,IN_BALL_P_R01,IN,17.04220659,1.939349471,0.3374468079,2283.825081,0.4004717563,0.59092931,0.4087075814,2283.825081
IN_BALL_P_R01_H025,IN_BALL_P_R01,IN,15.83830514,1.803256298,0.3137665959,2123.558453,0.4036662183,0.59092931,0.4127665266,2123.558453
IN_BALL_P_R01_H026,IN_BALL_P_R01,IN,15.23157007,1.734592501,0.3018190952,2042.698296,0.4055480546,0.59092931,0.4151146872,2042.698296
IN_BALL_P_R01_H027,IN_BALL_P_R01,IN,14.01550912,1.596827242,0.2778479402,1880.462578,0.4099771566,0.59092931,0.4205493456,1880.462578
IN_BALL_P_R01_H028,IN_BALL_P_R01,IN,13.5376702,1.542643695,0.2684200029,1816.654716,0.4119945969,0.59092931,0.422990863,1816.654716
IN_BALL_P_R01_H029,IN_BALL_P_R01,IN,12.27794767,1.399673982,0.2435432729,1648.290107,0.4182232998,0.59092931,0.4304290371,1648.290107
IN_BALL_P_R01_H030,IN_BALL_P_R01,IN,11.82862387,1.348637044,0.2346628456,1588.187767,0.4208165217,0.59092931,0.4334900103,1588.187767
IN_BALL_P_R01_H031,IN_BALL_P_R01,IN,10.59043944,1.207891584,0.2101731356,1422.442492,0.4292184441,0.59092931,0.4432997192,1422.442492
IN_BALL_P_R01_H032,IN_BALL_P_R01,IN,10.13953086,1.156600534,0.2012484929,1362.040905,0.432819481,0.59092931,0.4474635319,1362.040905
IN_BALL_P_R01_H033,IN_BALL_P_R01,IN,8.882927262,1.013569321,0.1763610618,1193.603871,0.4448103019,0.59092931,0.461198975,1193.603871
IN_BALL_P_R01_H034,IN_BALL_P_R01,IN,8.525066846,0.9728132924,0.1692695129,1145.608582,0.448859948,0.59092931,0.4658018159,1145.608582
IN_BALL_P_R01_H035,IN_BALL_P_R01,IN,7.202035723,0.8220565728,0.1430378437,968.0738038,0.4671063969,0.59092931,0.4863793155,968.0738038
IN_BALL_P_R01_H036,IN_BALL_P_R01,IN,6.836969479,0.7804378688,0.1357961892,919.0626063,0.4732754614,0.59092931,0.4932898679,919.0626063
IN_BALL_P_R01_H037,IN_BALL_P_R01,IN,5.504551791,0.6284740015,0.1093544763,740.106262,0.5018226712,0.59092931,0.5250641548,740.106262
IN_BALL_N_R01_H001,IN_BALL_N_R01,IN,57.18338818,6.263622344,1.089870288,7376.193938,0.3999986173,0.59092931,0.3969299762,7376.193938
IN_BALL_N_R01_H002,IN_BALL_N_R01,IN,53.89083805,5.930876211,1.031972461,6984.344003,0.3983698358,0.59092931,0.3956712438,6984.344003
IN_BALL_N_R01_H003,IN_BALL_N_R01,IN,49.37584654,5.466685517,0.9512032799,6437.701757,0.3961419079,0.59092931,0.3940306513,6437.701757
IN_BALL_N_R01_H004,IN_BALL_N_R01,IN,47.24025419,5.244122531,0.9124773204,6175.606174,0.3951085027,0.59092931,0.3933126339,6175.606174
IN_BALL_N_R01_H005,IN_BALL_N_R01,IN,43.71102599,4.872365456,0.8477915893,5737.816005,0.3934662567,0.59092931,0.3922538828,5737.816005
IN_BALL_N_R01_H006,IN_BALL_N_R01,IN,41.91080479,4.680934002,0.8144825164,5512.381672,0.3926775472,0.59092931,0.3917966501,5512.381672
IN_BALL_N_R01_H007,IN_BALL_N_R01,IN,39.01175255,4.370247505,0.7604230659,5146.5097,0.3915129894,0.59092931,0.3912212363,5146.5097
IN_BALL_N_R01_H008,IN_BALL_N_R01,IN,37.54086994,4.211533413,0.7328068138,4959.604127,0.3909884018,0.59092931,0.3910246947,4959.604127
IN_BALL_N_R01_H009,IN_BALL_N_R01,IN,35.10599547,3.947288324,0.6868281684,4648.422687,0.3902521078,0.59092931,0.3908802928,4648.422687
IN_BALL_N_R01_H010,IN_BALL_N_R01,IN,33.77026799,3.801563692,0.6614720824,4476.813817,0.3899355948,0.59092931,0.3909170761,4476.813817
IN_BALL_N_R01_H011,IN_BALL_N_R01,IN,31.77778481,3.583234749,0.6234828463,4219.704346,0.3896097471,0.59092931,0.3911604335,4219.704346
IN_BALL_N_R01_H012,IN_BALL_N_R01,IN,30.48355432,3.440833244,0.5987049844,4052.008872,0.3895117548,0.59092931,0.3914619492,4052.008872
IN_BALL_N_R01_H013,IN_BALL_N_R01,IN,28.8515527,3.260644056,0.5673520658,3839.813705,0.389544589,0.59092931,0.3920357003,3839.813705
IN_BALL_N_R01_H014,IN_BALL_N_R01,IN,27.60583771,3.122657735,0.5433424459,3677.317658,0.3897093927,0.59092931,0.3926440006,3677.317658
IN_BALL_N_R01_H015,IN_BALL_N_R01,IN,26.17949593,2.964211412,0.5157727857,3490.727417,0.3900762158,0.59092931,0.3935546118,3490.727417
IN_BALL_N_R01_H016,IN_BALL_N_R01,IN,25.00230317,2.833095007,0.4929585312,3336.321551,0.3905478932,0.59092931,0.3945068836,3336.321551
IN_BALL_N_R01_H017,IN_BALL_N_R01,IN,23.81795195,2.700879601,0.4699530505,3180.621475,0.3912042556,0.59092931,0.3956787275,3180.621475
IN_BALL_N_R01_H018,IN_BALL_N_R01,IN,22.61943013,2.566788607,0.4466212176,3022.71266,0.3920861112,0.59092931,0.3971181543,3022.71266
IN_BALL_N_R01_H019,IN_BALL_N_R01,IN,21.62968836,2.45584367,0.4273167985,2892.061206,0.393006834,0.59092931,0.3985292839,2892.061206
IN_BALL_N_R01_H020,IN_BALL_N_R01,IN,20.41486098,2.319418219,0.4035787702,2731.403279,0.3944162227,0.59092931,0.4005816198,2731.403279
IN_BALL_N_R01_H021,IN_BALL_N_R01,IN,19.56896524,2.224269028,0.3870228109,2619.353278,0.3956081768,0.59092931,0.4022506473,2619.353278
IN_BALL_N_R01_H022,IN_BALL_N_R01,IN,18.40050268,2.09263818,0.3641190434,2464.341592,0.3975886711,0.59092931,0.4049343278,2464.341592
IN_BALL_N_R01_H023,IN_BALL_N_R01,IN,17.66554605,2.009730752,0.3496931509,2366.707789,0.3990630911,0.59092931,0.4068799942,2366.707789
IN_BALL_N_R01_H024,IN_BALL_N_R01,IN,16.48503597,1.876390681,0.3264919785,2209.68328,0.4018673209,0.59092931,0.4104937143,2209.68328
IN_BALL_N_R01_H025,IN_BALL_N_R01,IN,15.87298765,1.807179785,0.3144492826,2128.178846,0.4035645316,0.59092931,0.4126388361,2128.178846
IN_BALL_N_R01_H026,IN_BALL_N_R01,IN,14.66737242,1.670698959,0.2907016189,1967.455708,0.4074859076,0.59092931,0.4175066456,1967.455708
IN_BALL_N_R01_H027,IN_BALL_N_R01,IN,14.09689429,1.606053002,0.2794532223,1891.327057,0.4096502655,0.59092931,0.4201519476,1891.327057
IN_BALL_N_R01_H028,IN_BALL_N_R01,IN,12.91561998,1.472067563,0.2561397559,1733.542547,0.414892826,0.59092931,0.4264687246,1733.542547
IN_BALL_N_R01_H029,IN_BALL_N_R01,IN,12.4054915,1.414157301,0.2460633704,1665.346015,0.4175256788,0.59092931,0.4296023592,1665.346015
IN_BALL_N_R01_H030,IN_BALL_N_R01,IN,11.19439165,1.276561973,0.2221217832,1503.310411,0.4248704592,0.59092931,0.4382416853,1503.310411
IN_BALL_N_R01_H031,IN_BALL_N_R01,IN,10.74724882,1.225724378,0.2132760418,1443.442825,0.4280398104,0.59092931,0.4419321254,1443.442825
IN_BALL_N_R01_H032,IN_BALL_N_R01,IN,9.507520713,1.084679137,0.1887341699,1277.34452,0.4384552465,0.59092931,0.4539414393,1277.34452
IN_BALL_N_R01_H033,IN_BALL_N_R01,IN,9.108174314,1.039217226,0.1808237974,1223.807469,0.4424197178,0.59092931,0.4584741634,1223.807469
IN_BALL_N_R01_H034,IN_BALL_N_R01,IN,7.822252746,0.8927439173,0.1553374416,1051.316939,0.4578369071,0.59092931,0.4759548498,1051.316939
IN_BALL_N_R01_H035,IN_BALL_N_R01,IN,7.473831595,0.8530367652,0.1484283971,1004.556832,0.462870196,0.59092931,0.4816218971,1004.556832
IN_BALL_N_R01_H036,IN_BALL_N_R01,IN,6.111125771,0.697666278,0.1213939324,821.5887688,0.4874761517,0.59092931,0.5091318205,821.5887688
IN_BALL_N_R01_H037,IN_BALL_N_R01,IN,5.808534229,0.6631517924,0.1153884119,780.9436716,0.4943087391,0.59092931,0.5167274269,780.9436716
IN_BALL_N_R01_H038,IN_BALL_N_R01,IN,4.430647047,0.5059310447,0.08803200178,595.7966971,0.5352033361,0.59092931,0.5619482001,595.7966971
IN_BALL_P_R02_H001,IN_BALL_P_R02,IN,59.68578757,6.513071808,1.133274495,7669.95169,0.4012248074,0.59092931,0.397902969,7669.95169
IN_BALL_P_R02_H002,IN_BALL_P_R02,IN,54.30900386,5.973413361,1.039373925,7034.436784,0.3985771393,0.59092931,0.3958290303,7034.436784
IN_BALL_P_R02_H003,IN_BALL_P_R02,IN,51.59643636,5.696092028,0.9911200128,6707.85644,0.3972335995,0.59092931,0.3948209081,6707.85644
IN_BALL_P_R02_H004,IN_BALL_P_R02,IN,47.33547519,5.254085456,0.9142108694,6187.338757,0.3951540921,0.59092931,0.3933435912,6187.338757
IN_BALL_P_R02_H005,IN_BALL_P_R02,IN,45.33228861,5.043739078,0.8776105995,5939.629748,0.3942077446,0.59092931,0.3927170325,5939.629748
IN_BALL_P_R02_H006,IN_BALL_P_R02,IN,41.98758101,4.689122132,0.8159072509,5522.024212,0.3927103034,0.59092931,0.3918147596,5522.024212
IN_BALL_P_R02_H007,IN_BALL_P_R02,IN,40.3109073,4.509833482,0.7847110259,5310.88954,0.3920160448,0.59092931,0.3914513219,5310.88954
IN_BALL_P_R02_H008,IN_BALL_P_R02,IN,37.56696803,4.214355625,0.7332978787,4962.927632,0.3909972407,0.59092931,0.3910275283,4962.927632
IN_BALL_P_R02_H009,IN_BALL_P_R02,IN,36.11538323,4.057055371,0.7059276346,4777.68703,0.3905347874,0.59092931,0.3909097993,4777.68703
IN_BALL_P_R02_H010,IN_BALL_P_R02,IN,33.92035558,3.81796401,0.6643257377,4496.12723,0.3899675791,0.59092931,0.390908279,4496.12723
IN_BALL_P_R02_H011,IN_BALL_P_R02,IN,32.54320184,3.66723807,0.6380994242,4318.6287,0.3897119301,0.59092931,0.3910376616,4318.6287
IN_BALL_P_R02_H012,IN_BALL_P_R02,IN,30.65727913,3.459973728,0.6020354286,4074.549172,0.3895190073,0.59092931,0.3914141211,4074.549172
IN_BALL_P_R02_H013,IN_BALL_P_R02,IN,29.35940343,3.316788414,0.577121184,3905.930666,0.3895137322,0.59092931,0.3918318379,3905.930666
IN_BALL_P_R02_H014,IN_BALL_P_R02,IN,27.83307598,3.147856636,0.5477270547,3706.992497,0.3896692661,0.59092931,0.3925208737,3706.992497
IN_BALL_P_R02_H015,IN_BALL_P_R02,IN,26.56606041,3.007199632,0.523252736,3541.35139,0.3899561264,0.59092931,0.3932831381,3541.35139
IN_BALL_P_R02_H016,IN_BALL_P_R02,IN,25.28038945,2.864095903,0.4983526871,3372.828959,0.3904212532,0.59092931,0.3942639648,3372.828959
IN_BALL_P_R02_H017,IN_BALL_P_R02,IN,24.0212793,2.723599017,0.4739062289,3207.376411,0.3910773249,0.59092931,0.3954608873,3207.376411
IN_BALL_P_R02_H018,IN_BALL_P_R02,IN,22.95302995,2.604140687,0.4531204795,3066.699378,0.391816562,0.59092931,0.3966895693,3066.699378
IN_BALL_P_R02_H019,IN_BALL_P_R02,IN,21.71221145,2.465101196,0.4289276082,2902.963094,0.3929227373,0.59092931,0.3984031968,2902.963094
IN_BALL_P_R02_H020,IN_BALL_P_R02,IN,20.85650869,2.369046344,0.4122140639,2789.846565,0.3938651561,0.59092931,0.3997912922,2789.846565
IN_BALL_P_R02_H021,IN_BALL_P_R02,IN,19.58357921,2.2259139,0.3873090187,2621.29032,0.3955859631,0.59092931,0.4022199726,2621.29032
IN_BALL_P_R02_H022,IN_BALL_P_R02,IN,18.82317869,2.140279749,0.3724086764,2520.445462,0.3968238009,0.59092931,0.4039088382,2520.445462
IN_BALL_P_R02_H023,IN_BALL_P_R02,IN,17.59076845,2.001290709,0.3482245833,2356.768589,0.3992240784,0.59092931,0.4070902752,2356.768589
IN_BALL_P_R02_H024,IN_BALL_P_R02,IN,16.94784979,1.928690588,0.3355921624,2271.272922,0.4006986738,0.59092931,0.4089995405,2271.272922
IN_BALL_P_R02_H025,IN_BALL_P_R02,IN,15.68201078,1.785573328,0.3106897591,2102.734558,0.4041321466,0.59092931,0.4133504976,2102.734558
IN_BALL_P_R02_H026,IN_BALL_P_R02,IN,15.10589914,1.720364263,0.2993433818,2025.942778,0.4059633188,0.59092931,0.4156293339,2025.942778
IN_BALL_P_R02_H027,IN_BALL_P_R02,IN,13.85574612,1.578714293,0.2746962871,1859.13233,0.4106327176,0.59092931,0.4213447481,1859.13233
IN_BALL_P_R02_H028,IN_BALL_P_R02,IN,13.38848162,1.525721229,0.2654754938,1796.726408,0.4126604712,0.59092931,0.4237928135,1796.726408
IN_BALL_P_R02_H029,IN_BALL_P_R02,IN,12.09306111,1.378676,0.239889624,1623.562372,0.4192641948,0.59092931,0.4316598833,1623.562372
IN_BALL_P_R02_H030,IN_BALL_P_R02,IN,11.6899286,1.332878965,0.23192094,1569.630671,0.4216619445,0.59092931,0.4344841243,1569.630671
IN_BALL_P_R02_H031,IN_BALL_P_R02,IN,10.37327659,1.1831915,0.205875321,1393.355073,0.4309122726,0.59092931,0.4452608901,1393.355073
IN_BALL_P_R02_H032,IN_BALL_P_R02,IN,10.01956543,1.142951364,0.1988735374,1345.967311,0.4338338196,0.59092931,0.4486327224,1345.967311
IN_BALL_P_R02_H033,IN_BALL_P_R02,IN,8.701061787,0.9928582249,0.1727573311,1169.213981,0.4468282004,0.59092931,0.4634944765,1169.213981
IN_BALL_P_R02_H034,IN_BALL_P_R02,IN,8.363413921,0.9543998199,0.1660655687,1123.924429,0.450798205,0.59092931,0.4679995299,1123.924429
IN_BALL_P_R02_H035,IN_BALL_P_R02,IN,7.04887088,0.8045962889,0.1399997543,947.512149,0.4696243413,0.59092931,0.4892022822,947.512149
IN_BALL_P_R02_H036,IN_BALL_P_R02,IN,6.655984719,0.7598020718,0.1322055605,894.7613901,0.4765585777,0.59092931,0.4969599832,894.7613901
IN_BALL_P_R02_H037,IN_BALL_P_R02,IN,5.325202217,0.6080120222,0.1057940919,716.0097377,0.5065992324,0.59092931,0.5303559707,716.0097377
IN_BALL_N_R02_H001,IN_BALL_N_R02,IN,57.9094561,6.336312667,1.102518404,7461.795829,0.4003558226,0.59092931,0.3972113711,7461.795829
IN_BALL_N_R02_H002,IN_BALL_N_R02,IN,55.11213595,6.054886916,1.053550323,7130.382022,0.3989751129,0.59092931,0.3961340221,7130.382022
IN_BALL_N_R02_H003,IN_BALL_N_R02,IN,50.15602953,5.547523653,0.9652691156,6532.898711,0.3965239972,0.59092931,0.3943038968,6532.898711
IN_BALL_N_R02_H004,IN_BALL_N_R02,IN,47.98307671,5.321747088,0.9259839933,6267.018739,0.3954654813,0.59092931,0.3935569095,6267.018739
IN_BALL_N_R02_H005,IN_BALL_N_R02,IN,44.37604608,4.94278054,0.8600438139,5820.73852,0.393767286,0.59092931,0.3924385233,5820.73852
IN_BALL_N_R02_H006,IN_BALL_N_R02,IN,42.4675978,4.740267717,0.8248065828,5582.254497,0.3929169899,0.59092931,0.3919309252,5582.254497
IN_BALL_N_R02_H007,IN_BALL_N_R02,IN,39.63873686,4.43768425,0.7721570596,5225.924851,0.3917515437,0.59092931,0.3913261623,5225.924851
IN_BALL_N_R02_H008,IN_BALL_N_R02,IN,37.96660383,4.257544306,0.7408127093,5013.787673,0.3911348023,0.59092931,0.3910739808,5013.787673
IN_BALL_N_R02_H009,IN_BALL_N_R02,IN,35.6370643,4.005078742,0.6968837012,4716.478088,0.3903965246,0.59092931,0.3908900797,4716.478088
IN_BALL_N_R02_H010,IN_BALL_N_R02,IN,34.20051476,3.848559918,0.6696494257,4532.157715,0.3900297992,0.59092931,0.3908951223,4532.157715
IN_BALL_N_R02_H011,IN_BALL_N_R02,IN,32.25804778,3.635961781,0.6326573499,4281.796981,0.3896702966,0.59092931,0.3910788879,4281.796981
IN_BALL_N_R02_H012,IN_BALL_N_R02,IN,30.94784295,3.491969394,0.6076026745,4112.228046,0.389535368,0.59092931,0.3913393829,4112.228046
IN_BALL_N_R02_H013,IN_BALL_N_R02,IN,29.27198274,3.307128417,0.5754403446,3894.554818,0.3895176473,0.59092931,0.3918652242,3894.554818
IN_BALL_N_R02_H014,IN_BALL_N_R02,IN,28.04532622,3.171382308,0.5518205215,3734.6969,0.3896359808,0.59092931,0.3924109248,3734.6969
IN_BALL_N_R02_H015,IN_BALL_N_R02,IN,26.65693065,3.017299982,0.5250101968,3553.245807,0.3899302196,0.59092931,0.3932220878,3553.245807
IN_BALL_N_R02_H016,IN_BALL_N_R02,IN,25.43241514,2.881036519,0.5013003543,3392.778641,0.3903561307,0.59092931,0.3941360071,3392.778641
IN_BALL_N_R02_H017,IN_BALL_N_R02,IN,24.22818829,2.746709836,0.4779275114,3234.592273,0.3909544314,0.59092931,0.3952465309,3234.592273
IN_BALL_N_R02_H018,IN_BALL_N_R02,IN,23.03233054,2.613016479,0.4546648673,3077.151726,0.3917553196,0.59092931,0.3965909677,3077.151726
IN_BALL_N_R02_H019,IN_BALL_N_R02,IN,22.02351607,2.500012129,0.4350021104,2944.075056,0.3926178334,0.59092931,0.3979417261,2944.075056
IN_BALL_N_R02_H020,IN_BALL_N_R02,IN,20.80262014,2.362992737,0.4111607363,2782.71769,0.3939299329,0.59092931,0.3998849162,2782.71769
IN_BALL_N_R02_H021,IN_BALL_N_R02,IN,19.98440429,2.271014475,0.3951565186,2674.401852,0.3949993922,0.59092931,0.4014043826,2674.401852
IN_BALL_N_R02_H022,IN_BALL_N_R02,IN,18.78072963,2.135496444,0.3715763812,2514.812525,0.3968980338,0.59092931,0.4040089158,2514.812525
IN_BALL_N_R02_H023,IN_BALL_N_R02,IN,18.0637527,2.054661283,0.3575110632,2419.619074,0.3982405451,0.59092931,0.4057991924,2419.619074
IN_BALL_N_R02_H024,IN_BALL_N_R02,IN,16.8570135,1.918428161,0.3338065,2259.187638,0.4009206784,0.59092931,0.4092845778,2259.187638
IN_BALL_N_R02_H025,IN_BALL_N_R02,IN,16.25111323,1.84994473,0.321890383,2178.539885,0.4024947685,0.59092931,0.4112899406,2178.539885
IN_BALL_N_R02_H026,IN_BALL_N_R02,IN,15.03935884,1.712829852,0.2980323942,2017.070072,0.4061869077,0.59092931,0.4159059466,2017.070072
IN_BALL_N_R02_H027,IN_BALL_N_R02,IN,14.52393935,1.654449115,0.287874146,1948.319496,0.4080098288,0.59092931,0.4181493561,1948.319496
IN_BALL_N_R02_H028,IN_BALL_N_R02,IN,13.27265213,1.5125809,0.2631890766,1781.252037,0.4131898608,0.59092931,0.424429106,1781.252037
IN_BALL_N_R02_H029,IN_BALL_N_R02,IN,12.80921242,1.459990447,0.2540383377,1719.320242,0.4154219974,0.59092931,0.427100383,1719.320242
IN_BALL_N_R02_H030,IN_BALL_N_R02,IN,11.57193449,1.319471343,0.2295880136,1553.841529,0.4223987753,0.59092931,0.435349126,1553.841529
IN_BALL_N_R02_H031,IN_BALL_N_R02,IN,11.13767604,1.270114791,0.2209999736,1495.718053,0.425257431,0.59092931,0.4386933531,1495.718053
IN_BALL_N_R02_H032,IN_BALL_N_R02,IN,9.906331286,1.130066903,0.1966316411,1330.794256,0.4348142361,0.59092931,0.4497613836,1330.794256
IN_BALL_N_R02_H033,IN_BALL_N_R02,IN,9.53011382,1.087250766,0.1891816333,1280.372933,0.438240808,0.59092931,0.4536957303,1280.372933
IN_BALL_N_R02_H034,IN_BALL_N_R02,IN,8.256125039,0.942177766,0.1639389313,1109.531441,0.4521244795,0.59092931,0.4695014941,1109.531441
IN_BALL_N_R02_H035,IN_BALL_N_R02,IN,7.883977551,0.8997774168,0.1565612705,1059.599759,0.4569883167,0.59092931,0.4749977251,1059.599759
IN_BALL_N_R02_H036,IN_BALL_N_R02,IN,6.631093985,0.7569638926,0.1317117173,891.4190812,0.4770226044,0.59092931,0.4974783123,891.4190812
IN_BALL_N_R02_H037,IN_BALL_N_R02,IN,6.22325178,0.7104544795,0.1236190794,836.6484658,0.4850920725,0.59092931,0.5064777714,836.6484658
IN_BALL_N_R02_H038,IN_BALL_N_R02,IN,4.903406251,0.5598835711,0.09741974136,659.3325037,0.5189917426,0.59092931,0.5440613059,659.3325037
IN_BALL_P_R03_H001,IN_BALL_P_R03,IN,59.22301482,6.467171268,1.125287801,7615.898099,0.4009991712,0.59092931,0.3977224737,7615.898099
IN_BALL_P_R03_H002,IN_BALL_P_R03,IN,53.98748501,5.940714484,1.03368432,6995.929791,0.3984177501,0.59092931,0.3957076453,6995.929791
IN_BALL_P_R03_H003,IN_BALL_P_R03,IN,51.2780281,5.663327,0.985418898,6669.271547,0.3970763712,0.59092931,0.3947053468,6669.271547
IN_BALL_P_R03_H004,IN_BALL_P_R03,IN,47.24955675,5.245096013,0.9126467062,6176.75257,0.3951129542,0.59092931,0.3933156535,6176.75257
IN_BALL_P_R03_H005,IN_BALL_P_R03,IN,45.17665671,5.027331458,0.8747556738,5920.307737,0.3941354959,0.59092931,0.3926707177,5920.307737
IN_BALL_P_R03_H006,IN_BALL_P_R03,IN,42.0922713,4.700283885,0.8178493959,5535.168564,0.3927551057,0.59092931,0.3918396655,5535.168564
IN_BALL_P_R03_H007,IN_BALL_P_R03,IN,40.24247269,4.502494922,0.7834341163,5302.247472,0.3919887241,0.59092931,0.3914380064,5302.247472
IN_BALL_P_R03_H008,IN_BALL_P_R03,IN,37.69080762,4.227744487,0.7356275408,4978.694682,0.3910394272,0.59092931,0.3910413116,4978.694682
IN_BALL_P_R03_H009,IN_BALL_P_R03,IN,36.19895492,4.066129479,0.7075065293,4788.372919,0.3905597052,0.59092931,0.3909142637,4788.372919
IN_BALL_P_R03_H010,IN_BALL_P_R03,IN,34.06148192,3.833379142,0.6670079707,4514.280465,0.3899985169,0.59092931,0.3909011258,4514.280465
IN_BALL_P_R03_H011,IN_BALL_P_R03,IN,32.70440428,3.684909054,0.6411741753,4339.43848,0.3897372687,0.59092931,0.391016646,4339.43848
IN_BALL_P_R03_H012,IN_BALL_P_R03,IN,30.89680966,3.486351442,0.606625151,4105.61221,0.3895321176,0.59092931,0.3913520406,4105.61221
IN_BALL_P_R03_H013,IN_BALL_P_R03,IN,29.62883592,3.346548573,0.5822994516,3940.976952,0.3895052025,0.59092931,0.3917332729,3940.976952
IN_BALL_P_R03_H014,IN_BALL_P_R03,IN,28.1323803,3.181028181,0.5534989034,3746.056115,0.3896234747,0.59092931,0.3923672131,3746.056115
IN_BALL_P_R03_H015,IN_BALL_P_R03,IN,26.87288238,3.041295685,0.5291854491,3581.50373,0.3898720953,0.59092931,0.3930811104,3581.50373
IN_BALL_P_R03_H016,IN_BALL_P_R03,IN,25.60692937,2.900476838,0.5046829698,3415.672033,0.3902848627,0.59092931,0.3939932376,3415.672033
IN_BALL_P_R03_H017,IN_BALL_P_R03,IN,24.3674833,2.762263433,0.4806338373,3252.908567,0.3908751742,0.59092931,0.395106286,3252.908567
IN_BALL_P_R03_H018,IN_BALL_P_R03,IN,23.28494406,2.641282121,0.459583089,3110.438034,0.3915672654,0.59092931,0.3962850245,3110.438034
IN_BALL_P_R03_H019,IN_BALL_P_R03,IN,22.13291821,2.512276549,0.4371361196,2958.517936,0.3925152033,0.59092931,0.3977847523,2958.517936
IN_BALL_P_R03_H020,IN_BALL_P_R03,IN,21.17199175,2.404475794,0.4183787881,2831.569146,0.393499167,0.59092931,0.3992583072,2831.569146
IN_BALL_P_R03_H021,IN_BALL_P_R03,IN,20.04035491,2.277307805,0.396251558,2681.813031,0.3949209158,0.59092931,0.4012943973,2681.813031
IN_BALL_P_R03_H022,IN_BALL_P_R03,IN,19.19406048,2.182059412,0.3796783376,2569.646208,0.3961987602,0.59092931,0.4030610273,2569.646208
IN_BALL_P_R03_H023,IN_BALL_P_R03,IN,18.07993367,2.056486497,0.3578286504,2421.76849,0.3982083261,0.59092931,0.4057566275,2421.76849
IN_BALL_P_R03_H024,IN_BALL_P_R03,IN,17.33429707,1.97233669,0.343186584,2322.671632,0.3997925341,0.59092931,0.4078297659,2322.671632
IN_BALL_P_R03_H025,IN_BALL_P_R03,IN,16.21465587,1.845822374,0.3211730931,2173.685298,0.4025948758,0.59092931,0.4114166173,2173.685298
IN_BALL_P_R03_H026,IN_BALL_P_R03,IN,15.56572546,1.77241478,0.3084001717,2087.238731,0.4044871139,0.59092931,0.4137942136,2087.238731
IN_BALL_P_R03_H027,IN_BALL_P_R03,IN,14.46300674,1.647545141,0.2866728545,1940.189208,0.4082364215,0.59092931,0.4184268381,1940.189208
IN_BALL_P_R03_H028,IN_BALL_P_R03,IN,13.87034271,1.580369293,0.274984257,1861.081297,0.4105720494,0.59092931,0.4212712237,1861.081297
IN_BALL_P_R03_H029,IN_BALL_P_R03,IN,12.74107359,1.452256119,0.2526925648,1710.21211,0.4157662671,0.59092931,0.427510816,1710.21211
IN_BALL_P_R03_H030,IN_BALL_P_R03,IN,12.24023201,1.395390824,0.2427980034,1643.246156,0.4184327544,0.59092931,0.4306769619,1643.246156
IN_BALL_P_R03_H031,IN_BALL_P_R03,IN,11.10166696,1.266021275,0.2202877018,1490.897429,0.4255053245,0.59092931,0.4389825283,1490.897429
IN_BALL_P_R03_H032,IN_BALL_P_R03,IN,10.61264203,1.210416662,0.2106124991,1425.416085,0.429049341,0.59092931,0.4431036568,1425.416085
IN_BALL_P_R03_H033,IN_BALL_P_R03,IN,9.456103429,1.07882648,0.1877158076,1270.452289,0.4389470727,0.59092931,0.4545047713,1270.452289
IN_BALL_P_R03_H034,IN_BALL_P_R03,IN,9.062266484,1.033990223,0.1799142988,1217.652023,0.4428975242,0.59092931,0.4590192554,1217.652023
IN_BALL_P_R03_H035,IN_BALL_P_R03,IN,7.805399163,0.8908234178,0.1550032747,1049.055312,0.4580707818,0.59092931,0.4762185479,1049.055312
IN_BALL_P_R03_H036,IN_BALL_P_R03,IN,7.463547779,0.8518646681,0.1482244522,1003.176541,0.4630253341,0.59092931,0.481796311,1003.176541
IN_BALL_P_R03_H037,IN_BALL_P_R03,IN,6.175223599,0.7049768495,0.1226659718,830.1978755,0.4861039831,0.59092931,0.5076045191,830.1978755
IN_BALL_P_R03_H038,IN_BALL_P_R03,IN,5.855665364,0.668528019,0.1163238753,787.2748467,0.4932042243,0.59092931,0.5155005816,787.2748467
IN_BALL_P_R03_H039,IN_BALL_P_R03,IN,4.541563792,0.5185899631,0.09023465357,610.7041471,0.5311475651,0.59092931,0.5574771017,610.7041471
IN_BALL_N_R03_H001,IN_BALL_N_R03,IN,57.51156631,6.296509231,1.095592606,7414.922334,0.4001601972,0.59092931,0.3970570451,7414.922334
IN_BALL_N_R03_H002,IN_BALL_N_R03,IN,54.4696017,5.989728772,1.042212806,7053.650209,0.3986567441,0.59092931,0.3958898209,7053.650209
IN_BALL_N_R03_H003,IN_BALL_N_R03,IN,49.88542168,5.519513741,0.9603953909,6499.913557,0.3963912535,0.59092931,0.3942085356,6499.913557
IN_BALL_N_R03_H004,IN_BALL_N_R03,IN,47.65565794,5.287559369,0.9200353302,6226.75845,0.3953077648,0.59092931,0.3934484642,6226.75845
IN_BALL_N_R03_H005,IN_BALL_N_R03,IN,44.15196906,4.919072814,0.8559186697,5792.819726,0.3936653383,0.59092931,0.3923754411,5792.819726
IN_BALL_N_R03_H006,IN_BALL_N_R03,IN,42.34019238,4.726700795,0.8224459383,5566.277759,0.3928618204,0.59092931,0.3918996062,5566.277759
IN_BALL_N_R03_H007,IN_BALL_N_R03,IN,39.4497074,4.417366647,0.7686217965,5201.998346,0.3916787594,0.59092931,0.3912932886,5201.998346
IN_BALL_N_R03_H008,IN_BALL_N_R03,IN,37.91391409,4.251853073,0.7398224347,5007.085539,0.3911164317,0.59092931,0.3910675317,5007.085539
IN_BALL_N_R03_H009,IN_BALL_N_R03,IN,35.57508146,3.998338238,0.6957108533,4708.540306,0.3903791648,0.59092931,0.3908882678,4708.540306
IN_BALL_N_R03_H010,IN_BALL_N_R03,IN,34.14455283,3.842450204,0.6685863354,4524.962767,0.3900171128,0.59092931,0.3908974152,4524.962767
IN_BALL_N_R03_H011,IN_BALL_N_R03,IN,32.22798539,3.632663161,0.6320833901,4277.912447,0.3896661495,0.59092931,0.3910835411,4277.912447
IN_BALL_N_R03_H012,IN_BALL_N_R03,IN,30.93103421,3.490119095,0.6072807226,4110.049089,0.3895342799,0.59092931,0.3913435301,4110.049089
IN_BALL_N_R03_H013,IN_BALL_N_R03,IN,29.31022146,3.311354038,0.5761756026,3899.531012,0.3895158647,0.59092931,0.3918505349,3899.531012
IN_BALL_N_R03_H014,IN_BALL_N_R03,IN,28.06590735,3.173662929,0.5522173496,3737.382614,0.3896329645,0.59092931,0.3924005186,3737.382614
IN_BALL_N_R03_H015,IN_BALL_N_R03,IN,26.71110677,3.023320829,0.5260578243,3560.336104,0.3899151853,0.59092931,0.3931861804,3560.336104
IN_BALL_N_R03_H016,IN_BALL_N_R03,IN,25.51830829,2.890605575,0.50296537,3404.047394,0.3903205927,0.59092931,0.3940651937,3404.047394
IN_BALL_N_R03_H017,IN_BALL_N_R03,IN,24.31501275,2.756405081,0.479614484,3246.00963,0.3909047051,0.59092931,0.3951587352,3246.00963
IN_BALL_N_R03_H018,IN_BALL_N_R03,IN,23.20153877,2.63195108,0.4579594879,3099.449573,0.3916281845,0.59092931,0.3963846799,3099.449573
IN_BALL_N_R03_H019,IN_BALL_N_R03,IN,22.16547852,2.515926249,0.4377711673,2962.815911,0.3924851031,0.59092931,0.3977385456,2962.815911
IN_BALL_N_R03_H020,IN_BALL_N_R03,IN,21.0042433,2.385639522,0.4151012768,2809.387094,0.3936909827,0.59092931,0.3995385191,2809.387094
IN_BALL_N_R03_H021,IN_BALL_N_R03,IN,20.14340275,2.28889721,0.3982681146,2695.460997,0.3947785015,0.59092931,0.4010942405,2695.460997
IN_BALL_N_R03_H022,IN_BALL_N_R03,IN,19.00828969,2.161135248,0.3760375331,2545.005404,0.396506618,0.59092931,0.4034797923,2545.005404
IN_BALL_N_R03_H023,IN_BALL_N_R03,IN,18.22322491,2.072647955,0.3606407441,2440.800616,0.3979269946,0.59092931,0.4053841726,2440.800616
IN_BALL_N_R03_H024,IN_BALL_N_R03,IN,17.09207682,1.94498246,0.338426948,2290.458626,0.4003533236,0.59092931,0.4085549493,2290.458626
IN_BALL_N_R03_H025,IN_BALL_N_R03,IN,16.45577738,1.8730833,0.3259164942,2205.788428,0.4019444118,0.59092931,0.4105917565,2205.788428
IN_BALL_N_R03_H026,IN_BALL_N_R03,IN,15.31809916,1.744387957,0.3035235046,2054.233664,0.4052673735,0.59092931,0.4147661482,2054.233664
IN_BALL_N_R03_H027,IN_BALL_N_R03,IN,14.71592568,1.676199072,0.2916586386,1973.932775,0.4073115201,0.59092931,0.4172923617,1973.932775
IN_BALL_N_R03_H028,IN_BALL_N_R03,IN,13.62248163,1.552262696,0.2700937091,1827.982285,0.4116238934,0.59092931,0.4225435977,1827.982285
IN_BALL_N_R03_H029,IN_BALL_N_R03,IN,13.1560932,1.49935626,0.2608879893,1765.678381,0.413733817,0.59092931,0.4250817682,1765.678381
IN_BALL_N_R03_H030,IN_BALL_N_R03,IN,11.93717748,1.360969154,0.2368086328,1602.71036,0.4201699975,0.59092931,0.4327285569,1602.71036
IN_BALL_N_R03_H031,IN_BALL_N_R03,IN,11.51934306,1.313494948,0.2285481209,1546.803581,0.422732524,0.59092931,0.4357405075,1546.803581
IN_BALL_N_R03_H032,IN_BALL_N_R03,IN,10.27688644,1.172226725,0.2039674501,1380.442687,0.4316879157,0.59092931,0.4461573745,1380.442687
IN_BALL_N_R03_H033,IN_BALL_N_R03,IN,9.91698874,1.13127962,0.1968426538,1332.222381,0.4347209902,0.59092931,0.4496540974,1332.222381
IN_BALL_N_R03_H034,IN_BALL_N_R03,IN,8.66279796,0.9885003665,0.1719990638,1164.082061,0.4472631783,0.59092931,0.4639887785,1164.082061
IN_BALL_N_R03_H035,IN_BALL_N_R03,IN,8.340815085,0.951825492,0.1656176356,1120.892838,0.4510748719,0.59092931,0.4683129677,1120.892838
IN_BALL_N_R03_H036,IN_BALL_N_R03,IN,7.035081731,0.8030243007,0.1397262283,945.6609375,0.469855895,0.59092931,0.4894617171,945.6609375
IN_BALL_N_R03_H037,IN_BALL_N_R03,IN,6.712387502,0.7662332962,0.1333245935,902.3349563,0.4755184484,0.59092931,0.4957977841,902.3349563
IN_BALL_N_R03_H038,IN_BALL_N_R03,IN,5.380473935,0.6143181294,0.1068913545,723.4359629,0.505098212,0.59092931,0.5286936391,723.4359629
OUT_BALL_N_R01_H001,OUT_BALL_N_R01,OUT,53.23351413,5.700080966,0.991814088,6712.55391,0.3972527669,0.59092931,0.3948327437,6712.55391
OUT_BALL_N_R01_H002,OUT_BALL_N_R01,OUT,49.59284892,5.335888648,0.9284446247,6283.672184,0.3955309379,0.59092931,0.3936010331,6283.672184
OUT_BALL_N_R01_H003,OUT_BALL_N_R01,OUT,44.41214989,4.808445716,0.8366695545,5662.542565,0.3931978232,0.59092931,0.3920938639,5662.542565
OUT_BALL_N_R01_H004,OUT_BALL_N_R01,OUT,41.67372818,4.525610037,0.7874561464,5329.468394,0.3920750891,0.59092931,0.3914811831,5329.468394
OUT_BALL_N_R01_H005,OUT_BALL_N_R01,OUT,37.90567733,4.13223871,0.7190095356,4866.224758,0.3907479327,0.59092931,0.3909570236,4866.224758
OUT_BALL_N_R01_H006,OUT_BALL_N_R01,OUT,35.48126394,3.876749495,0.6745544122,4565.354447,0.3900899895,0.59092931,0.3908883873,4565.354447
OUT_BALL_N_R01_H007,OUT_BALL_N_R01,OUT,32.62382478,3.573408186,0.6217730243,4208.132347,0.389599845,0.59092931,0.3911793393,4208.132347
OUT_BALL_N_R01_H008,OUT_BALL_N_R01,OUT,30.4887622,3.345292539,0.5820809018,3939.497816,0.3895054562,0.59092931,0.3917394216,3939.497816
OUT_BALL_N_R01_H009,OUT_BALL_N_R01,OUT,28.15572724,3.094700025,0.5384778044,3644.39398,0.3897594818,0.59092931,0.3927894648,3644.39398
OUT_BALL_N_R01_H010,OUT_BALL_N_R01,OUT,26.2606747,2.890202499,0.5028952348,3403.572722,0.3903220716,0.59092931,0.3940703768,3403.572722
OUT_BALL_N_R01_H011,OUT_BALL_N_R01,OUT,24.29557628,2.677312183,0.4658523199,3152.867911,0.3913425101,0.59092931,0.3959145469,3152.867911
OUT_BALL_N_R01_H012,OUT_BALL_N_R01,OUT,22.51317548,2.483531934,0.4321345565,2924.667578,0.3927593854,0.59092931,0.3981589866,2924.667578
OUT_BALL_N_R01_H013,OUT_BALL_N_R01,OUT,20.921425,2.309969632,0.401934716,2720.276393,0.3945264247,0.59092931,0.4007401721,2720.276393
OUT_BALL_N_R01_H014,OUT_BALL_N_R01,OUT,19.09107618,2.109842045,0.3671125158,2484.601281,0.3973058486,0.59092931,0.4045585208,2484.601281
OUT_BALL_N_R01_H015,OUT_BALL_N_R01,OUT,17.78796519,1.967030826,0.3422633637,2316.423318,0.3998994767,0.59092931,0.4079702366,2316.423318
OUT_BALL_N_R01_H016,OUT_BALL_N_R01,OUT,15.97264221,1.767665048,0.3075737184,2081.645332,0.4046170054,0.59092931,0.4139580277,2081.645332
OUT_BALL_N_R01_H017,OUT_BALL_N_R01,OUT,14.8088486,1.639616233,0.2852932245,1930.851933,0.4084996448,0.59092931,0.4187503968,1930.851933
OUT_BALL_N_R01_H018,OUT_BALL_N_R01,OUT,13.1075397,1.452125522,0.2526698409,1710.058315,0.4157721167,0.59092931,0.4275191797,1710.058315
OUT_BALL_N_R01_H019,OUT_BALL_N_R01,OUT,12.12101457,1.343257434,0.2337267936,1581.852609,0.4211026773,0.59092931,0.433827973,1581.852609
OUT_BALL_N_R01_H020,OUT_BALL_N_R01,OUT,10.42944206,1.156356538,0.2012060376,1361.753569,0.4328373987,0.59092931,0.447485274,1361.753569
OUT_BALL_N_R01_H021,OUT_BALL_N_R01,OUT,9.620029879,1.066833404,0.1856290122,1256.32895,0.439971652,0.59092931,0.4556783452,1256.32895
OUT_BALL_N_R01_H022,OUT_BALL_N_R01,OUT,8.026814299,0.8904682512,0.1549414757,1048.637059,0.458114136,0.59092931,0.4762682034,1048.637059
OUT_BALL_N_R01_H023,OUT_BALL_N_R01,OUT,7.302713206,0.8102530493,0.1409840306,954.1736876,0.4687978222,0.59092931,0.4882767011,954.1736876
OUT_BALL_N_R01_H024,OUT_BALL_N_R01,OUT,5.835065467,0.6475726085,0.1126776339,762.5972459,0.4975986763,0.59092931,0.5203800894,762.5972459
OUT_BALL_P_R02_H001,OUT_BALL_P_R02,OUT,57.84013868,6.152611358,1.070554376,7245.464701,0.3994537393,0.59092931,0.3965002048,7245.464701
OUT_BALL_P_R02_H002,OUT_BALL_P_R02,OUT,51.04819846,5.482140716,0.9538924846,6455.902175,0.3962147132,0.59092931,0.3940808554,6455.902175
OUT_BALL_P_R02_H003,OUT_BALL_P_R02,OUT,47.46832941,5.120851146,0.8910280994,6030.438795,0.3945505112,0.59092931,0.3929393502,6030.438795
OUT_BALL_P_R02_H004,OUT_BALL_P_R02,OUT,42.96174194,4.658973304,0.8106613549,5486.52022,0.3925901631,0.59092931,0.3917493061,5486.52022
OUT_BALL_P_R02_H005,OUT_BALL_P_R02,OUT,40.09865692,4.361748936,0.7589443148,5136.501578,0.3914835532,0.59092931,0.3912099588,5136.501578
OUT_BALL_P_R02_H006,OUT_BALL_P_R02,OUT,36.74864261,4.010531944,0.6978325583,4722.899911,0.3904106665,0.59092931,0.3908932462,4722.899911
OUT_BALL_P_R02_H007,OUT_BALL_P_R02,OUT,34.32769668,3.754568122,0.6532948532,4421.470692,0.3898494062,0.59092931,0.3909510714,4421.470692
OUT_BALL_P_R02_H008,OUT_BALL_P_R02,OUT,31.69392384,3.47420298,0.6045113186,4091.305885,0.3895256363,0.59092931,0.3913821369,4091.305885
OUT_BALL_P_R02_H009,OUT_BALL_P_R02,OUT,29.51223808,3.240566335,0.5638585422,3816.169692,0.3895604903,0.59092931,0.3921166507,3816.169692
OUT_BALL_P_R02_H010,OUT_BALL_P_R02,OUT,27.44349446,3.017938347,0.5251212725,3553.997562,0.3899286112,0.59092931,0.3932204767,3553.997562
OUT_BALL_P_R02_H011,OUT_BALL_P_R02,OUT,25.42990653,2.800300735,0.4872523278,3297.702219,0.3906926999,0.59092931,0.3947787664,3297.702219
OUT_BALL_P_R02_H012,OUT_BALL_P_R02,OUT,23.68321464,2.610807714,0.4542805422,3074.550631,0.3917704609,0.59092931,0.3966175771,3074.550631
OUT_BALL_P_R02_H013,OUT_BALL_P_R02,OUT,21.81311099,2.407254909,0.4188623542,2834.8419,0.3934713892,0.59092931,0.3992196789,2834.8419
OUT_BALL_P_R02_H014,OUT_BALL_P_R02,OUT,20.36230816,2.2488968,0.3913080431,2648.35554,0.3952816832,0.59092931,0.4018003161,2648.35554
OUT_BALL_P_R02_H015,OUT_BALL_P_R02,OUT,18.55724257,2.051369816,0.356938348,2415.742963,0.398298878,0.59092931,0.4058781282,2415.742963
OUT_BALL_P_R02_H016,OUT_BALL_P_R02,OUT,17.24395165,1.907334687,0.3318762356,2246.123694,0.4011646144,0.59092931,0.4095989193,2246.123694
OUT_BALL_P_R02_H017,OUT_BALL_P_R02,OUT,15.5307287,1.719063351,0.2991170231,2024.410792,0.4060017402,0.59092931,0.4156785422,2024.410792
OUT_BALL_P_R02_H018,OUT_BALL_P_R02,OUT,14.43662182,1.598624877,0.2781607287,1882.579517,0.4099130947,0.59092931,0.4204730468,1882.579517
OUT_BALL_P_R02_H019,OUT_BALL_P_R02,OUT,12.79144786,1.417254504,0.2466022837,1668.993356,0.4173785978,0.59092931,0.4294292408,1668.993356
OUT_BALL_P_R02_H020,OUT_BALL_P_R02,OUT,11.81088488,1.30901209,0.2277681037,1541.524459,0.4229850501,0.59092931,0.436037712,1541.524459
OUT_BALL_P_R02_H021,OUT_BALL_P_R02,OUT,10.26474586,1.138145232,0.1980372704,1340.307493,0.4341968943,0.59092931,0.4490519125,1340.307493
OUT_BALL_P_R02_H022,OUT_BALL_P_R02,OUT,9.383295659,1.040639711,0.1810713098,1225.482621,0.4422905003,0.59092931,0.4583276529,1225.482621
OUT_BALL_P_R02_H023,OUT_BALL_P_R02,OUT,7.941452305,0.8810137207,0.1532963874,1037.503174,0.4592801492,0.59092931,0.4775822967,1037.503174
OUT_BALL_P_R02_H024,OUT_BALL_P_R02,OUT,7.184988873,0.7972085223,0.1387142829,938.8121355,0.4707197189,0.59092931,0.4904299812,938.8121355
OUT_BALL_P_R02_H025,OUT_BALL_P_R02,OUT,5.812501126,0.6450705816,0.1122422812,759.6507982,0.4981397945,0.59092931,0.5209804814,759.6507982
OUT_BALL_N_R02_H001,OUT_BALL_N_R02,OUT,52.46555675,5.623725211,0.9785281867,6622.635518,0.3968868649,0.59092931,0.3945647778,6622.635518
OUT_BALL_N_R02_H002,OUT_BALL_N_R02,OUT,49.00633225,5.27670333,0.9181463794,6213.974114,0.3952578436,0.59092931,0.3934133614,6213.974114
OUT_BALL_N_R02_H003,OUT_BALL_N_R02,OUT,43.79294695,4.744726335,0.8255823823,5587.505074,0.3929351738,0.59092931,0.3919416645,5587.505074
OUT_BALL_N_R02_H004,OUT_BALL_N_R02,OUT,40.88913135,4.444090167,0.773271689,5233.468613,0.3917746504,0.59092931,0.3913376909,5233.468613
OUT_BALL_N_R02_H005,OUT_BALL_N_R02,OUT,37.25872732,4.064238128,0.7071774342,4786.145618,0.3905544927,0.59092931,0.3909148164,4786.145618
OUT_BALL_N_R02_H006,OUT_BALL_N_R02,OUT,34.86773738,3.811815263,0.6632558558,4488.886317,0.3899554744,0.59092931,0.3909132208,4488.886317
OUT_BALL_N_R02_H007,OUT_BALL_N_R02,OUT,32.04503113,3.511687615,0.6110336451,4135.448703,0.3895480261,0.59092931,0.3912985256,4135.448703
OUT_BALL_N_R02_H008,OUT_BALL_N_R02,OUT,29.93155325,3.285564581,0.5716882371,3869.160721,0.3895284582,0.59092931,0.3919444077,3869.160721
OUT_BALL_N_R02_H009,OUT_BALL_N_R02,OUT,27.72118677,3.047880975,0.5303312896,3589.258728,0.3898569739,0.59092931,0.3930456156,3589.258728
OUT_BALL_N_R02_H010,OUT_BALL_N_R02,OUT,25.76162959,2.836216137,0.4935016078,3339.997069,0.3905346986,0.59092931,0.3944841259,3339.997069
OUT_BALL_N_R02_H011,OUT_BALL_N_R02,OUT,23.90331069,2.634719545,0.4584412008,3102.709785,0.3916099918,0.59092931,0.396357168,3102.709785
OUT_BALL_N_R02_H012,OUT_BALL_N_R02,OUT,22.04379615,2.432399769,0.4232375598,2864.453098,0.3932260549,0.59092931,0.3988578729,2864.453098
OUT_BALL_N_R02_H013,OUT_BALL_N_R02,OUT,20.46291105,2.259889736,0.393220814,2661.301089,0.3951401065,0.59092931,0.4016031076,2661.301089
OUT_BALL_N_R02_H014,OUT_BALL_N_R02,OUT,18.69548583,2.066516295,0.3595738353,2433.579824,0.3980329,0.59092931,0.4055264762,2433.579824
OUT_BALL_N_R02_H015,OUT_BALL_N_R02,OUT,17.37877188,1.92213295,0.3344511333,2263.550488,0.4008401311,0.59092931,0.4091830511,2263.550488
OUT_BALL_N_R02_H016,OUT_BALL_N_R02,OUT,15.66499314,1.733832506,0.301686856,2041.803307,0.405570008,0.59092931,0.4151435891,2041.803307
OUT_BALL_N_R02_H017,OUT_BALL_N_R02,OUT,14.51088041,1.606803942,0.2795838859,1892.211382,0.409623863,0.59092931,0.4201213743,1892.211382
OUT_BALL_N_R02_H018,OUT_BALL_N_R02,OUT,12.9205275,1.431495792,0.2490802678,1685.764244,0.4167116498,0.59092931,0.4286372517,1685.764244
OUT_BALL_N_R02_H019,OUT_BALL_N_R02,OUT,11.87170412,1.315728675,0.2289367895,1549.434073,0.4226073951,0.59092931,0.4355950513,1549.434073
OUT_BALL_N_R02_H020,OUT_BALL_N_R02,OUT,10.30625545,1.142735384,0.1988359567,1345.712967,0.4338500689,0.59092931,0.4486525006,1345.712967
OUT_BALL_N_R02_H021,OUT_BALL_N_R02,OUT,9.450747905,1.048103489,0.1823700071,1234.272148,0.441618135,0.59092931,0.4575600942,1234.272148
OUT_BALL_N_R02_H022,OUT_BALL_N_R02,OUT,7.890785448,0.8754017255,0.1523199002,1030.894352,0.4599833015,0.59092931,0.4783743026,1030.894352
OUT_BALL_N_R02_H023,OUT_BALL_N_R02,OUT,7.153402304,0.7937084067,0.1381052628,934.6903142,0.471245092,0.59092931,0.4910182753,934.6903142
OUT_BALL_N_R02_H024,OUT_BALL_N_R02,OUT,5.671205271,0.6294025512,0.1095160439,741.1997447,0.5016122243,0.59092931,0.5248313646,741.1997447
OUT_BALL_P_R03_H001,OUT_BALL_P_R03,OUT,57.9945361,6.167610389,1.073164208,7263.127925,0.3995272979,0.59092931,0.3965573562,7263.127925
OUT_BALL_P_R03_H002,OUT_BALL_P_R03,OUT,51.18789207,5.496132772,0.9563271023,6472.37956,0.3962807287,0.59092931,0.3941278746,6472.37956
OUT_BALL_P_R03_H003,OUT_BALL_P_R03,OUT,47.72552139,5.146978466,0.895574253,6061.206961,0.3946677912,0.59092931,0.3930166452,6061.206961
OUT_BALL_P_R03_H004,OUT_BALL_P_R03,OUT,43.09157101,4.672383664,0.8129947576,5502.312586,0.3926434429,0.59092931,0.3917784037,5502.312586
OUT_BALL_P_R03_H005,OUT_BALL_P_R03,OUT,40.19893875,4.372206556,0.7607639407,5148.816725,0.3915197953,0.59092931,0.3912251769,5148.816725
OUT_BALL_P_R03_H006,OUT_BALL_P_R03,OUT,36.75134078,4.010816241,0.6978820259,4723.234706,0.3904114062,0.59092931,0.390893332,4723.234706
OUT_BALL_P_R03_H007,OUT_BALL_P_R03,OUT,34.3586377,3.757850296,0.6538659515,4425.335859,0.3898551569,0.59092931,0.390948482,4425.335859
OUT_BALL_P_R03_H008,OUT_BALL_P_R03,OUT,31.73881321,3.478997249,0.6053455213,4096.951732,0.3895281043,0.59092931,0.3913709554,4096.951732
OUT_BALL_P_R03_H009,OUT_BALL_P_R03,OUT,29.56224866,3.245935444,0.5647927672,3822.492485,0.3895559804,0.59092931,0.3920952681,3822.492485
OUT_BALL_P_R03_H010,OUT_BALL_P_R03,OUT,27.45479743,3.019157456,0.5253333973,3555.433214,0.389925549,0.59092931,0.3932131846,3555.433214
OUT_BALL_P_R03_H011,OUT_BALL_P_R03,OUT,25.51640076,2.809667673,0.488882175,3308.732953,0.3906501783,0.59092931,0.3947003858,3308.732953
OUT_BALL_P_R03_H012,OUT_BALL_P_R03,OUT,23.68608891,2.611120046,0.454334888,3074.918441,0.3917683158,0.59092931,0.396614119,3074.918441
OUT_BALL_P_R03_H013,OUT_BALL_P_R03,OUT,21.84418576,2.410642654,0.4194518217,2838.83139,0.393437708,0.59092931,0.3991702164,2838.83139
OUT_BALL_P_R03_H014,OUT_BALL_P_R03,OUT,20.33297593,2.245691323,0.3907502902,2644.580693,0.3953234449,0.59092931,0.4018583631,2644.580693
OUT_BALL_P_R03_H015,OUT_BALL_P_R03,OUT,18.65704988,2.0623054,0.3588411396,2428.620972,0.3981062176,0.59092931,0.4056235354,2428.620972
OUT_BALL_P_R03_H016,OUT_BALL_P_R03,OUT,17.31907622,1.915580906,0.3333110777,2255.834642,0.4009828928,0.59092931,0.4093661694,2255.834642
OUT_BALL_P_R03_H017,OUT_BALL_P_R03,OUT,15.6948904,1.737120897,0.3022590361,2045.675796,0.4054752024,0.59092931,0.4150259435,2045.675796
OUT_BALL_P_R03_H018,OUT_BALL_P_R03,OUT,14.57462306,1.61382421,0.2808054126,1900.478621,0.4093785147,0.59092931,0.4198227317,1900.478621
OUT_BALL_P_R03_H019,OUT_BALL_P_R03,OUT,12.94418901,1.434106158,0.2495344715,1688.838274,0.4165910458,0.59092931,0.4284938883,1688.838274
OUT_BALL_P_R03_H020,OUT_BALL_P_R03,OUT,11.95197946,1.324593333,0.2304792399,1559.873308,0.42211536,0.59092931,0.4350178239,1559.873308
OUT_BALL_P_R03_H021,OUT_BALL_P_R03,OUT,10.38316958,1.151240191,0.2003157933,1355.728435,0.4332149053,0.59092931,0.4479205752,1355.728435
OUT_BALL_P_R03_H022,OUT_BALL_P_R03,OUT,9.545824771,1.058623391,0.18420047,1246.660639,0.4406862924,0.59092931,0.4564954834,1246.660639
OUT_BALL_P_R03_H023,OUT_BALL_P_R03,OUT,8.013028026,0.8889413434,0.1546757938,1046.838936,0.4583008883,0.59092931,0.4764787354,1046.838936
OUT_BALL_P_R03_H024,OUT_BALL_P_R03,OUT,7.325940043,0.8128266147,0.141431831,957.2043807,0.46842524,0.59092931,0.4878590378,957.2043807
OUT_BALL_P_R03_H025,OUT_BALL_P_R03,OUT,5.83821277,0.6479215924,0.1127383571,763.0082178,0.4975234869,0.59092931,0.5202966572,763.0082178
OUT_BALL_P_R03_H026,OUT_BALL_P_R03,OUT,5.411772898,0.6006321115,0.1045099874,707.3189755,0.5083898807,0.59092931,0.5323388204,707.3189755
OUT_BALL_N_R03_H001,OUT_BALL_N_R03,OUT,52.68639917,5.645708951,0.9823533575,6648.524104,0.3969919899,0.59092931,0.3946414548,6648.524104
OUT_BALL_N_R03_H002,OUT_BALL_N_R03,OUT,49.21799287,5.298077997,0.9218655714,6239.145442,0.3953562091,0.59092931,0.3934806797,6239.145442
OUT_BALL_N_R03_H003,OUT_BALL_N_R03,OUT,44.38939164,4.806106241,0.8362624859,5659.787543,0.3931880904,0.59092931,0.3920881424,5659.787543
OUT_BALL_N_R03_H004,OUT_BALL_N_R03,OUT,41.55951402,4.513756251,0.7853935878,5315.509088,0.3920306865,0.59092931,0.3914593131,5315.509088
OUT_BALL_N_R03_H005,OUT_BALL_N_R03,OUT,37.90385688,4.132047548,0.7189762734,4865.99964,0.3907473719,0.59092931,0.3909568825,4865.99964
OUT_BALL_N_R03_H006,OUT_BALL_N_R03,OUT,35.66170952,3.895826372,0.6778737887,4587.819841,0.3901322387,0.59092931,0.3908845895,4587.819841
OUT_BALL_N_R03_H007,OUT_BALL_N_R03,OUT,32.76583522,3.588537824,0.6244055814,4225.949377,0.3896152743,0.59092931,0.3911535063,4225.949377
OUT_BALL_N_R03_H008,OUT_BALL_N_R03,OUT,30.76383562,3.374748945,0.5872063165,3974.186396,0.3895019227,0.59092931,0.3916478241,3974.186396
OUT_BALL_N_R03_H009,OUT_BALL_N_R03,OUT,28.49857439,3.131608316,0.5448998469,3687.85808,0.3896946022,0.59092931,0.3926018153,3687.85808
OUT_BALL_N_R03_H010,OUT_BALL_N_R03,OUT,26.54750423,2.921206783,0.5082899802,3440.08412,0.3902128581,0.59092931,0.3938479127,3440.08412
OUT_BALL_N_R03_H011,OUT_BALL_N_R03,OUT,24.70475308,2.721707622,0.4735771262,3205.149058,0.3910876582,0.59092931,0.3954809597,3205.149058
OUT_BALL_N_R03_H012,OUT_BALL_N_R03,OUT,22.89103819,2.524664437,0.4392916121,2973.106214,0.3924138501,0.59092931,0.3976310124,2973.106214
OUT_BALL_N_R03_H013,OUT_BALL_N_R03,OUT,21.24556849,2.345351027,0.4080910787,2761.942383,0.3941225356,0.59092931,0.4001642082,2761.942383
OUT_BALL_N_R03_H014,OUT_BALL_N_R03,OUT,19.62628815,2.168419281,0.3773049549,2553.583258,0.3963982841,0.59092931,0.4033346947,2553.583258
OUT_BALL_N_R03_H015,OUT_BALL_N_R03,OUT,18.18789298,2.010887831,0.3498944825,2368.070393,0.3990411836,0.59092931,0.4068532375,2368.070393
OUT_BALL_N_R03_H016,OUT_BALL_N_R03,OUT,16.68169717,1.84559176,0.3211329663,2173.413722,0.4026004946,0.59092931,0.4114254854,2173.413722
OUT_BALL_N_R03_H017,OUT_BALL_N_R03,OUT,15.52755444,1.718714152,0.2990562625,2023.999567,0.4060120666,0.59092931,0.4156913219,2023.999567
OUT_BALL_N_R03_H018,OUT_BALL_N_R03,OUT,14.02608896,1.553395535,0.2702908231,1829.316344,0.411580601,0.59092931,0.4224928207,1829.316344
OUT_BALL_N_R03_H019,OUT_BALL_N_R03,OUT,13.03495182,1.444118649,0.2512766449,1700.629227,0.4161330959,0.59092931,0.4279490946,1700.629227
OUT_BALL_N_R03_H020,OUT_BALL_N_R03,OUT,11.49088911,1.27366726,0.2216181032,1499.901527,0.4250436853,0.59092931,0.4384451153,1499.901527
OUT_BALL_N_R03_H021,OUT_BALL_N_R03,OUT,10.69568341,1.185791147,0.2063276595,1396.41648,0.4307305488,0.59092931,0.4450518221,1396.41648
OUT_BALL_N_R03_H022,OUT_BALL_N_R03,OUT,9.204389315,1.020841489,0.1776264191,1202.167753,0.4441205927,0.59092931,0.4604143741,1202.167753
OUT_BALL_N_R03_H023,OUT_BALL_N_R03,OUT,8.468360579,0.939365064,0.1634495211,1106.219135,0.4524343246,0.59092931,0.469853007,1106.219135
OUT_BALL_N_R03_H024,OUT_BALL_N_R03,OUT,7.046623377,0.7818757622,0.1360463826,920.7559044,0.4730524786,0.59092931,0.4930410737,920.7559044
OUT_BALL_N_R03_H025,OUT_BALL_N_R03,OUT,6.440167427,0.714659126,0.1243506879,841.5999598,0.4843245639,0.59092931,0.5056234925,841.5999598
OUT_BALL_N_R03_H026,OUT_BALL_N_R03,OUT,5.074847419,0.5632632952,0.09800781336,663.312549,0.5180633083,0.59092931,0.5430360135,663.312549
OUT_BALL_P_R04_H001,OUT_BALL_P_R04,OUT,58.54941787,6.221422095,1.082527444,7326.497898,0.3997913716,0.59092931,0.3967631934,7326.497898
OUT_BALL_P_R04_H002,OUT_BALL_P_R04,OUT,52.14909874,5.592187037,0.9730405444,6585.495397,0.3967363862,0.59092931,0.3944554706,6585.495397
OUT_BALL_P_R04_H003,OUT_BALL_P_R04,OUT,48.25720863,5.20090854,0.904958086,6124.716328,0.3949115808,0.59092931,0.393179022,6124.716328
OUT_BALL_P_R04_H004,OUT_BALL_P_R04,OUT,43.6900762,4.7341269,0.8237380806,5575.022921,0.3928919883,0.59092931,0.3919170954,5575.022921
OUT_BALL_P_R04_H005,OUT_BALL_P_R04,OUT,40.59293661,4.413261058,0.767907424,5197.163505,0.3916641459,0.59092931,0.3912877719,5197.163505
OUT_BALL_P_R04_H006,OUT_BALL_P_R04,OUT,37.23737851,4.061991945,0.7067865984,4783.500459,0.3905483152,0.59092931,0.3909137017,4783.500459
OUT_BALL_P_R04_H007,OUT_BALL_P_R04,OUT,34.84223971,3.809114271,0.6627858831,4485.705563,0.3899502,0.59092931,0.3909146634,4485.705563
OUT_BALL_P_R04_H008,OUT_BALL_P_R04,OUT,32.14025037,3.521847668,0.6128014941,4147.413427,0.3895552984,0.59092931,0.3912773486,4147.413427
OUT_BALL_P_R04_H009,OUT_BALL_P_R04,OUT,29.94623385,3.287139216,0.5719622237,3871.01505,0.3895275709,0.59092931,0.3919386629,3871.01505
OUT_BALL_P_R04_H010,OUT_BALL_P_R04,OUT,27.75797825,3.051846737,0.5310213322,3593.928906,0.3898480378,0.59092931,0.3930231116,3593.928906
OUT_BALL_P_R04_H011,OUT_BALL_P_R04,OUT,25.84463379,2.845199232,0.4950646663,3350.57578,0.390497282,0.59092931,0.3944128917,3350.57578
OUT_BALL_P_R04_H012,OUT_BALL_P_R04,OUT,23.97799642,2.6428314,0.4598526636,3112.262503,0.3915572602,0.59092931,0.3962707989,3112.262503
OUT_BALL_P_R04_H013,OUT_BALL_P_R04,OUT,22.1624535,2.445329678,0.425487364,2879.679674,0.393104031,0.59092931,0.3986765476,2879.679674
OUT_BALL_P_R04_H014,OUT_BALL_P_R04,OUT,20.58477496,2.273203542,0.3955374163,2676.979751,0.3949720033,0.59092931,0.401368075,2676.979751
OUT_BALL_P_R04_H015,OUT_BALL_P_R04,OUT,18.97562516,2.097200221,0.3649128384,2469.713961,0.3975129301,0.59092931,0.4048352667,2469.713961
OUT_BALL_P_R04_H016,OUT_BALL_P_R04,OUT,17.61122536,1.947641463,0.3388896146,2293.589933,0.4002977728,0.59092931,0.4084851384,2293.589933
OUT_BALL_P_R04_H017,OUT_BALL_P_R04,OUT,16.03269294,1.774267423,0.3087225315,2089.420448,0.4044367043,0.59092931,0.4137329616,2089.420448
OUT_BALL_P_R04_H018,OUT_BALL_P_R04,OUT,14.86710716,1.646030383,0.2864092866,1938.405393,0.40828646,0.59092931,0.41848966,1938.405393
OUT_BALL_P_R04_H019,OUT_BALL_P_R04,OUT,13.3981201,1.484172396,0.2582459969,1747.797493,0.4143725245,0.59092931,0.4258481224,1747.797493
OUT_BALL_P_R04_H020,OUT_BALL_P_R04,OUT,12.38890311,1.372830488,0.2388725049,1616.678555,0.4195603379,0.59092931,0.4320108288,1616.678555
OUT_BALL_P_R04_H021,OUT_BALL_P_R04,OUT,10.97989865,1.21720581,0.211793811,1433.411152,0.4285983154,0.59092931,0.442581623,1433.411152
OUT_BALL_P_R04_H022,OUT_BALL_P_R04,OUT,10.10513197,1.120493659,0.1949658966,1319.520571,0.4355574989,0.59092931,0.4506171623,1319.520571
OUT_BALL_P_R04_H023,OUT_BALL_P_R04,OUT,8.706592378,0.9657410952,0.1680389506,1137.28019,0.4495960525,0.59092931,0.4666377044,1137.28019
OUT_BALL_P_R04_H024,OUT_BALL_P_R04,OUT,7.988428114,0.8862167319,0.1542017113,1043.630367,0.4586356131,0.59092931,0.4768560215,1043.630367
OUT_BALL_P_R04_H025,OUT_BALL_P_R04,OUT,6.625658241,0.73522024,0.1279283218,865.8132274,0.480682873,0.59092931,0.5015642819,865.8132274
OUT_BALL_P_R04_H026,OUT_BALL_P_R04,OUT,6.022911127,0.668400724,0.116301726,787.124941,0.4932301984,0.59092931,0.5155299687,787.124941
OUT_BALL_P_R04_H027,OUT_BALL_P_R04,OUT,4.769706054,0.529415483,0.09211829404,623.4525425,0.5278077493,0.59092931,0.5537938711,623.4525425
