runTime[ms],posValid[-],velValid[-],system[-],numSV[-],numSVGPS[-],numSVBDS[-],numSVGLN[ms],res[-],pDop[-],lon[deg],lat[deg],height[m],sepGeoid[m],hAcc[m^2],vAcc[m^2],velN[m/s],velE[m/s],velU[m/s],speed3D[m/s],speed2D[m/s],heading[deg],sAcc[(m/s)^2],cAcc[deg^2],
0,0,0,0,0,0,0,0,0,0.0,0.0,0.0,0.0,0.0,0.0,0.0,0.0,0.0,0.0,0.0,0.0,0.0,0.0,0.0,
5994,1,0,3,0,0,0,0,0,0.0,139.6929737314974,35.62847632743942,78.69595336914062,37.14466857910156,1000000.0,1000000.0,0.0,0.0,0.0,0.0,0.0,0.0,10000.0,1000000.0,
5994,1,0,3,0,0,0,0,0,0.0,139.6929737314974,35.62847632743942,78.69595336914062,37.14466857910156,1000000.0,1000000.0,0.0,0.0,0.0,0.0,0.0,0.0,10000.0,1000000.0,
6993,1,0,3,0,0,0,0,0,0.0,139.6929737314974,35.62847632743942,78.69595336914062,37.14466857910156,1000000.0,1000000.0,0.0,0.0,0.0,0.0,0.0,0.0,10000.0,1000000.0,
6993,1,0,3,0,0,0,0,0,0.0,139.6929737314974,35.62847632743942,78.69595336914062,37.14466857910156,1000000.0,1000000.0,0.0,0.0,0.0,0.0,0.0,0.0,10000.0,1000000.0,
7992,1,0,3,0,0,0,0,0,0.0,139.6929737314974,35.62847632743942,78.69595336914062,37.14466857910156,1000000.0,1000000.0,0.0,0.0,0.0,0.0,0.0,0.0,10000.0,1000000.0,
7992,1,0,3,0,0,0,0,0,0.0,139.6929737314974,35.62847632743942,78.69595336914062,37.14466857910156,1000000.0,1000000.0,0.0,0.0,0.0,0.0,0.0,0.0,10000.0,1000000.0,
8991,1,0,3,0,0,0,0,0,0.0,139.6929737314974,35.62847632743942,78.69595336914062,37.14466857910156,1000000.0,1000000.0,0.0,0.0,0.0,0.0,0.0,0.0,10000.0,1000000.0,
8991,1,0,3,0,0,0,0,0,0.0,139.6929737314974,35.62847632743942,78.69595336914062,37.14466857910156,1000000.0,1000000.0,0.0,0.0,0.0,0.0,0.0,0.0,10000.0,1000000.0,
9990,1,0,3,0,0,0,0,0,0.0,139.6929737314974,35.62847632743942,78.69595336914062,37.14466857910156,1000000.0,1000000.0,0.0,0.0,0.0,0.0,0.0,0.0,10000.0,1000000.0,
9990,1,0,3,0,0,0,0,0,0.0,139.6929737314974,35.62847632743942,78.69595336914062,37.14466857910156,1000000.0,1000000.0,0.0,0.0,0.0,0.0,0.0,0.0,10000.0,1000000.0,
10989,1,0,3,0,0,0,0,0,0.0,139.6929737314974,35.62847632743942,78.69595336914062,37.14466857910156,1000000.0,1000000.0,0.0,0.0,0.0,0.0,0.0,0.0,10000.0,1000000.0,
10989,1,0,3,0,0,0,0,0,0.0,139.6929737314974,35.62847632743942,78.69595336914062,37.14466857910156,1000000.0,1000000.0,0.0,0.0,0.0,0.0,0.0,0.0,10000.0,1000000.0,
11988,1,0,3,0,0,0,0,0,0.0,139.6929737314974,35.62847632743942,78.69595336914062,37.14466857910156,1000000.0,1000000.0,0.0,0.0,0.0,0.0,0.0,0.0,10000.0,1000000.0,
11988,1,0,3,0,0,0,0,0,0.0,139.6929737314974,35.62847632743942,78.69595336914062,37.14466857910156,1000000.0,1000000.0,0.0,0.0,0.0,0.0,0.0,0.0,10000.0,1000000.0,
12987,1,0,3,0,0,0,0,0,0.0,139.6929737314974,35.62847632743942,78.69595336914062,37.14466857910156,1000000.0,1000000.0,0.0,0.0,0.0,0.0,0.0,0.0,10000.0,1000000.0,
12987,1,0,3,0,0,0,0,0,0.0,139.6929737314974,35.62847632743942,78.69595336914062,37.14466857910156,1000000.0,1000000.0,0.0,0.0,0.0,0.0,0.0,0.0,10000.0,1000000.0,
13986,1,0,3,0,0,0,0,0,0.0,139.6929737314974,35.62847632743942,78.69595336914062,37.14466857910156,1000000.0,1000000.0,0.0,0.0,0.0,0.0,0.0,0.0,10000.0,1000000.0,
13986,1,0,3,0,0,0,0,0,0.0,139.6929737314974,35.62847632743942,78.69595336914062,37.14466857910156,1000000.0,1000000.0,0.0,0.0,0.0,0.0,0.0,0.0,10000.0,1000000.0,
14985,1,0,3,0,0,0,0,0,0.0,139.6929737314974,35.62847632743942,78.69595336914062,37.14466857910156,1000000.0,1000000.0,0.0,0.0,0.0,0.0,0.0,0.0,10000.0,1000000.0,
14985,1,0,3,0,0,0,0,0,0.0,139.6929737314974,35.62847632743942,78.69595336914062,37.14466857910156,1000000.0,1000000.0,0.0,0.0,0.0,0.0,0.0,0.0,10000.0,1000000.0,
15984,1,0,3,0,0,0,0,0,0.0,139.6929737314974,35.62847632743942,78.69595336914062,37.14466857910156,1000000.0,1000000.0,0.0,0.0,0.0,0.0,0.0,0.0,10000.0,1000000.0,
15984,1,0,3,0,0,0,0,0,0.0,139.6929737314974,35.62847632743942,78.69595336914062,37.14466857910156,1000000.0,1000000.0,0.0,0.0,0.0,0.0,0.0,0.0,10000.0,1000000.0,
16983,1,0,3,0,0,0,0,0,0.0,139.6929737314974,35.62847632743942,78.69595336914062,37.14466857910156,1000000.0,1000000.0,0.0,0.0,0.0,0.0,0.0,0.0,10000.0,1000000.0,
16983,1,0,3,0,0,0,0,0,0.0,139.6929737314974,35.62847632743942,78.69595336914062,37.14466857910156,1000000.0,1000000.0,0.0,0.0,0.0,0.0,0.0,0.0,10000.0,1000000.0,
17982,1,0,3,0,0,0,0,0,0.0,139.6929737314974,35.62847632743942,78.69595336914062,37.14466857910156,1000000.0,1000000.0,0.0,0.0,0.0,0.0,0.0,0.0,10000.0,1000000.0,
17982,1,0,3,0,0,0,0,0,0.0,139.6929737314974,35.62847632743942,78.69595336914062,37.14466857910156,1000000.0,1000000.0,0.0,0.0,0.0,0.0,0.0,0.0,10000.0,1000000.0,
18981,1,0,3,0,0,0,0,0,0.0,139.6929737314974,35.62847632743942,78.69595336914062,37.14466857910156,1000000.0,1000000.0,0.0,0.0,0.0,0.0,0.0,0.0,10000.0,1000000.0,
18981,1,0,3,0,0,0,0,0,0.0,139.6929737314974,35.62847632743942,78.69595336914062,37.14466857910156,1000000.0,1000000.0,0.0,0.0,0.0,0.0,0.0,0.0,10000.0,1000000.0,
19980,1,0,3,0,0,0,0,0,0.0,139.6929737314974,35.62847632743942,78.69595336914062,37.14466857910156,1000000.0,1000000.0,0.0,0.0,0.0,0.0,0.0,0.0,10000.0,1000000.0,
19980,1,0,3,0,0,0,0,0,0.0,139.6929737314974,35.62847632743942,78.69595336914062,37.14466857910156,1000000.0,1000000.0,0.0,0.0,0.0,0.0,0.0,0.0,10000.0,1000000.0,
20979,1,0,3,0,0,0,0,0,0.0,139.6929737314974,35.62847632743942,78.69595336914062,37.14466857910156,1000000.0,1000000.0,0.0,0.0,0.0,0.0,0.0,0.0,10000.0,1000000.0,
20979,1,0,3,0,0,0,0,0,0.0,139.6929737314974,35.62847632743942,78.69595336914062,37.14466857910156,1000000.0,1000000.0,0.0,0.0,0.0,0.0,0.0,0.0,10000.0,1000000.0,
21978,1,0,3,0,0,0,0,0,0.0,139.6929737314974,35.62847632743942,78.69595336914062,37.14466857910156,1000000.0,1000000.0,0.0,0.0,0.0,0.0,0.0,0.0,10000.0,1000000.0,
21978,1,0,3,0,0,0,0,0,0.0,139.6929737314974,35.62847632743942,78.69595336914062,37.14466857910156,1000000.0,1000000.0,0.0,0.0,0.0,0.0,0.0,0.0,10000.0,1000000.0,
22977,1,0,3,0,0,0,0,0,0.0,139.6929737314974,35.62847632743942,78.69595336914062,37.14466857910156,1000000.0,1000000.0,0.0,0.0,0.0,0.0,0.0,0.0,10000.0,1000000.0,
22977,1,0,3,0,0,0,0,0,0.0,139.6929737314974,35.62847632743942,78.69595336914062,37.14466857910156,1000000.0,1000000.0,0.0,0.0,0.0,0.0,0.0,0.0,10000.0,1000000.0,
23976,1,0,3,0,0,0,0,0,0.0,139.6929737314974,35.62847632743942,78.69595336914062,37.14466857910156,1000000.0,1000000.0,0.0,0.0,0.0,0.0,0.0,0.0,10000.0,1000000.0,
23976,1,0,3,0,0,0,0,0,0.0,139.6929737314974,35.62847632743942,78.69595336914062,37.14466857910156,1000000.0,1000000.0,0.0,0.0,0.0,0.0,0.0,0.0,10000.0,1000000.0,
24975,1,0,3,0,0,0,0,0,0.0,139.6929737314974,35.62847632743942,78.69595336914062,37.14466857910156,1000000.0,1000000.0,0.0,0.0,0.0,0.0,0.0,0.0,10000.0,1000000.0,
24975,1,0,3,0,0,0,0,0,0.0,139.6929737314974,35.62847632743942,78.69595336914062,37.14466857910156,1000000.0,1000000.0,0.0,0.0,0.0,0.0,0.0,0.0,10000.0,1000000.0,
25974,1,0,3,0,0,0,0,0,0.0,139.6929737314974,35.62847632743942,78.69595336914062,37.14466857910156,1000000.0,1000000.0,0.0,0.0,0.0,0.0,0.0,0.0,10000.0,1000000.0,
25974,1,0,3,0,0,0,0,0,0.0,139.6929737314974,35.62847632743942,78.69595336914062,37.14466857910156,1000000.0,1000000.0,0.0,0.0,0.0,0.0,0.0,0.0,10000.0,1000000.0,
26973,1,0,3,0,0,0,0,0,0.0,139.6929737314974,35.62847632743942,78.69595336914062,37.14466857910156,1000000.0,1000000.0,0.0,0.0,0.0,0.0,0.0,0.0,10000.0,1000000.0,
26973,1,0,3,0,0,0,0,0,0.0,139.6929737314974,35.62847632743942,78.69595336914062,37.14466857910156,1000000.0,1000000.0,0.0,0.0,0.0,0.0,0.0,0.0,10000.0,1000000.0,
27972,1,0,3,0,0,0,0,0,0.0,139.6929737314974,35.62847632743942,78.69595336914062,37.14466857910156,1000000.0,1000000.0,0.0,0.0,0.0,0.0,0.0,0.0,10000.0,1000000.0,
27972,1,0,3,0,0,0,0,0,0.0,139.6929737314974,35.62847632743942,78.69595336914062,37.14466857910156,1000000.0,1000000.0,0.0,0.0,0.0,0.0,0.0,0.0,10000.0,1000000.0,
28971,1,0,3,0,0,0,0,0,0.0,139.6929737314974,35.62847632743942,78.69595336914062,37.14466857910156,1000000.0,1000000.0,0.0,0.0,0.0,0.0,0.0,0.0,10000.0,1000000.0,
28971,1,0,3,0,0,0,0,0,0.0,139.6929737314974,35.62847632743942,78.69595336914062,37.14466857910156,1000000.0,1000000.0,0.0,0.0,0.0,0.0,0.0,0.0,10000.0,1000000.0,
29970,1,0,3,0,0,0,0,0,0.0,139.6929737314974,35.62847632743942,78.69595336914062,37.14466857910156,1000000.0,1000000.0,0.0,0.0,0.0,0.0,0.0,0.0,10000.0,1000000.0,
29970,1,0,3,0,0,0,0,0,0.0,139.6929737314974,35.62847632743942,78.69595336914062,37.14466857910156,1000000.0,1000000.0,0.0,0.0,0.0,0.0,0.0,0.0,10000.0,1000000.0,
30969,1,0,3,0,0,0,0,0,0.0,139.6929737314974,35.62847632743942,78.69595336914062,37.14466857910156,1000000.0,1000000.0,0.0,0.0,0.0,0.0,0.0,0.0,10000.0,1000000.0,
30969,1,0,3,0,0,0,0,0,0.0,139.6929737314974,35.62847632743942,78.69595336914062,37.14466857910156,1000000.0,1000000.0,0.0,0.0,0.0,0.0,0.0,0.0,10000.0,1000000.0,
31968,1,0,3,0,0,0,0,0,0.0,139.6929737314974,35.62847632743942,78.69595336914062,37.14466857910156,1000000.0,1000000.0,0.0,0.0,0.0,0.0,0.0,0.0,10000.0,1000000.0,
31968,1,0,3,0,0,0,0,0,0.0,139.6929737314974,35.62847632743942,78.69595336914062,37.14466857910156,1000000.0,1000000.0,0.0,0.0,0.0,0.0,0.0,0.0,10000.0,1000000.0,
32967,1,0,3,0,0,0,0,0,0.0,139.6929737314974,35.62847632743942,78.69595336914062,37.14466857910156,1000000.0,1000000.0,0.0,0.0,0.0,0.0,0.0,0.0,10000.0,1000000.0,
32967,1,0,3,0,0,0,0,0,0.0,139.6929737314974,35.62847632743942,78.69595336914062,37.14466857910156,1000000.0,1000000.0,0.0,0.0,0.0,0.0,0.0,0.0,10000.0,1000000.0,
33966,1,0,3,0,0,0,0,0,0.0,139.6929737314974,35.62847632743942,78.69595336914062,37.14466857910156,1000000.0,1000000.0,0.0,0.0,0.0,0.0,0.0,0.0,10000.0,1000000.0,
33966,1,0,3,0,0,0,0,0,0.0,139.6929737314974,35.62847632743942,78.69595336914062,37.14466857910156,1000000.0,1000000.0,0.0,0.0,0.0,0.0,0.0,0.0,10000.0,1000000.0,
34965,1,0,3,0,0,0,0,0,0.0,139.6929737314974,35.62847632743942,78.69595336914062,37.14466857910156,1000000.0,1000000.0,0.0,0.0,0.0,0.0,0.0,0.0,10000.0,1000000.0,
34965,1,0,3,0,0,0,0,0,0.0,139.6929737314974,35.62847632743942,78.69595336914062,37.14466857910156,1000000.0,1000000.0,0.0,0.0,0.0,0.0,0.0,0.0,10000.0,1000000.0,
35964,1,0,3,0,0,0,0,0,0.0,139.6929737314974,35.62847632743942,78.69595336914062,37.14466857910156,1000000.0,1000000.0,0.0,0.0,0.0,0.0,0.0,0.0,10000.0,1000000.0,
35964,1,0,3,0,0,0,0,0,0.0,139.6929737314974,35.62847632743942,78.69595336914062,37.14466857910156,1000000.0,1000000.0,0.0,0.0,0.0,0.0,0.0,0.0,10000.0,1000000.0,
36963,1,0,3,0,0,0,0,0,0.0,139.6929737314974,35.62847632743942,78.69595336914062,37.14466857910156,1000000.0,1000000.0,0.0,0.0,0.0,0.0,0.0,0.0,10000.0,1000000.0,
36963,1,0,3,0,0,0,0,0,0.0,139.6929737314974,35.62847632743942,78.69595336914062,37.14466857910156,1000000.0,1000000.0,0.0,0.0,0.0,0.0,0.0,0.0,10000.0,1000000.0,
37962,1,0,3,0,0,0,0,0,0.0,139.6929737314974,35.62847632743942,78.69595336914062,37.14466857910156,1000000.0,1000000.0,0.0,0.0,0.0,0.0,0.0,0.0,10000.0,1000000.0,
37962,1,0,3,0,0,0,0,0,0.0,139.6929737314974,35.62847632743942,78.69595336914062,37.14466857910156,1000000.0,1000000.0,0.0,0.0,0.0,0.0,0.0,0.0,10000.0,1000000.0,
38961,1,0,3,0,0,0,0,0,0.0,139.6929737314974,35.62847632743942,78.69595336914062,37.14466857910156,1000000.0,1000000.0,0.0,0.0,0.0,0.0,0.0,0.0,10000.0,1000000.0,
38961,1,0,3,0,0,0,0,0,0.0,139.6929737314974,35.62847632743942,78.69595336914062,37.14466857910156,1000000.0,1000000.0,0.0,0.0,0.0,0.0,0.0,0.0,10000.0,1000000.0,
39960,1,0,3,0,0,0,0,0,0.0,139.6929737314974,35.62847632743942,78.69595336914062,37.14466857910156,1000000.0,1000000.0,0.0,0.0,0.0,0.0,0.0,0.0,10000.0,1000000.0,
39960,1,0,3,0,0,0,0,0,0.0,139.6929737314974,35.62847632743942,78.69595336914062,37.14466857910156,1000000.0,1000000.0,0.0,0.0,0.0,0.0,0.0,0.0,10000.0,1000000.0,
40959,1,0,3,0,0,0,0,0,0.0,139.6929737314974,35.62847632743942,78.69595336914062,37.14466857910156,1000000.0,1000000.0,0.0,0.0,0.0,0.0,0.0,0.0,10000.0,1000000.0,
40959,1,0,3,0,0,0,0,0,0.0,139.6929737314974,35.62847632743942,78.69595336914062,37.14466857910156,1000000.0,1000000.0,0.0,0.0,0.0,0.0,0.0,0.0,10000.0,1000000.0,
41958,1,0,3,0,0,0,0,0,0.0,139.6929737314974,35.62847632743942,78.69595336914062,37.14466857910156,1000000.0,1000000.0,0.0,0.0,0.0,0.0,0.0,0.0,10000.0,1000000.0,
41958,1,0,3,0,0,0,0,0,0.0,139.6929737314974,35.62847632743942,78.69595336914062,37.14466857910156,1000000.0,1000000.0,0.0,0.0,0.0,0.0,0.0,0.0,10000.0,1000000.0,
42957,1,0,3,0,0,0,0,0,0.0,139.6929737314974,35.62847632743942,78.69595336914062,37.14466857910156,1000000.0,1000000.0,0.0,0.0,0.0,0.0,0.0,0.0,10000.0,1000000.0,
42957,1,0,3,0,0,0,0,0,0.0,139.6929737314974,35.62847632743942,78.69595336914062,37.14466857910156,1000000.0,1000000.0,0.0,0.0,0.0,0.0,0.0,0.0,10000.0,1000000.0,
43956,1,0,3,0,0,0,0,0,0.0,139.6929737314974,35.62847632743942,78.69595336914062,37.14466857910156,1000000.0,1000000.0,0.0,0.0,0.0,0.0,0.0,0.0,10000.0,1000000.0,
43956,1,0,3,0,0,0,0,0,0.0,139.6929737314974,35.62847632743942,78.69595336914062,37.14466857910156,1000000.0,1000000.0,0.0,0.0,0.0,0.0,0.0,0.0,10000.0,1000000.0,
44955,1,0,3,0,0,0,0,0,0.0,139.6929737314974,35.62847632743942,78.69595336914062,37.14466857910156,1000000.0,1000000.0,0.0,0.0,0.0,0.0,0.0,0.0,10000.0,1000000.0,
44955,1,0,3,0,0,0,0,0,0.0,139.6929737314974,35.62847632743942,78.69595336914062,37.14466857910156,1000000.0,1000000.0,0.0,0.0,0.0,0.0,0.0,0.0,10000.0,1000000.0,
45954,1,0,3,0,0,0,0,0,0.0,139.6929737314974,35.62847632743942,78.69595336914062,37.14466857910156,1000000.0,1000000.0,0.0,0.0,0.0,0.0,0.0,0.0,10000.0,1000000.0,
45954,1,0,3,0,0,0,0,0,0.0,139.6929737314974,35.62847632743942,78.69595336914062,37.14466857910156,1000000.0,1000000.0,0.0,0.0,0.0,0.0,0.0,0.0,10000.0,1000000.0,
46953,1,0,3,0,0,0,0,0,0.0,139.6929737314974,35.62847632743942,78.69595336914062,37.14466857910156,1000000.0,1000000.0,0.0,0.0,0.0,0.0,0.0,0.0,10000.0,1000000.0,
46953,1,0,3,0,0,0,0,0,0.0,139.6929737314974,35.62847632743942,78.69595336914062,37.14466857910156,1000000.0,1000000.0,0.0,0.0,0.0,0.0,0.0,0.0,10000.0,1000000.0,
47952,1,0,3,0,0,0,0,0,0.0,139.6929737314974,35.62847632743942,78.69595336914062,37.14466857910156,1000000.0,1000000.0,0.0,0.0,0.0,0.0,0.0,0.0,10000.0,1000000.0,
47952,1,0,3,0,0,0,0,0,0.0,139.6929737314974,35.62847632743942,78.69595336914062,37.14466857910156,1000000.0,1000000.0,0.0,0.0,0.0,0.0,0.0,0.0,10000.0,1000000.0,
48951,1,0,3,0,0,0,0,0,0.0,139.6929737314974,35.62847632743942,78.69595336914062,37.14466857910156,1000000.0,1000000.0,0.0,0.0,0.0,0.0,0.0,0.0,10000.0,1000000.0,
48951,1,0,3,0,0,0,0,0,0.0,139.6929737314974,35.62847632743942,78.69595336914062,37.14466857910156,1000000.0,1000000.0,0.0,0.0,0.0,0.0,0.0,0.0,10000.0,1000000.0,
49950,1,0,3,0,0,0,0,0,0.0,139.6929737314974,35.62847632743942,78.69595336914062,37.14466857910156,1000000.0,1000000.0,0.0,0.0,0.0,0.0,0.0,0.0,10000.0,1000000.0,
49950,1,0,3,0,0,0,0,0,0.0,139.6929737314974,35.62847632743942,78.69595336914062,37.14466857910156,1000000.0,1000000.0,0.0,0.0,0.0,0.0,0.0,0.0,10000.0,1000000.0,
50949,1,0,3,0,0,0,0,0,0.0,139.6929737314974,35.62847632743942,78.69595336914062,37.14466857910156,1000000.0,1000000.0,0.0,0.0,0.0,0.0,0.0,0.0,10000.0,1000000.0,
50949,1,0,3,0,0,0,0,0,0.0,139.6929737314974,35.62847632743942,78.69595336914062,37.14466857910156,1000000.0,1000000.0,0.0,0.0,0.0,0.0,0.0,0.0,10000.0,1000000.0,
51948,1,0,3,0,0,0,0,0,0.0,139.6929737314974,35.62847632743942,78.69595336914062,37.14466857910156,1000000.0,1000000.0,0.0,0.0,0.0,0.0,0.0,0.0,10000.0,1000000.0,
51948,1,0,3,0,0,0,0,0,0.0,139.6929737314974,35.62847632743942,78.69595336914062,37.14466857910156,1000000.0,1000000.0,0.0,0.0,0.0,0.0,0.0,0.0,10000.0,1000000.0,
52947,1,0,3,0,0,0,0,0,0.0,139.6929737314974,35.62847632743942,78.69595336914062,37.14466857910156,1000000.0,1000000.0,0.0,0.0,0.0,0.0,0.0,0.0,10000.0,1000000.0,
52947,1,0,3,0,0,0,0,0,0.0,139.6929737314974,35.62847632743942,78.69595336914062,37.14466857910156,1000000.0,1000000.0,0.0,0.0,0.0,0.0,0.0,0.0,10000.0,1000000.0,
53946,1,0,3,0,0,0,0,0,0.0,139.6929737314974,35.62847632743942,78.69595336914062,37.14466857910156,1000000.0,1000000.0,0.0,0.0,0.0,0.0,0.0,0.0,10000.0,1000000.0,
53946,1,0,3,0,0,0,0,0,0.0,139.6929737314974,35.62847632743942,78.69595336914062,37.14466857910156,1000000.0,1000000.0,0.0,0.0,0.0,0.0,0.0,0.0,10000.0,1000000.0,
54945,1,0,3,0,0,0,0,0,0.0,139.6929737314974,35.62847632743942,78.69595336914062,37.14466857910156,1000000.0,1000000.0,0.0,0.0,0.0,0.0,0.0,0.0,10000.0,1000000.0,
54945,1,0,3,0,0,0,0,0,0.0,139.6929737314974,35.62847632743942,78.69595336914062,37.14466857910156,1000000.0,1000000.0,0.0,0.0,0.0,0.0,0.0,0.0,10000.0,1000000.0,
55944,1,0,3,0,0,0,0,0,0.0,139.6929737314974,35.62847632743942,78.69595336914062,37.14466857910156,1000000.0,1000000.0,0.0,0.0,0.0,0.0,0.0,0.0,10000.0,1000000.0,
55944,1,0,3,0,0,0,0,0,0.0,139.6929737314974,35.62847632743942,78.69595336914062,37.14466857910156,1000000.0,1000000.0,0.0,0.0,0.0,0.0,0.0,0.0,10000.0,1000000.0,
56943,1,0,3,0,0,0,0,0,0.0,139.6929737314974,35.62847632743942,78.69595336914062,37.14466857910156,1000000.0,1000000.0,0.0,0.0,0.0,0.0,0.0,0.0,10000.0,1000000.0,
56943,1,0,3,0,0,0,0,0,0.0,139.6929737314974,35.62847632743942,78.69595336914062,37.14466857910156,1000000.0,1000000.0,0.0,0.0,0.0,0.0,0.0,0.0,10000.0,1000000.0,
57942,1,0,3,0,0,0,0,0,0.0,139.6929737314974,35.62847632743942,78.69595336914062,37.14466857910156,1000000.0,1000000.0,0.0,0.0,0.0,0.0,0.0,0.0,10000.0,1000000.0,
57942,1,0,3,0,0,0,0,0,0.0,139.6929737314974,35.62847632743942,78.69595336914062,37.14466857910156,1000000.0,1000000.0,0.0,0.0,0.0,0.0,0.0,0.0,10000.0,1000000.0,
58941,1,0,3,0,0,0,0,0,0.0,139.6929737314974,35.62847632743942,78.69595336914062,37.14466857910156,1000000.0,1000000.0,0.0,0.0,0.0,0.0,0.0,0.0,10000.0,1000000.0,
58941,1,0,3,0,0,0,0,0,0.0,139.6929737314974,35.62847632743942,78.69595336914062,37.14466857910156,1000000.0,1000000.0,0.0,0.0,0.0,0.0,0.0,0.0,10000.0,1000000.0,
59940,1,0,3,0,0,0,0,0,0.0,139.6929737314974,35.62847632743942,78.69595336914062,37.14466857910156,1000000.0,1000000.0,0.0,0.0,0.0,0.0,0.0,0.0,10000.0,1000000.0,
59940,1,0,3,0,0,0,0,0,0.0,139.6929737314974,35.62847632743942,78.69595336914062,37.14466857910156,1000000.0,1000000.0,0.0,0.0,0.0,0.0,0.0,0.0,10000.0,1000000.0,
60939,1,0,3,0,0,0,0,0,0.0,139.6929737314974,35.62847632743942,78.69595336914062,37.14466857910156,1000000.0,1000000.0,0.0,0.0,0.0,0.0,0.0,0.0,10000.0,1000000.0,
60939,1,0,3,0,0,0,0,0,0.0,139.6929737314974,35.62847632743942,78.69595336914062,37.14466857910156,1000000.0,1000000.0,0.0,0.0,0.0,0.0,0.0,0.0,10000.0,1000000.0,
61938,1,0,3,0,0,0,0,0,0.0,139.6929737314974,35.62847632743942,78.69595336914062,37.14466857910156,1000000.0,1000000.0,0.0,0.0,0.0,0.0,0.0,0.0,10000.0,1000000.0,
61938,1,0,3,0,0,0,0,0,0.0,139.6929737314974,35.62847632743942,78.69595336914062,37.14466857910156,1000000.0,1000000.0,0.0,0.0,0.0,0.0,0.0,0.0,10000.0,1000000.0,
62937,1,0,3,0,0,0,0,0,0.0,139.6929737314974,35.62847632743942,78.69595336914062,37.14466857910156,1000000.0,1000000.0,0.0,0.0,0.0,0.0,0.0,0.0,10000.0,1000000.0,
62937,1,0,3,0,0,0,0,0,0.0,139.6929737314974,35.62847632743942,78.69595336914062,37.14466857910156,1000000.0,1000000.0,0.0,0.0,0.0,0.0,0.0,0.0,10000.0,1000000.0,
63936,1,0,3,0,0,0,0,0,0.0,139.6929737314974,35.62847632743942,78.69595336914062,37.14466857910156,1000000.0,1000000.0,0.0,0.0,0.0,0.0,0.0,0.0,10000.0,1000000.0,
63936,1,0,3,0,0,0,0,0,0.0,139.6929737314974,35.62847632743942,78.69595336914062,37.14466857910156,1000000.0,1000000.0,0.0,0.0,0.0,0.0,0.0,0.0,10000.0,1000000.0,
64935,1,0,3,0,0,0,0,0,0.0,139.6929737314974,35.62847632743942,78.69595336914062,37.14466857910156,1000000.0,1000000.0,0.0,0.0,0.0,0.0,0.0,0.0,10000.0,1000000.0,
64935,1,0,3,0,0,0,0,0,0.0,139.6929737314974,35.62847632743942,78.69595336914062,37.14466857910156,1000000.0,1000000.0,0.0,0.0,0.0,0.0,0.0,0.0,10000.0,1000000.0,
65934,1,0,3,0,0,0,0,0,0.0,139.6929737314974,35.62847632743942,78.69595336914062,37.14466857910156,1000000.0,1000000.0,0.0,0.0,0.0,0.0,0.0,0.0,10000.0,1000000.0,
65934,1,0,3,0,0,0,0,0,0.0,139.6929737314974,35.62847632743942,78.69595336914062,37.14466857910156,1000000.0,1000000.0,0.0,0.0,0.0,0.0,0.0,0.0,10000.0,1000000.0,
66933,1,0,3,0,0,0,0,0,0.0,139.6929737314974,35.62847632743942,78.69595336914062,37.14466857910156,1000000.0,1000000.0,0.0,0.0,0.0,0.0,0.0,0.0,10000.0,1000000.0,
66933,1,0,3,0,0,0,0,0,0.0,139.6929737314974,35.62847632743942,78.69595336914062,37.14466857910156,1000000.0,1000000.0,0.0,0.0,0.0,0.0,0.0,0.0,10000.0,1000000.0,
67932,1,0,3,0,0,0,0,0,0.0,139.6929737314974,35.62847632743942,78.69595336914062,37.14466857910156,1000000.0,1000000.0,0.0,0.0,0.0,0.0,0.0,0.0,10000.0,1000000.0,
67932,1,0,3,0,0,0,0,0,0.0,139.6929737314974,35.62847632743942,78.69595336914062,37.14466857910156,1000000.0,1000000.0,0.0,0.0,0.0,0.0,0.0,0.0,10000.0,1000000.0,
68931,1,0,3,0,0,0,0,0,0.0,139.6929737314974,35.62847632743942,78.69595336914062,37.14466857910156,1000000.0,1000000.0,0.0,0.0,0.0,0.0,0.0,0.0,10000.0,1000000.0,
68931,1,0,3,0,0,0,0,0,0.0,139.6929737314974,35.62847632743942,78.69595336914062,37.14466857910156,1000000.0,1000000.0,0.0,0.0,0.0,0.0,0.0,0.0,10000.0,1000000.0,
69930,1,0,3,0,0,0,0,0,0.0,139.6929737314974,35.62847632743942,78.69595336914062,37.14466857910156,1000000.0,1000000.0,0.0,0.0,0.0,0.0,0.0,0.0,10000.0,1000000.0,
69930,1,0,3,0,0,0,0,0,0.0,139.6929737314974,35.62847632743942,78.69595336914062,37.14466857910156,1000000.0,1000000.0,0.0,0.0,0.0,0.0,0.0,0.0,10000.0,1000000.0,
70929,1,0,3,0,0,0,0,0,0.0,139.6929737314974,35.62847632743942,78.69595336914062,37.14466857910156,1000000.0,1000000.0,0.0,0.0,0.0,0.0,0.0,0.0,10000.0,1000000.0,
70929,1,0,3,0,0,0,0,0,0.0,139.6929737314974,35.62847632743942,78.69595336914062,37.14466857910156,1000000.0,1000000.0,0.0,0.0,0.0,0.0,0.0,0.0,10000.0,1000000.0,
71928,1,0,3,0,0,0,0,0,0.0,139.6929737314974,35.62847632743942,78.69595336914062,37.14466857910156,1000000.0,1000000.0,0.0,0.0,0.0,0.0,0.0,0.0,10000.0,1000000.0,
71928,1,0,3,0,0,0,0,0,0.0,139.6929737314974,35.62847632743942,78.69595336914062,37.14466857910156,1000000.0,1000000.0,0.0,0.0,0.0,0.0,0.0,0.0,10000.0,1000000.0,
72927,1,0,3,0,0,0,0,0,0.0,139.6929737314974,35.62847632743942,78.69595336914062,37.14466857910156,1000000.0,1000000.0,0.0,0.0,0.0,0.0,0.0,0.0,10000.0,1000000.0,
72927,1,0,3,0,0,0,0,0,0.0,139.6929737314974,35.62847632743942,78.69595336914062,37.14466857910156,1000000.0,1000000.0,0.0,0.0,0.0,0.0,0.0,0.0,10000.0,1000000.0,
73926,1,0,3,0,0,0,0,0,0.0,139.6929737314974,35.62847632743942,78.69595336914062,37.14466857910156,1000000.0,1000000.0,0.0,0.0,0.0,0.0,0.0,0.0,10000.0,1000000.0,
73926,1,0,3,0,0,0,0,0,0.0,139.6929737314974,35.62847632743942,78.69595336914062,37.14466857910156,1000000.0,1000000.0,0.0,0.0,0.0,0.0,0.0,0.0,10000.0,1000000.0,
74925,1,0,3,0,0,0,0,0,0.0,139.6929737314974,35.62847632743942,78.69595336914062,37.14466857910156,1000000.0,1000000.0,0.0,0.0,0.0,0.0,0.0,0.0,10000.0,1000000.0,
74925,1,0,3,0,0,0,0,0,0.0,139.6929737314974,35.62847632743942,78.69595336914062,37.14466857910156,1000000.0,1000000.0,0.0,0.0,0.0,0.0,0.0,0.0,10000.0,1000000.0,
75924,1,0,3,0,0,0,0,0,0.0,139.6929737314974,35.62847632743942,78.69595336914062,37.14466857910156,1000000.0,1000000.0,0.0,0.0,0.0,0.0,0.0,0.0,10000.0,1000000.0,
75924,1,0,3,0,0,0,0,0,0.0,139.6929737314974,35.62847632743942,78.69595336914062,37.14466857910156,1000000.0,1000000.0,0.0,0.0,0.0,0.0,0.0,0.0,10000.0,1000000.0,
76923,1,0,3,0,0,0,0,0,0.0,139.6929737314974,35.62847632743942,78.69595336914062,37.14466857910156,1000000.0,1000000.0,0.0,0.0,0.0,0.0,0.0,0.0,10000.0,1000000.0,
76923,1,0,3,0,0,0,0,0,0.0,139.6929737314974,35.62847632743942,78.69595336914062,37.14466857910156,1000000.0,1000000.0,0.0,0.0,0.0,0.0,0.0,0.0,10000.0,1000000.0,
77922,1,0,3,0,0,0,0,0,0.0,139.6929737314974,35.62847632743942,78.69595336914062,37.14466857910156,1000000.0,1000000.0,0.0,0.0,0.0,0.0,0.0,0.0,10000.0,1000000.0,
77922,1,0,3,0,0,0,0,0,0.0,139.6929737314974,35.62847632743942,78.69595336914062,37.14466857910156,1000000.0,1000000.0,0.0,0.0,0.0,0.0,0.0,0.0,10000.0,1000000.0,
78921,1,0,3,0,0,0,0,0,0.0,139.6929737314974,35.62847632743942,78.69595336914062,37.14466857910156,1000000.0,1000000.0,0.0,0.0,0.0,0.0,0.0,0.0,10000.0,1000000.0,
78921,1,0,3,0,0,0,0,0,0.0,139.6929737314974,35.62847632743942,78.69595336914062,37.14466857910156,1000000.0,1000000.0,0.0,0.0,0.0,0.0,0.0,0.0,10000.0,1000000.0,
79920,1,0,3,0,0,0,0,0,0.0,139.6929737314974,35.62847632743942,78.69595336914062,37.14466857910156,1000000.0,1000000.0,0.0,0.0,0.0,0.0,0.0,0.0,10000.0,1000000.0,
79920,1,0,3,0,0,0,0,0,0.0,139.6929737314974,35.62847632743942,78.69595336914062,37.14466857910156,1000000.0,1000000.0,0.0,0.0,0.0,0.0,0.0,0.0,10000.0,1000000.0,
80919,1,0,3,0,0,0,0,0,0.0,139.6929737314974,35.62847632743942,78.69595336914062,37.14466857910156,1000000.0,1000000.0,0.0,0.0,0.0,0.0,0.0,0.0,10000.0,1000000.0,
80919,1,0,3,0,0,0,0,0,0.0,139.6929737314974,35.62847632743942,78.69595336914062,37.14466857910156,1000000.0,1000000.0,0.0,0.0,0.0,0.0,0.0,0.0,10000.0,1000000.0,
81918,1,0,3,0,0,0,0,0,0.0,139.6929737314974,35.62847632743942,78.69595336914062,37.14466857910156,1000000.0,1000000.0,0.0,0.0,0.0,0.0,0.0,0.0,10000.0,1000000.0,
81918,1,0,3,0,0,0,0,0,0.0,139.6929737314974,35.62847632743942,78.69595336914062,37.14466857910156,1000000.0,1000000.0,0.0,0.0,0.0,0.0,0.0,0.0,10000.0,1000000.0,
82917,1,0,3,0,0,0,0,0,0.0,139.6929737314974,35.62847632743942,78.69595336914062,37.14466857910156,1000000.0,1000000.0,0.0,0.0,0.0,0.0,0.0,0.0,10000.0,1000000.0,
82917,1,0,3,0,0,0,0,0,0.0,139.6929737314974,35.62847632743942,78.69595336914062,37.14466857910156,1000000.0,1000000.0,0.0,0.0,0.0,0.0,0.0,0.0,10000.0,1000000.0,
83916,1,0,3,0,0,0,0,0,0.0,139.6929737314974,35.62847632743942,78.69595336914062,37.14466857910156,1000000.0,1000000.0,0.0,0.0,0.0,0.0,0.0,0.0,10000.0,1000000.0,
83916,1,0,3,0,0,0,0,0,0.0,139.6929737314974,35.62847632743942,78.69595336914062,37.14466857910156,1000000.0,1000000.0,0.0,0.0,0.0,0.0,0.0,0.0,10000.0,1000000.0,
84915,1,0,3,0,0,0,0,0,0.0,139.6929737314974,35.62847632743942,78.69595336914062,37.14466857910156,1000000.0,1000000.0,0.0,0.0,0.0,0.0,0.0,0.0,10000.0,1000000.0,
84915,1,0,3,0,0,0,0,0,0.0,139.6929737314974,35.62847632743942,78.69595336914062,37.14466857910156,1000000.0,1000000.0,0.0,0.0,0.0,0.0,0.0,0.0,10000.0,1000000.0,
85914,1,0,3,0,0,0,0,0,0.0,139.6929737314974,35.62847632743942,78.69595336914062,37.14466857910156,1000000.0,1000000.0,0.0,0.0,0.0,0.0,0.0,0.0,10000.0,1000000.0,
85914,1,0,3,0,0,0,0,0,0.0,139.6929737314974,35.62847632743942,78.69595336914062,37.14466857910156,1000000.0,1000000.0,0.0,0.0,0.0,0.0,0.0,0.0,10000.0,1000000.0,
86913,1,0,3,0,0,0,0,0,0.0,139.6929737314974,35.62847632743942,78.69595336914062,37.14466857910156,1000000.0,1000000.0,0.0,0.0,0.0,0.0,0.0,0.0,10000.0,1000000.0,
86913,1,0,3,0,0,0,0,0,0.0,139.6929737314974,35.62847632743942,78.69595336914062,37.14466857910156,1000000.0,1000000.0,0.0,0.0,0.0,0.0,0.0,0.0,10000.0,1000000.0,
87912,1,0,3,0,0,0,0,0,0.0,139.6929737314974,35.62847632743942,78.69595336914062,37.14466857910156,1000000.0,1000000.0,0.0,0.0,0.0,0.0,0.0,0.0,10000.0,1000000.0,
87912,1,0,3,0,0,0,0,0,0.0,139.6929737314974,35.62847632743942,78.69595336914062,37.14466857910156,1000000.0,1000000.0,0.0,0.0,0.0,0.0,0.0,0.0,10000.0,1000000.0,
88911,1,0,3,0,0,0,0,0,0.0,139.6929737314974,35.62847632743942,78.69595336914062,37.14466857910156,1000000.0,1000000.0,0.0,0.0,0.0,0.0,0.0,0.0,10000.0,1000000.0,
88911,1,0,3,0,0,0,0,0,0.0,139.6929737314974,35.62847632743942,78.69595336914062,37.14466857910156,1000000.0,1000000.0,0.0,0.0,0.0,0.0,0.0,0.0,10000.0,1000000.0,
89910,1,0,3,0,0,0,0,0,0.0,139.6929737314974,35.62847632743942,78.69595336914062,37.14466857910156,1000000.0,1000000.0,0.0,0.0,0.0,0.0,0.0,0.0,10000.0,1000000.0,
89910,1,0,3,0,0,0,0,0,0.0,139.6929737314974,35.62847632743942,78.69595336914062,37.14466857910156,1000000.0,1000000.0,0.0,0.0,0.0,0.0,0.0,0.0,10000.0,1000000.0,
90909,1,0,3,0,0,0,0,0,0.0,139.6929737314974,35.62847632743942,78.69595336914062,37.14466857910156,1000000.0,1000000.0,0.0,0.0,0.0,0.0,0.0,0.0,10000.0,1000000.0,
90909,1,0,3,0,0,0,0,0,0.0,139.6929737314974,35.62847632743942,78.69595336914062,37.14466857910156,1000000.0,1000000.0,0.0,0.0,0.0,0.0,0.0,0.0,10000.0,1000000.0,
91908,1,0,3,0,0,0,0,0,0.0,139.6929737314974,35.62847632743942,78.69595336914062,37.14466857910156,1000000.0,1000000.0,0.0,0.0,0.0,0.0,0.0,0.0,10000.0,1000000.0,
91908,1,0,3,0,0,0,0,0,0.0,139.6929737314974,35.62847632743942,78.69595336914062,37.14466857910156,1000000.0,1000000.0,0.0,0.0,0.0,0.0,0.0,0.0,10000.0,1000000.0,
92907,1,0,3,0,0,0,0,0,0.0,139.6929737314974,35.62847632743942,78.69595336914062,37.14466857910156,1000000.0,1000000.0,0.0,0.0,0.0,0.0,0.0,0.0,10000.0,1000000.0,
92907,1,0,3,0,0,0,0,0,0.0,139.6929737314974,35.62847632743942,78.69595336914062,37.14466857910156,1000000.0,1000000.0,0.0,0.0,0.0,0.0,0.0,0.0,10000.0,1000000.0,
93906,1,0,3,0,0,0,0,0,0.0,139.6929737314974,35.62847632743942,78.69595336914062,37.14466857910156,1000000.0,1000000.0,0.0,0.0,0.0,0.0,0.0,0.0,10000.0,1000000.0,
93906,1,0,3,0,0,0,0,0,0.0,139.6929737314974,35.62847632743942,78.69595336914062,37.14466857910156,1000000.0,1000000.0,0.0,0.0,0.0,0.0,0.0,0.0,10000.0,1000000.0,
94905,1,0,3,0,0,0,0,0,0.0,139.6929737314974,35.62847632743942,78.69595336914062,37.14466857910156,1000000.0,1000000.0,0.0,0.0,0.0,0.0,0.0,0.0,10000.0,1000000.0,
94905,1,0,3,0,0,0,0,0,0.0,139.6929737314974,35.62847632743942,78.69595336914062,37.14466857910156,1000000.0,1000000.0,0.0,0.0,0.0,0.0,0.0,0.0,10000.0,1000000.0,
95904,1,0,3,0,0,0,0,0,0.0,139.6929737314974,35.62847632743942,78.69595336914062,37.14466857910156,1000000.0,1000000.0,0.0,0.0,0.0,0.0,0.0,0.0,10000.0,1000000.0,
95904,1,0,3,0,0,0,0,0,0.0,139.6929737314974,35.62847632743942,78.69595336914062,37.14466857910156,1000000.0,1000000.0,0.0,0.0,0.0,0.0,0.0,0.0,10000.0,1000000.0,
96903,1,0,3,0,0,0,0,0,0.0,139.6929737314974,35.62847632743942,78.69595336914062,37.14466857910156,1000000.0,1000000.0,0.0,0.0,0.0,0.0,0.0,0.0,10000.0,1000000.0,
96903,1,0,3,0,0,0,0,0,0.0,139.6929737314974,35.62847632743942,78.69595336914062,37.14466857910156,1000000.0,1000000.0,0.0,0.0,0.0,0.0,0.0,0.0,10000.0,1000000.0,
97902,1,0,3,0,0,0,0,0,0.0,139.6929737314974,35.62847632743942,78.69595336914062,37.14466857910156,1000000.0,1000000.0,0.0,0.0,0.0,0.0,0.0,0.0,10000.0,1000000.0,
97902,1,0,3,0,0,0,0,0,0.0,139.6929737314974,35.62847632743942,78.69595336914062,37.14466857910156,1000000.0,1000000.0,0.0,0.0,0.0,0.0,0.0,0.0,10000.0,1000000.0,
98901,1,0,3,0,0,0,0,0,0.0,139.6929737314974,35.62847632743942,78.69595336914062,37.14466857910156,1000000.0,1000000.0,0.0,0.0,0.0,0.0,0.0,0.0,10000.0,1000000.0,
98901,1,0,3,0,0,0,0,0,0.0,139.6929737314974,35.62847632743942,78.69595336914062,37.14466857910156,1000000.0,1000000.0,0.0,0.0,0.0,0.0,0.0,0.0,10000.0,1000000.0,
99900,1,0,3,0,0,0,0,0,0.0,139.6929737314974,35.62847632743942,78.69595336914062,37.14466857910156,1000000.0,1000000.0,0.0,0.0,0.0,0.0,0.0,0.0,10000.0,1000000.0,
99900,1,0,3,0,0,0,0,0,0.0,139.6929737314974,35.62847632743942,78.69595336914062,37.14466857910156,1000000.0,1000000.0,0.0,0.0,0.0,0.0,0.0,0.0,10000.0,1000000.0,
100899,1,0,3,0,0,0,0,0,0.0,139.6929737314974,35.62847632743942,78.69595336914062,37.14466857910156,1000000.0,1000000.0,0.0,0.0,0.0,0.0,0.0,0.0,10000.0,1000000.0,
100899,1,0,3,0,0,0,0,0,0.0,139.6929737314974,35.62847632743942,78.69595336914062,37.14466857910156,1000000.0,1000000.0,0.0,0.0,0.0,0.0,0.0,0.0,10000.0,1000000.0,
101898,1,0,3,0,0,0,0,0,0.0,139.6929737314974,35.62847632743942,78.69595336914062,37.14466857910156,1000000.0,1000000.0,0.0,0.0,0.0,0.0,0.0,0.0,10000.0,1000000.0,
101898,1,0,3,0,0,0,0,0,0.0,139.6929737314974,35.62847632743942,78.69595336914062,37.14466857910156,1000000.0,1000000.0,0.0,0.0,0.0,0.0,0.0,0.0,10000.0,1000000.0,
102897,1,0,3,0,0,0,0,0,0.0,139.6929737314974,35.62847632743942,78.69595336914062,37.14466857910156,1000000.0,1000000.0,0.0,0.0,0.0,0.0,0.0,0.0,10000.0,1000000.0,
102897,1,0,3,0,0,0,0,0,0.0,139.6929737314974,35.62847632743942,78.69595336914062,37.14466857910156,1000000.0,1000000.0,0.0,0.0,0.0,0.0,0.0,0.0,10000.0,1000000.0,
103896,1,0,3,0,0,0,0,0,0.0,139.6929737314974,35.62847632743942,78.69595336914062,37.14466857910156,1000000.0,1000000.0,0.0,0.0,0.0,0.0,0.0,0.0,10000.0,1000000.0,
103896,1,0,3,0,0,0,0,0,0.0,139.6929737314974,35.62847632743942,78.69595336914062,37.14466857910156,1000000.0,1000000.0,0.0,0.0,0.0,0.0,0.0,0.0,10000.0,1000000.0,
104895,1,0,3,0,0,0,0,0,0.0,139.6929737314974,35.62847632743942,78.69595336914062,37.14466857910156,1000000.0,1000000.0,0.0,0.0,0.0,0.0,0.0,0.0,10000.0,1000000.0,
104895,1,0,3,0,0,0,0,0,0.0,139.6929737314974,35.62847632743942,78.69595336914062,37.14466857910156,1000000.0,1000000.0,0.0,0.0,0.0,0.0,0.0,0.0,10000.0,1000000.0,
105894,1,0,3,0,0,0,0,0,0.0,139.6929737314974,35.62847632743942,78.69595336914062,37.14466857910156,1000000.0,1000000.0,0.0,0.0,0.0,0.0,0.0,0.0,10000.0,1000000.0,
105894,1,0,3,0,0,0,0,0,0.0,139.6929737314974,35.62847632743942,78.69595336914062,37.14466857910156,1000000.0,1000000.0,0.0,0.0,0.0,0.0,0.0,0.0,10000.0,1000000.0,
106893,1,0,3,0,0,0,0,0,0.0,139.6929737314974,35.62847632743942,78.69595336914062,37.14466857910156,1000000.0,1000000.0,0.0,0.0,0.0,0.0,0.0,0.0,10000.0,1000000.0,
106893,1,0,3,0,0,0,0,0,0.0,139.6929737314974,35.62847632743942,78.69595336914062,37.14466857910156,1000000.0,1000000.0,0.0,0.0,0.0,0.0,0.0,0.0,10000.0,1000000.0,
107892,1,0,3,0,0,0,0,0,0.0,139.6929737314974,35.62847632743942,78.69595336914062,37.14466857910156,1000000.0,1000000.0,0.0,0.0,0.0,0.0,0.0,0.0,10000.0,1000000.0,
107892,1,0,3,0,0,0,0,0,0.0,139.6929737314974,35.62847632743942,78.69595336914062,37.14466857910156,1000000.0,1000000.0,0.0,0.0,0.0,0.0,0.0,0.0,10000.0,1000000.0,
108891,1,0,3,0,0,0,0,0,0.0,139.6929737314974,35.62847632743942,78.69595336914062,37.14466857910156,1000000.0,1000000.0,0.0,0.0,0.0,0.0,0.0,0.0,10000.0,1000000.0,
108891,1,0,3,0,0,0,0,0,0.0,139.6929737314974,35.62847632743942,78.69595336914062,37.14466857910156,1000000.0,1000000.0,0.0,0.0,0.0,0.0,0.0,0.0,10000.0,1000000.0,
109890,1,0,3,0,0,0,0,0,0.0,139.6929737314974,35.62847632743942,78.69595336914062,37.14466857910156,1000000.0,1000000.0,0.0,0.0,0.0,0.0,0.0,0.0,10000.0,1000000.0,
109890,1,0,3,0,0,0,0,0,0.0,139.6929737314974,35.62847632743942,78.69595336914062,37.14466857910156,1000000.0,1000000.0,0.0,0.0,0.0,0.0,0.0,0.0,10000.0,1000000.0,
110889,1,0,3,0,0,0,0,0,0.0,139.6929737314974,35.62847632743942,78.69595336914062,37.14466857910156,1000000.0,1000000.0,0.0,0.0,0.0,0.0,0.0,0.0,10000.0,1000000.0,
110889,1,0,3,0,0,0,0,0,0.0,139.6929737314974,35.62847632743942,78.69595336914062,37.14466857910156,1000000.0,1000000.0,0.0,0.0,0.0,0.0,0.0,0.0,10000.0,1000000.0,
111888,1,0,3,0,0,0,0,0,0.0,139.6929737314974,35.62847632743942,78.69595336914062,37.14466857910156,1000000.0,1000000.0,0.0,0.0,0.0,0.0,0.0,0.0,10000.0,1000000.0,
111888,1,0,3,0,0,0,0,0,0.0,139.6929737314974,35.62847632743942,78.69595336914062,37.14466857910156,1000000.0,1000000.0,0.0,0.0,0.0,0.0,0.0,0.0,10000.0,1000000.0,
112887,1,0,3,0,0,0,0,0,0.0,139.6929737314974,35.62847632743942,78.69595336914062,37.14466857910156,1000000.0,1000000.0,0.0,0.0,0.0,0.0,0.0,0.0,10000.0,1000000.0,
112887,1,0,3,0,0,0,0,0,0.0,139.6929737314974,35.62847632743942,78.69595336914062,37.14466857910156,1000000.0,1000000.0,0.0,0.0,0.0,0.0,0.0,0.0,10000.0,1000000.0,
113886,1,0,3,0,0,0,0,0,0.0,139.6929737314974,35.62847632743942,78.69595336914062,37.14466857910156,1000000.0,1000000.0,0.0,0.0,0.0,0.0,0.0,0.0,10000.0,1000000.0,
113886,1,0,3,0,0,0,0,0,0.0,139.6929737314974,35.62847632743942,78.69595336914062,37.14466857910156,1000000.0,1000000.0,0.0,0.0,0.0,0.0,0.0,0.0,10000.0,1000000.0,
114885,1,0,3,0,0,0,0,0,0.0,139.6929737314974,35.62847632743942,78.69595336914062,37.14466857910156,1000000.0,1000000.0,0.0,0.0,0.0,0.0,0.0,0.0,10000.0,1000000.0,
114885,1,0,3,0,0,0,0,0,0.0,139.6929737314974,35.62847632743942,78.69595336914062,37.14466857910156,1000000.0,1000000.0,0.0,0.0,0.0,0.0,0.0,0.0,10000.0,1000000.0,
115884,1,0,3,0,0,0,0,0,0.0,139.6929737314974,35.62847632743942,78.69595336914062,37.14466857910156,1000000.0,1000000.0,0.0,0.0,0.0,0.0,0.0,0.0,10000.0,1000000.0,
115884,1,0,3,0,0,0,0,0,0.0,139.6929737314974,35.62847632743942,78.69595336914062,37.14466857910156,1000000.0,1000000.0,0.0,0.0,0.0,0.0,0.0,0.0,10000.0,1000000.0,
116883,1,0,3,0,0,0,0,0,0.0,139.6929737314974,35.62847632743942,78.69595336914062,37.14466857910156,1000000.0,1000000.0,0.0,0.0,0.0,0.0,0.0,0.0,10000.0,1000000.0,
116883,1,0,3,0,0,0,0,0,0.0,139.6929737314974,35.62847632743942,78.69595336914062,37.14466857910156,1000000.0,1000000.0,0.0,0.0,0.0,0.0,0.0,0.0,10000.0,1000000.0,
117882,1,0,3,0,0,0,0,0,0.0,139.6929737314974,35.62847632743942,78.69595336914062,37.14466857910156,1000000.0,1000000.0,0.0,0.0,0.0,0.0,0.0,0.0,10000.0,1000000.0,
117882,1,0,3,0,0,0,0,0,0.0,139.6929737314974,35.62847632743942,78.69595336914062,37.14466857910156,1000000.0,1000000.0,0.0,0.0,0.0,0.0,0.0,0.0,10000.0,1000000.0,
118881,1,0,3,0,0,0,0,0,0.0,139.6929737314974,35.62847632743942,78.69595336914062,37.14466857910156,1000000.0,1000000.0,0.0,0.0,0.0,0.0,0.0,0.0,10000.0,1000000.0,
118881,1,0,3,0,0,0,0,0,0.0,139.6929737314974,35.62847632743942,78.69595336914062,37.14466857910156,1000000.0,1000000.0,0.0,0.0,0.0,0.0,0.0,0.0,10000.0,1000000.0,
119880,1,0,3,0,0,0,0,0,0.0,139.6929737314974,35.62847632743942,78.69595336914062,37.14466857910156,1000000.0,1000000.0,0.0,0.0,0.0,0.0,0.0,0.0,10000.0,1000000.0,
119880,1,0,3,0,0,0,0,0,0.0,139.6929737314974,35.62847632743942,78.69595336914062,37.14466857910156,1000000.0,1000000.0,0.0,0.0,0.0,0.0,0.0,0.0,10000.0,1000000.0,
120879,1,0,3,0,0,0,0,0,0.0,139.6929737314974,35.62847632743942,78.69595336914062,37.14466857910156,1000000.0,1000000.0,0.0,0.0,0.0,0.0,0.0,0.0,10000.0,1000000.0,
120879,1,0,3,0,0,0,0,0,0.0,139.6929737314974,35.62847632743942,78.69595336914062,37.14466857910156,1000000.0,1000000.0,0.0,0.0,0.0,0.0,0.0,0.0,10000.0,1000000.0,
121878,1,0,3,0,0,0,0,0,0.0,139.6929737314974,35.62847632743942,78.69595336914062,37.14466857910156,1000000.0,1000000.0,0.0,0.0,0.0,0.0,0.0,0.0,10000.0,1000000.0,
121878,1,0,3,0,0,0,0,0,0.0,139.6929737314974,35.62847632743942,78.69595336914062,37.14466857910156,1000000.0,1000000.0,0.0,0.0,0.0,0.0,0.0,0.0,10000.0,1000000.0,
122877,1,0,3,0,0,0,0,0,0.0,139.6929737314974,35.62847632743942,78.69595336914062,37.14466857910156,1000000.0,1000000.0,0.0,0.0,0.0,0.0,0.0,0.0,10000.0,1000000.0,
122877,1,0,3,0,0,0,0,0,0.0,139.6929737314974,35.62847632743942,78.69595336914062,37.14466857910156,1000000.0,1000000.0,0.0,0.0,0.0,0.0,0.0,0.0,10000.0,1000000.0,
123876,1,0,3,0,0,0,0,0,0.0,139.6929737314974,35.62847632743942,78.69595336914062,37.14466857910156,1000000.0,1000000.0,0.0,0.0,0.0,0.0,0.0,0.0,10000.0,1000000.0,
123876,1,0,3,0,0,0,0,0,0.0,139.6929737314974,35.62847632743942,78.69595336914062,37.14466857910156,1000000.0,1000000.0,0.0,0.0,0.0,0.0,0.0,0.0,10000.0,1000000.0,
124875,1,0,3,0,0,0,0,0,0.0,139.6929737314974,35.62847632743942,78.69595336914062,37.14466857910156,1000000.0,1000000.0,0.0,0.0,0.0,0.0,0.0,0.0,10000.0,1000000.0,
124875,1,0,3,0,0,0,0,0,0.0,139.6929737314974,35.62847632743942,78.69595336914062,37.14466857910156,1000000.0,1000000.0,0.0,0.0,0.0,0.0,0.0,0.0,10000.0,1000000.0,
125874,1,0,3,0,0,0,0,0,0.0,139.6929737314974,35.62847632743942,78.69595336914062,37.14466857910156,1000000.0,1000000.0,0.0,0.0,0.0,0.0,0.0,0.0,10000.0,1000000.0,
125874,1,0,3,0,0,0,0,0,0.0,139.6929737314974,35.62847632743942,78.69595336914062,37.14466857910156,1000000.0,1000000.0,0.0,0.0,0.0,0.0,0.0,0.0,10000.0,1000000.0,
126873,1,0,3,0,0,0,0,0,0.0,139.6929737314974,35.62847632743942,78.69595336914062,37.14466857910156,1000000.0,1000000.0,0.0,0.0,0.0,0.0,0.0,0.0,10000.0,1000000.0,
126873,1,0,3,0,0,0,0,0,0.0,139.6929737314974,35.62847632743942,78.69595336914062,37.14466857910156,1000000.0,1000000.0,0.0,0.0,0.0,0.0,0.0,0.0,10000.0,1000000.0,
127872,1,0,3,0,0,0,0,0,0.0,139.6929737314974,35.62847632743942,78.69595336914062,37.14466857910156,1000000.0,1000000.0,0.0,0.0,0.0,0.0,0.0,0.0,10000.0,1000000.0,
127872,1,0,3,0,0,0,0,0,0.0,139.6929737314974,35.62847632743942,78.69595336914062,37.14466857910156,1000000.0,1000000.0,0.0,0.0,0.0,0.0,0.0,0.0,10000.0,1000000.0,
128871,1,0,3,0,0,0,0,0,0.0,139.6929737314974,35.62847632743942,78.69595336914062,37.14466857910156,1000000.0,1000000.0,0.0,0.0,0.0,0.0,0.0,0.0,10000.0,1000000.0,
128871,1,0,3,0,0,0,0,0,0.0,139.6929737314974,35.62847632743942,78.69595336914062,37.14466857910156,1000000.0,1000000.0,0.0,0.0,0.0,0.0,0.0,0.0,10000.0,1000000.0,
129870,1,0,3,0,0,0,0,0,0.0,139.6929737314974,35.62847632743942,78.69595336914062,37.14466857910156,1000000.0,1000000.0,0.0,0.0,0.0,0.0,0.0,0.0,10000.0,1000000.0,
129870,1,0,3,0,0,0,0,0,0.0,139.6929737314974,35.62847632743942,78.69595336914062,37.14466857910156,1000000.0,1000000.0,0.0,0.0,0.0,0.0,0.0,0.0,10000.0,1000000.0,
130869,1,0,3,0,0,0,0,0,0.0,139.6929737314974,35.62847632743942,78.69595336914062,37.14466857910156,1000000.0,1000000.0,0.0,0.0,0.0,0.0,0.0,0.0,10000.0,1000000.0,
130869,1,0,3,0,0,0,0,0,0.0,139.6929737314974,35.62847632743942,78.69595336914062,37.14466857910156,1000000.0,1000000.0,0.0,0.0,0.0,0.0,0.0,0.0,10000.0,1000000.0,
131868,1,0,3,0,0,0,0,0,0.0,139.6929737314974,35.62847632743942,78.69595336914062,37.14466857910156,1000000.0,1000000.0,0.0,0.0,0.0,0.0,0.0,0.0,10000.0,1000000.0,
131868,1,0,3,0,0,0,0,0,0.0,139.6929737314974,35.62847632743942,78.69595336914062,37.14466857910156,1000000.0,1000000.0,0.0,0.0,0.0,0.0,0.0,0.0,10000.0,1000000.0,
132867,1,0,3,0,0,0,0,0,0.0,139.6929737314974,35.62847632743942,78.69595336914062,37.14466857910156,1000000.0,1000000.0,0.0,0.0,0.0,0.0,0.0,0.0,10000.0,1000000.0,
132867,1,0,3,0,0,0,0,0,0.0,139.6929737314974,35.62847632743942,78.69595336914062,37.14466857910156,1000000.0,1000000.0,0.0,0.0,0.0,0.0,0.0,0.0,10000.0,1000000.0,
133866,1,0,3,0,0,0,0,0,0.0,139.6929737314974,35.62847632743942,78.69595336914062,37.14466857910156,1000000.0,1000000.0,0.0,0.0,0.0,0.0,0.0,0.0,10000.0,1000000.0,
133866,1,0,3,0,0,0,0,0,0.0,139.6929737314974,35.62847632743942,78.69595336914062,37.14466857910156,1000000.0,1000000.0,0.0,0.0,0.0,0.0,0.0,0.0,10000.0,1000000.0,
134865,1,0,3,0,0,0,0,0,0.0,139.6929737314974,35.62847632743942,78.69595336914062,37.14466857910156,1000000.0,1000000.0,0.0,0.0,0.0,0.0,0.0,0.0,10000.0,1000000.0,
134865,1,0,3,0,0,0,0,0,0.0,139.6929737314974,35.62847632743942,78.69595336914062,37.14466857910156,1000000.0,1000000.0,0.0,0.0,0.0,0.0,0.0,0.0,10000.0,1000000.0,
135864,1,0,3,0,0,0,0,0,0.0,139.6929737314974,35.62847632743942,78.69595336914062,37.14466857910156,1000000.0,1000000.0,0.0,0.0,0.0,0.0,0.0,0.0,10000.0,1000000.0,
135864,1,0,3,0,0,0,0,0,0.0,139.6929737314974,35.62847632743942,78.69595336914062,37.14466857910156,1000000.0,1000000.0,0.0,0.0,0.0,0.0,0.0,0.0,10000.0,1000000.0,
136863,1,0,3,0,0,0,0,0,0.0,139.6929737314974,35.62847632743942,78.69595336914062,37.14466857910156,1000000.0,1000000.0,0.0,0.0,0.0,0.0,0.0,0.0,10000.0,1000000.0,
136863,1,0,3,0,0,0,0,0,0.0,139.6929737314974,35.62847632743942,78.69595336914062,37.14466857910156,1000000.0,1000000.0,0.0,0.0,0.0,0.0,0.0,0.0,10000.0,1000000.0,
137862,1,0,3,0,0,0,0,0,0.0,139.6929737314974,35.62847632743942,78.69595336914062,37.14466857910156,1000000.0,1000000.0,0.0,0.0,0.0,0.0,0.0,0.0,10000.0,1000000.0,
137862,1,0,3,0,0,0,0,0,0.0,139.6929737314974,35.62847632743942,78.69595336914062,37.14466857910156,1000000.0,1000000.0,0.0,0.0,0.0,0.0,0.0,0.0,10000.0,1000000.0,
138861,1,0,3,0,0,0,0,0,0.0,139.6929737314974,35.62847632743942,78.69595336914062,37.14466857910156,1000000.0,1000000.0,0.0,0.0,0.0,0.0,0.0,0.0,10000.0,1000000.0,
139860,1,0,3,0,0,0,0,0,0.0,139.6929737314974,35.62847632743942,78.69595336914062,37.14466857910156,1000000.0,1000000.0,0.0,0.0,0.0,0.0,0.0,0.0,10000.0,1000000.0,
139860,1,0,3,0,0,0,0,0,0.0,139.6929737314974,35.62847632743942,78.69595336914062,37.14466857910156,1000000.0,1000000.0,0.0,0.0,0.0,0.0,0.0,0.0,10000.0,1000000.0,
140859,1,0,3,0,0,0,0,0,0.0,139.6929737314974,35.62847632743942,78.69595336914062,37.14466857910156,1000000.0,1000000.0,0.0,0.0,0.0,0.0,0.0,0.0,10000.0,1000000.0,
140859,1,0,3,0,0,0,0,0,0.0,139.6929737314974,35.62847632743942,78.69595336914062,37.14466857910156,1000000.0,1000000.0,0.0,0.0,0.0,0.0,0.0,0.0,10000.0,1000000.0,
141858,1,0,3,0,0,0,0,0,0.0,139.6929737314974,35.62847632743942,78.69595336914062,37.14466857910156,1000000.0,1000000.0,0.0,0.0,0.0,0.0,0.0,0.0,10000.0,1000000.0,
141858,1,0,3,0,0,0,0,0,0.0,139.6929737314974,35.62847632743942,78.69595336914062,37.14466857910156,1000000.0,1000000.0,0.0,0.0,0.0,0.0,0.0,0.0,10000.0,1000000.0,
142857,1,0,3,0,0,0,0,0,0.0,139.6929737314974,35.62847632743942,78.69595336914062,37.14466857910156,1000000.0,1000000.0,0.0,0.0,0.0,0.0,0.0,0.0,10000.0,1000000.0,
142857,1,0,3,0,0,0,0,0,0.0,139.6929737314974,35.62847632743942,78.69595336914062,37.14466857910156,1000000.0,1000000.0,0.0,0.0,0.0,0.0,0.0,0.0,10000.0,1000000.0,
143856,1,0,3,0,0,0,0,0,0.0,139.6929737314974,35.62847632743942,78.69595336914062,37.14466857910156,1000000.0,1000000.0,0.0,0.0,0.0,0.0,0.0,0.0,10000.0,1000000.0,
143856,1,0,3,0,0,0,0,0,0.0,139.6929737314974,35.62847632743942,78.69595336914062,37.14466857910156,1000000.0,1000000.0,0.0,0.0,0.0,0.0,0.0,0.0,10000.0,1000000.0,
144855,1,0,3,0,0,0,0,0,0.0,139.6929737314974,35.62847632743942,78.69595336914062,37.14466857910156,1000000.0,1000000.0,0.0,0.0,0.0,0.0,0.0,0.0,10000.0,1000000.0,
144855,1,0,3,0,0,0,0,0,0.0,139.6929737314974,35.62847632743942,78.69595336914062,37.14466857910156,1000000.0,1000000.0,0.0,0.0,0.0,0.0,0.0,0.0,10000.0,1000000.0,
145854,1,0,3,0,0,0,0,0,0.0,139.6929737314974,35.62847632743942,78.69595336914062,37.14466857910156,1000000.0,1000000.0,0.0,0.0,0.0,0.0,0.0,0.0,10000.0,1000000.0,
145854,1,0,3,0,0,0,0,0,0.0,139.6929737314974,35.62847632743942,78.69595336914062,37.14466857910156,1000000.0,1000000.0,0.0,0.0,0.0,0.0,0.0,0.0,10000.0,1000000.0,
146853,1,0,3,0,0,0,0,0,0.0,139.6929737314974,35.62847632743942,78.69595336914062,37.14466857910156,1000000.0,1000000.0,0.0,0.0,0.0,0.0,0.0,0.0,10000.0,1000000.0,
146853,1,0,3,0,0,0,0,0,0.0,139.6929737314974,35.62847632743942,78.69595336914062,37.14466857910156,1000000.0,1000000.0,0.0,0.0,0.0,0.0,0.0,0.0,10000.0,1000000.0,
147852,1,0,3,0,0,0,0,0,0.0,139.6929737314974,35.62847632743942,78.69595336914062,37.14466857910156,1000000.0,1000000.0,0.0,0.0,0.0,0.0,0.0,0.0,10000.0,1000000.0,
147852,1,0,3,0,0,0,0,0,0.0,139.6929737314974,35.62847632743942,78.69595336914062,37.14466857910156,1000000.0,1000000.0,0.0,0.0,0.0,0.0,0.0,0.0,10000.0,1000000.0,
148851,1,0,3,0,0,0,0,0,0.0,139.6929737314974,35.62847632743942,78.69595336914062,37.14466857910156,1000000.0,1000000.0,0.0,0.0,0.0,0.0,0.0,0.0,10000.0,1000000.0,
148851,1,0,3,0,0,0,0,0,0.0,139.6929737314974,35.62847632743942,78.69595336914062,37.14466857910156,1000000.0,1000000.0,0.0,0.0,0.0,0.0,0.0,0.0,10000.0,1000000.0,
149850,1,0,3,0,0,0,0,0,0.0,139.6929737314974,35.62847632743942,78.69595336914062,37.14466857910156,1000000.0,1000000.0,0.0,0.0,0.0,0.0,0.0,0.0,10000.0,1000000.0,
149850,1,0,3,0,0,0,0,0,0.0,139.6929737314974,35.62847632743942,78.69595336914062,37.14466857910156,1000000.0,1000000.0,0.0,0.0,0.0,0.0,0.0,0.0,10000.0,1000000.0,
150849,1,0,3,0,0,0,0,0,0.0,139.6929737314974,35.62847632743942,78.69595336914062,37.14466857910156,1000000.0,1000000.0,0.0,0.0,0.0,0.0,0.0,0.0,10000.0,1000000.0,
150849,1,0,3,0,0,0,0,0,0.0,139.6929737314974,35.62847632743942,78.69595336914062,37.14466857910156,1000000.0,1000000.0,0.0,0.0,0.0,0.0,0.0,0.0,10000.0,1000000.0,
151848,1,0,3,0,0,0,0,0,0.0,139.6929737314974,35.62847632743942,78.69595336914062,37.14466857910156,1000000.0,1000000.0,0.0,0.0,0.0,0.0,0.0,0.0,10000.0,1000000.0,
152847,1,0,3,0,0,0,0,0,0.0,139.6929737314974,35.62847632743942,78.69595336914062,37.14466857910156,1000000.0,1000000.0,0.0,0.0,0.0,0.0,0.0,0.0,10000.0,1000000.0,
152847,1,0,3,0,0,0,0,0,0.0,139.6929737314974,35.62847632743942,78.69595336914062,37.14466857910156,1000000.0,1000000.0,0.0,0.0,0.0,0.0,0.0,0.0,10000.0,1000000.0,
153846,1,0,3,0,0,0,0,0,0.0,139.6929737314974,35.62847632743942,78.69595336914062,37.14466857910156,1000000.0,1000000.0,0.0,0.0,0.0,0.0,0.0,0.0,10000.0,1000000.0,
153846,1,0,3,0,0,0,0,0,0.0,139.6929737314974,35.62847632743942,78.69595336914062,37.14466857910156,1000000.0,1000000.0,0.0,0.0,0.0,0.0,0.0,0.0,10000.0,1000000.0,
154845,1,0,3,0,0,0,0,0,0.0,139.6929737314974,35.62847632743942,78.69595336914062,37.14466857910156,1000000.0,1000000.0,0.0,0.0,0.0,0.0,0.0,0.0,10000.0,1000000.0,
154845,1,0,3,0,0,0,0,0,0.0,139.6929737314974,35.62847632743942,78.69595336914062,37.14466857910156,1000000.0,1000000.0,0.0,0.0,0.0,0.0,0.0,0.0,10000.0,1000000.0,
155844,1,0,3,0,0,0,0,0,0.0,139.6929737314974,35.62847632743942,78.69595336914062,37.14466857910156,1000000.0,1000000.0,0.0,0.0,0.0,0.0,0.0,0.0,10000.0,1000000.0,
155844,1,0,3,0,0,0,0,0,0.0,139.6929737314974,35.62847632743942,78.69595336914062,37.14466857910156,1000000.0,1000000.0,0.0,0.0,0.0,0.0,0.0,0.0,10000.0,1000000.0,
156843,1,0,3,0,0,0,0,0,0.0,139.6929737314974,35.62847632743942,78.69595336914062,37.14466857910156,1000000.0,1000000.0,0.0,0.0,0.0,0.0,0.0,0.0,10000.0,1000000.0,
156843,1,0,3,0,0,0,0,0,0.0,139.6929737314974,35.62847632743942,78.69595336914062,37.14466857910156,1000000.0,1000000.0,0.0,0.0,0.0,0.0,0.0,0.0,10000.0,1000000.0,
157842,1,0,3,0,0,0,0,0,0.0,139.6929737314974,35.62847632743942,78.69595336914062,37.14466857910156,1000000.0,1000000.0,0.0,0.0,0.0,0.0,0.0,0.0,10000.0,1000000.0,
157842,1,0,3,0,0,0,0,0,0.0,139.6929737314974,35.62847632743942,78.69595336914062,37.14466857910156,1000000.0,1000000.0,0.0,0.0,0.0,0.0,0.0,0.0,10000.0,1000000.0,
158841,1,0,3,0,0,0,0,0,0.0,139.6929737314974,35.62847632743942,78.69595336914062,37.14466857910156,1000000.0,1000000.0,0.0,0.0,0.0,0.0,0.0,0.0,10000.0,1000000.0,
158841,1,0,3,0,0,0,0,0,0.0,139.6929737314974,35.62847632743942,78.69595336914062,37.14466857910156,1000000.0,1000000.0,0.0,0.0,0.0,0.0,0.0,0.0,10000.0,1000000.0,
159840,1,0,3,0,0,0,0,0,0.0,139.6929737314974,35.62847632743942,78.69595336914062,37.14466857910156,1000000.0,1000000.0,0.0,0.0,0.0,0.0,0.0,0.0,10000.0,1000000.0,
159840,1,0,3,0,0,0,0,0,0.0,139.6929737314974,35.62847632743942,78.69595336914062,37.14466857910156,1000000.0,1000000.0,0.0,0.0,0.0,0.0,0.0,0.0,10000.0,1000000.0,
160839,1,0,3,0,0,0,0,0,0.0,139.6929737314974,35.62847632743942,78.69595336914062,37.14466857910156,1000000.0,1000000.0,0.0,0.0,0.0,0.0,0.0,0.0,10000.0,1000000.0,
160839,1,0,3,0,0,0,0,0,0.0,139.6929737314974,35.62847632743942,78.69595336914062,37.14466857910156,1000000.0,1000000.0,0.0,0.0,0.0,0.0,0.0,0.0,10000.0,1000000.0,
161838,1,0,3,0,0,0,0,0,0.0,139.6929737314974,35.62847632743942,78.69595336914062,37.14466857910156,1000000.0,1000000.0,0.0,0.0,0.0,0.0,0.0,0.0,10000.0,1000000.0,
161838,1,0,3,0,0,0,0,0,0.0,139.6929737314974,35.62847632743942,78.69595336914062,37.14466857910156,1000000.0,1000000.0,0.0,0.0,0.0,0.0,0.0,0.0,10000.0,1000000.0,
162837,1,0,3,0,0,0,0,0,0.0,139.6929737314974,35.62847632743942,78.69595336914062,37.14466857910156,1000000.0,1000000.0,0.0,0.0,0.0,0.0,0.0,0.0,10000.0,1000000.0,
162837,1,0,3,0,0,0,0,0,0.0,139.6929737314974,35.62847632743942,78.69595336914062,37.14466857910156,1000000.0,1000000.0,0.0,0.0,0.0,0.0,0.0,0.0,10000.0,1000000.0,
163836,1,0,3,0,0,0,0,0,0.0,139.6929737314974,35.62847632743942,78.69595336914062,37.14466857910156,1000000.0,1000000.0,0.0,0.0,0.0,0.0,0.0,0.0,10000.0,1000000.0,
163836,1,0,3,0,0,0,0,0,0.0,139.6929737314974,35.62847632743942,78.69595336914062,37.14466857910156,1000000.0,1000000.0,0.0,0.0,0.0,0.0,0.0,0.0,10000.0,1000000.0,
164835,1,0,3,0,0,0,0,0,0.0,139.6929737314974,35.62847632743942,78.69595336914062,37.14466857910156,1000000.0,1000000.0,0.0,0.0,0.0,0.0,0.0,0.0,10000.0,1000000.0,
164835,1,0,3,0,0,0,0,0,0.0,139.6929737314974,35.62847632743942,78.69595336914062,37.14466857910156,1000000.0,1000000.0,0.0,0.0,0.0,0.0,0.0,0.0,10000.0,1000000.0,
165834,1,0,3,0,0,0,0,0,0.0,139.6929737314974,35.62847632743942,78.69595336914062,37.14466857910156,1000000.0,1000000.0,0.0,0.0,0.0,0.0,0.0,0.0,10000.0,1000000.0,
165834,1,0,3,0,0,0,0,0,0.0,139.6929737314974,35.62847632743942,78.69595336914062,37.14466857910156,1000000.0,1000000.0,0.0,0.0,0.0,0.0,0.0,0.0,10000.0,1000000.0,
166833,1,0,3,0,0,0,0,0,0.0,139.6929737314974,35.62847632743942,78.69595336914062,37.14466857910156,1000000.0,1000000.0,0.0,0.0,0.0,0.0,0.0,0.0,10000.0,1000000.0,
166833,1,0,3,0,0,0,0,0,0.0,139.6929737314974,35.62847632743942,78.69595336914062,37.14466857910156,1000000.0,1000000.0,0.0,0.0,0.0,0.0,0.0,0.0,10000.0,1000000.0,
167832,1,0,3,0,0,0,0,0,0.0,139.6929737314974,35.62847632743942,78.69595336914062,37.14466857910156,1000000.0,1000000.0,0.0,0.0,0.0,0.0,0.0,0.0,10000.0,1000000.0,
167832,1,0,3,0,0,0,0,0,0.0,139.6929737314974,35.62847632743942,78.69595336914062,37.14466857910156,1000000.0,1000000.0,0.0,0.0,0.0,0.0,0.0,0.0,10000.0,1000000.0,
168831,1,0,3,0,0,0,0,0,0.0,139.6929737314974,35.62847632743942,78.69595336914062,37.14466857910156,1000000.0,1000000.0,0.0,0.0,0.0,0.0,0.0,0.0,10000.0,1000000.0,
168831,1,0,3,0,0,0,0,0,0.0,139.6929737314974,35.62847632743942,78.69595336914062,37.14466857910156,1000000.0,1000000.0,0.0,0.0,0.0,0.0,0.0,0.0,10000.0,1000000.0,
169830,1,0,3,0,0,0,0,0,0.0,139.6929737314974,35.62847632743942,78.69595336914062,37.14466857910156,1000000.0,1000000.0,0.0,0.0,0.0,0.0,0.0,0.0,10000.0,1000000.0,
169830,1,0,3,0,0,0,0,0,0.0,139.6929737314974,35.62847632743942,78.69595336914062,37.14466857910156,1000000.0,1000000.0,0.0,0.0,0.0,0.0,0.0,0.0,10000.0,1000000.0,
170829,1,0,3,0,0,0,0,0,0.0,139.6929737314974,35.62847632743942,78.69595336914062,37.14466857910156,1000000.0,1000000.0,0.0,0.0,0.0,0.0,0.0,0.0,10000.0,1000000.0,
170829,1,0,3,0,0,0,0,0,0.0,139.6929737314974,35.62847632743942,78.69595336914062,37.14466857910156,1000000.0,1000000.0,0.0,0.0,0.0,0.0,0.0,0.0,10000.0,1000000.0,
171828,1,0,3,0,0,0,0,0,0.0,139.6929737314974,35.62847632743942,78.69595336914062,37.14466857910156,1000000.0,1000000.0,0.0,0.0,0.0,0.0,0.0,0.0,10000.0,1000000.0,
171828,1,0,3,0,0,0,0,0,0.0,139.6929737314974,35.62847632743942,78.69595336914062,37.14466857910156,1000000.0,1000000.0,0.0,0.0,0.0,0.0,0.0,0.0,10000.0,1000000.0,
172827,1,0,3,0,0,0,0,0,0.0,139.6929737314974,35.62847632743942,78.69595336914062,37.14466857910156,1000000.0,1000000.0,0.0,0.0,0.0,0.0,0.0,0.0,10000.0,1000000.0,
172827,1,0,3,0,0,0,0,0,0.0,139.6929737314974,35.62847632743942,78.69595336914062,37.14466857910156,1000000.0,1000000.0,0.0,0.0,0.0,0.0,0.0,0.0,10000.0,1000000.0,
173826,1,0,3,0,0,0,0,0,0.0,139.6929737314974,35.62847632743942,78.69595336914062,37.14466857910156,1000000.0,1000000.0,0.0,0.0,0.0,0.0,0.0,0.0,10000.0,1000000.0,
173826,1,0,3,0,0,0,0,0,0.0,139.6929737314974,35.62847632743942,78.69595336914062,37.14466857910156,1000000.0,1000000.0,0.0,0.0,0.0,0.0,0.0,0.0,10000.0,1000000.0,
174825,1,0,3,0,0,0,0,0,0.0,139.6929737314974,35.62847632743942,78.69595336914062,37.14466857910156,1000000.0,1000000.0,0.0,0.0,0.0,0.0,0.0,0.0,10000.0,1000000.0,
174825,1,0,3,0,0,0,0,0,0.0,139.6929737314974,35.62847632743942,78.69595336914062,37.14466857910156,1000000.0,1000000.0,0.0,0.0,0.0,0.0,0.0,0.0,10000.0,1000000.0,
175824,1,0,3,0,0,0,0,0,0.0,139.6929737314974,35.62847632743942,78.69595336914062,37.14466857910156,1000000.0,1000000.0,0.0,0.0,0.0,0.0,0.0,0.0,10000.0,1000000.0,
175824,1,0,3,0,0,0,0,0,0.0,139.6929737314974,35.62847632743942,78.69595336914062,37.14466857910156,1000000.0,1000000.0,0.0,0.0,0.0,0.0,0.0,0.0,10000.0,1000000.0,
176823,1,0,3,0,0,0,0,0,0.0,139.6929737314974,35.62847632743942,78.69595336914062,37.14466857910156,1000000.0,1000000.0,0.0,0.0,0.0,0.0,0.0,0.0,10000.0,1000000.0,
176823,1,0,3,0,0,0,0,0,0.0,139.6929737314974,35.62847632743942,78.69595336914062,37.14466857910156,1000000.0,1000000.0,0.0,0.0,0.0,0.0,0.0,0.0,10000.0,1000000.0,
177822,1,0,3,0,0,0,0,0,0.0,139.6929737314974,35.62847632743942,78.69595336914062,37.14466857910156,1000000.0,1000000.0,0.0,0.0,0.0,0.0,0.0,0.0,10000.0,1000000.0,
177822,1,0,3,0,0,0,0,0,0.0,139.6929737314974,35.62847632743942,78.69595336914062,37.14466857910156,1000000.0,1000000.0,0.0,0.0,0.0,0.0,0.0,0.0,10000.0,1000000.0,
178821,1,0,3,0,0,0,0,0,0.0,139.6929737314974,35.62847632743942,78.69595336914062,37.14466857910156,1000000.0,1000000.0,0.0,0.0,0.0,0.0,0.0,0.0,10000.0,1000000.0,
178821,1,0,3,0,0,0,0,0,0.0,139.6929737314974,35.62847632743942,78.69595336914062,37.14466857910156,1000000.0,1000000.0,0.0,0.0,0.0,0.0,0.0,0.0,10000.0,1000000.0,
179820,1,0,3,0,0,0,0,0,0.0,139.6929737314974,35.62847632743942,78.69595336914062,37.14466857910156,1000000.0,1000000.0,0.0,0.0,0.0,0.0,0.0,0.0,10000.0,1000000.0,
179820,1,0,3,0,0,0,0,0,0.0,139.6929737314974,35.62847632743942,78.69595336914062,37.14466857910156,1000000.0,1000000.0,0.0,0.0,0.0,0.0,0.0,0.0,10000.0,1000000.0,
180819,1,0,3,0,0,0,0,0,0.0,139.6929737314974,35.62847632743942,78.69595336914062,37.14466857910156,1000000.0,1000000.0,0.0,0.0,0.0,0.0,0.0,0.0,10000.0,1000000.0,
180819,1,0,3,0,0,0,0,0,0.0,139.6929737314974,35.62847632743942,78.69595336914062,37.14466857910156,1000000.0,1000000.0,0.0,0.0,0.0,0.0,0.0,0.0,10000.0,1000000.0,
181818,1,0,3,0,0,0,0,0,0.0,139.6929737314974,35.62847632743942,78.69595336914062,37.14466857910156,1000000.0,1000000.0,0.0,0.0,0.0,0.0,0.0,0.0,10000.0,1000000.0,
181818,1,0,3,0,0,0,0,0,0.0,139.6929737314974,35.62847632743942,78.69595336914062,37.14466857910156,1000000.0,1000000.0,0.0,0.0,0.0,0.0,0.0,0.0,10000.0,1000000.0,
182817,1,0,3,0,0,0,0,0,0.0,139.6929737314974,35.62847632743942,78.69595336914062,37.14466857910156,1000000.0,1000000.0,0.0,0.0,0.0,0.0,0.0,0.0,10000.0,1000000.0,
182817,1,0,3,0,0,0,0,0,0.0,139.6929737314974,35.62847632743942,78.69595336914062,37.14466857910156,1000000.0,1000000.0,0.0,0.0,0.0,0.0,0.0,0.0,10000.0,1000000.0,
183816,1,0,3,0,0,0,0,0,0.0,139.6929737314974,35.62847632743942,78.69595336914062,37.14466857910156,1000000.0,1000000.0,0.0,0.0,0.0,0.0,0.0,0.0,10000.0,1000000.0,
183816,1,0,3,0,0,0,0,0,0.0,139.6929737314974,35.62847632743942,78.69595336914062,37.14466857910156,1000000.0,1000000.0,0.0,0.0,0.0,0.0,0.0,0.0,10000.0,1000000.0,
184815,1,0,3,0,0,0,0,0,0.0,139.6929737314974,35.62847632743942,78.69595336914062,37.14466857910156,1000000.0,1000000.0,0.0,0.0,0.0,0.0,0.0,0.0,10000.0,1000000.0,
184815,1,0,3,0,0,0,0,0,0.0,139.6929737314974,35.62847632743942,78.69595336914062,37.14466857910156,1000000.0,1000000.0,0.0,0.0,0.0,0.0,0.0,0.0,10000.0,1000000.0,
185814,1,0,3,0,0,0,0,0,0.0,139.6929737314974,35.62847632743942,78.69595336914062,37.14466857910156,1000000.0,1000000.0,0.0,0.0,0.0,0.0,0.0,0.0,10000.0,1000000.0,
185814,1,0,3,0,0,0,0,0,0.0,139.6929737314974,35.62847632743942,78.69595336914062,37.14466857910156,1000000.0,1000000.0,0.0,0.0,0.0,0.0,0.0,0.0,10000.0,1000000.0,
186813,1,0,3,0,0,0,0,0,0.0,139.6929737314974,35.62847632743942,78.69595336914062,37.14466857910156,1000000.0,1000000.0,0.0,0.0,0.0,0.0,0.0,0.0,10000.0,1000000.0,
186813,1,0,3,0,0,0,0,0,0.0,139.6929737314974,35.62847632743942,78.69595336914062,37.14466857910156,1000000.0,1000000.0,0.0,0.0,0.0,0.0,0.0,0.0,10000.0,1000000.0,
187812,1,0,3,0,0,0,0,0,0.0,139.6929737314974,35.62847632743942,78.69595336914062,37.14466857910156,1000000.0,1000000.0,0.0,0.0,0.0,0.0,0.0,0.0,10000.0,1000000.0,
187812,1,0,3,0,0,0,0,0,0.0,139.6929737314974,35.62847632743942,78.69595336914062,37.14466857910156,1000000.0,1000000.0,0.0,0.0,0.0,0.0,0.0,0.0,10000.0,1000000.0,
188811,1,0,3,0,0,0,0,0,0.0,139.6929737314974,35.62847632743942,78.69595336914062,37.14466857910156,1000000.0,1000000.0,0.0,0.0,0.0,0.0,0.0,0.0,10000.0,1000000.0,
188811,1,0,3,0,0,0,0,0,0.0,139.6929737314974,35.62847632743942,78.69595336914062,37.14466857910156,1000000.0,1000000.0,0.0,0.0,0.0,0.0,0.0,0.0,10000.0,1000000.0,
189810,1,0,3,0,0,0,0,0,0.0,139.6929737314974,35.62847632743942,78.69595336914062,37.14466857910156,1000000.0,1000000.0,0.0,0.0,0.0,0.0,0.0,0.0,10000.0,1000000.0,
189810,1,0,3,0,0,0,0,0,0.0,139.6929737314974,35.62847632743942,78.69595336914062,37.14466857910156,1000000.0,1000000.0,0.0,0.0,0.0,0.0,0.0,0.0,10000.0,1000000.0,
190809,1,0,3,0,0,0,0,0,0.0,139.6929737314974,35.62847632743942,78.69595336914062,37.14466857910156,1000000.0,1000000.0,0.0,0.0,0.0,0.0,0.0,0.0,10000.0,1000000.0,
190809,1,0,3,0,0,0,0,0,0.0,139.6929737314974,35.62847632743942,78.69595336914062,37.14466857910156,1000000.0,1000000.0,0.0,0.0,0.0,0.0,0.0,0.0,10000.0,1000000.0,
191808,1,0,3,0,0,0,0,0,0.0,139.6929737314974,35.62847632743942,78.69595336914062,37.14466857910156,1000000.0,1000000.0,0.0,0.0,0.0,0.0,0.0,0.0,10000.0,1000000.0,
191808,1,0,3,0,0,0,0,0,0.0,139.6929737314974,35.62847632743942,78.69595336914062,37.14466857910156,1000000.0,1000000.0,0.0,0.0,0.0,0.0,0.0,0.0,10000.0,1000000.0,
192807,1,0,3,0,0,0,0,0,0.0,139.6929737314974,35.62847632743942,78.69595336914062,37.14466857910156,1000000.0,1000000.0,0.0,0.0,0.0,0.0,0.0,0.0,10000.0,1000000.0,
192807,1,0,3,0,0,0,0,0,0.0,139.6929737314974,35.62847632743942,78.69595336914062,37.14466857910156,1000000.0,1000000.0,0.0,0.0,0.0,0.0,0.0,0.0,10000.0,1000000.0,
193806,1,0,3,0,0,0,0,0,0.0,139.6929737314974,35.62847632743942,78.69595336914062,37.14466857910156,1000000.0,1000000.0,0.0,0.0,0.0,0.0,0.0,0.0,10000.0,1000000.0,
193806,1,0,3,0,0,0,0,0,0.0,139.6929737314974,35.62847632743942,78.69595336914062,37.14466857910156,1000000.0,1000000.0,0.0,0.0,0.0,0.0,0.0,0.0,10000.0,1000000.0,
194805,1,0,3,0,0,0,0,0,0.0,139.6929737314974,35.62847632743942,78.69595336914062,37.14466857910156,1000000.0,1000000.0,0.0,0.0,0.0,0.0,0.0,0.0,10000.0,1000000.0,
194805,1,0,3,0,0,0,0,0,0.0,139.6929737314974,35.62847632743942,78.69595336914062,37.14466857910156,1000000.0,1000000.0,0.0,0.0,0.0,0.0,0.0,0.0,10000.0,1000000.0,
195804,1,0,3,0,0,0,0,0,0.0,139.6929737314974,35.62847632743942,78.69595336914062,37.14466857910156,1000000.0,1000000.0,0.0,0.0,0.0,0.0,0.0,0.0,10000.0,1000000.0,
195804,1,0,3,0,0,0,0,0,0.0,139.6929737314974,35.62847632743942,78.69595336914062,37.14466857910156,1000000.0,1000000.0,0.0,0.0,0.0,0.0,0.0,0.0,10000.0,1000000.0,
196803,1,0,3,0,0,0,0,0,0.0,139.6929737314974,35.62847632743942,78.69595336914062,37.14466857910156,1000000.0,1000000.0,0.0,0.0,0.0,0.0,0.0,0.0,10000.0,1000000.0,
196803,1,0,3,0,0,0,0,0,0.0,139.6929737314974,35.62847632743942,78.69595336914062,37.14466857910156,1000000.0,1000000.0,0.0,0.0,0.0,0.0,0.0,0.0,10000.0,1000000.0,
197802,1,0,3,0,0,0,0,0,0.0,139.6929737314974,35.62847632743942,78.69595336914062,37.14466857910156,1000000.0,1000000.0,0.0,0.0,0.0,0.0,0.0,0.0,10000.0,1000000.0,
197802,1,0,3,0,0,0,0,0,0.0,139.6929737314974,35.62847632743942,78.69595336914062,37.14466857910156,1000000.0,1000000.0,0.0,0.0,0.0,0.0,0.0,0.0,10000.0,1000000.0,
198801,1,0,3,0,0,0,0,0,0.0,139.6929737314974,35.62847632743942,78.69595336914062,37.14466857910156,1000000.0,1000000.0,0.0,0.0,0.0,0.0,0.0,0.0,10000.0,1000000.0,
198801,1,0,3,0,0,0,0,0,0.0,139.6929737314974,35.62847632743942,78.69595336914062,37.14466857910156,1000000.0,1000000.0,0.0,0.0,0.0,0.0,0.0,0.0,10000.0,1000000.0,
199800,1,0,3,0,0,0,0,0,0.0,139.6929737314974,35.62847632743942,78.69595336914062,37.14466857910156,1000000.0,1000000.0,0.0,0.0,0.0,0.0,0.0,0.0,10000.0,1000000.0,
199800,1,0,3,0,0,0,0,0,0.0,139.6929737314974,35.62847632743942,78.69595336914062,37.14466857910156,1000000.0,1000000.0,0.0,0.0,0.0,0.0,0.0,0.0,10000.0,1000000.0,
200799,1,0,3,0,0,0,0,0,0.0,139.6929737314974,35.62847632743942,78.69595336914062,37.14466857910156,1000000.0,1000000.0,0.0,0.0,0.0,0.0,0.0,0.0,10000.0,1000000.0,
200799,1,0,3,0,0,0,0,0,0.0,139.6929737314974,35.62847632743942,78.69595336914062,37.14466857910156,1000000.0,1000000.0,0.0,0.0,0.0,0.0,0.0,0.0,10000.0,1000000.0,
201798,1,0,3,0,0,0,0,0,0.0,139.6929737314974,35.62847632743942,78.69595336914062,37.14466857910156,1000000.0,1000000.0,0.0,0.0,0.0,0.0,0.0,0.0,10000.0,1000000.0,
201798,1,0,3,0,0,0,0,0,0.0,139.6929737314974,35.62847632743942,78.69595336914062,37.14466857910156,1000000.0,1000000.0,0.0,0.0,0.0,0.0,0.0,0.0,10000.0,1000000.0,
202797,1,0,3,0,0,0,0,0,0.0,139.6929737314974,35.62847632743942,78.69595336914062,37.14466857910156,1000000.0,1000000.0,0.0,0.0,0.0,0.0,0.0,0.0,10000.0,1000000.0,
202797,1,0,3,0,0,0,0,0,0.0,139.6929737314974,35.62847632743942,78.69595336914062,37.14466857910156,1000000.0,1000000.0,0.0,0.0,0.0,0.0,0.0,0.0,10000.0,1000000.0,
203796,1,0,3,0,0,0,0,0,0.0,139.6929737314974,35.62847632743942,78.69595336914062,37.14466857910156,1000000.0,1000000.0,0.0,0.0,0.0,0.0,0.0,0.0,10000.0,1000000.0,
203796,1,0,3,0,0,0,0,0,0.0,139.6929737314974,35.62847632743942,78.69595336914062,37.14466857910156,1000000.0,1000000.0,0.0,0.0,0.0,0.0,0.0,0.0,10000.0,1000000.0,
204795,1,0,3,0,0,0,0,0,0.0,139.6929737314974,35.62847632743942,78.69595336914062,37.14466857910156,1000000.0,1000000.0,0.0,0.0,0.0,0.0,0.0,0.0,10000.0,1000000.0,
204795,1,0,3,0,0,0,0,0,0.0,139.6929737314974,35.62847632743942,78.69595336914062,37.14466857910156,1000000.0,1000000.0,0.0,0.0,0.0,0.0,0.0,0.0,10000.0,1000000.0,
205794,1,0,3,0,0,0,0,0,0.0,139.6929737314974,35.62847632743942,78.69595336914062,37.14466857910156,1000000.0,1000000.0,0.0,0.0,0.0,0.0,0.0,0.0,10000.0,1000000.0,
205794,1,0,3,0,0,0,0,0,0.0,139.6929737314974,35.62847632743942,78.69595336914062,37.14466857910156,1000000.0,1000000.0,0.0,0.0,0.0,0.0,0.0,0.0,10000.0,1000000.0,
206793,1,0,3,0,0,0,0,0,0.0,139.6929737314974,35.62847632743942,78.69595336914062,37.14466857910156,1000000.0,1000000.0,0.0,0.0,0.0,0.0,0.0,0.0,10000.0,1000000.0,
206793,1,0,3,0,0,0,0,0,0.0,139.6929737314974,35.62847632743942,78.69595336914062,37.14466857910156,1000000.0,1000000.0,0.0,0.0,0.0,0.0,0.0,0.0,10000.0,1000000.0,
207792,1,0,3,0,0,0,0,0,0.0,139.6929737314974,35.62847632743942,78.69595336914062,37.14466857910156,1000000.0,1000000.0,0.0,0.0,0.0,0.0,0.0,0.0,10000.0,1000000.0,
207792,1,0,3,0,0,0,0,0,0.0,139.6929737314974,35.62847632743942,78.69595336914062,37.14466857910156,1000000.0,1000000.0,0.0,0.0,0.0,0.0,0.0,0.0,10000.0,1000000.0,
208791,1,0,3,0,0,0,0,0,0.0,139.6929737314974,35.62847632743942,78.69595336914062,37.14466857910156,1000000.0,1000000.0,0.0,0.0,0.0,0.0,0.0,0.0,10000.0,1000000.0,
208791,1,0,3,0,0,0,0,0,0.0,139.6929737314974,35.62847632743942,78.69595336914062,37.14466857910156,1000000.0,1000000.0,0.0,0.0,0.0,0.0,0.0,0.0,10000.0,1000000.0,
209790,1,0,3,0,0,0,0,0,0.0,139.6929737314974,35.62847632743942,78.69595336914062,37.14466857910156,1000000.0,1000000.0,0.0,0.0,0.0,0.0,0.0,0.0,10000.0,1000000.0,
209790,1,0,3,0,0,0,0,0,0.0,139.6929737314974,35.62847632743942,78.69595336914062,37.14466857910156,1000000.0,1000000.0,0.0,0.0,0.0,0.0,0.0,0.0,10000.0,1000000.0,
210789,1,0,3,0,0,0,0,0,0.0,139.6929737314974,35.62847632743942,78.69595336914062,37.14466857910156,1000000.0,1000000.0,0.0,0.0,0.0,0.0,0.0,0.0,10000.0,1000000.0,
210789,1,0,3,0,0,0,0,0,0.0,139.6929737314974,35.62847632743942,78.69595336914062,37.14466857910156,1000000.0,1000000.0,0.0,0.0,0.0,0.0,0.0,0.0,10000.0,1000000.0,
211788,1,0,3,0,0,0,0,0,0.0,139.6929737314974,35.62847632743942,78.69595336914062,37.14466857910156,1000000.0,1000000.0,0.0,0.0,0.0,0.0,0.0,0.0,10000.0,1000000.0,
211788,1,0,3,0,0,0,0,0,0.0,139.6929737314974,35.62847632743942,78.69595336914062,37.14466857910156,1000000.0,1000000.0,0.0,0.0,0.0,0.0,0.0,0.0,10000.0,1000000.0,
212787,1,0,3,0,0,0,0,0,0.0,139.6929737314974,35.62847632743942,78.69595336914062,37.14466857910156,1000000.0,1000000.0,0.0,0.0,0.0,0.0,0.0,0.0,10000.0,1000000.0,
