segment_id,peaks,amplitude_pearson_r,amplitude_rmse_deg,amplitude_bias_deg,quality_gate_pass
IN_BALL_P_R01,41,0.9992995841506194,0.5587491181562348,1.327935051893114e-14,False
IN_BALL_N_R01,41,0.9995023851440054,0.46471349837051323,5.6106880659105474e-15,True
IN_BALL_P_R02,41,0.999445958361752,0.5034531547212288,8.870952752858568e-15,False
IN_BALL_N_R02,42,0.9994295226053798,0.5072164670684497,5.122886242198937e-15,False
IN_BALL_P_R03,43,0.9994032347190382,0.5222240552979807,7.301652822418471e-15,False
IN_BALL_N_R03,42,0.9995048251074267,0.46372704251986285,3.517820955169424e-14,True
OUT_BALL_N_R01,30,0.9997901604668792,0.30336567102922973,-1.27675647831893e-15,True
OUT_BALL_P_R02,31,0.999817268623293,0.29769120398503823,7.578167484215585e-15,True
OUT_BALL_N_R02,31,0.9996599532892118,0.3834773806538468,-1.192594410323152e-14,True
OUT_BALL_P_R03,32,0.9997467949308061,0.35222028949114925,-3.337034606976097e-10,True
OUT_BALL_N_R03,32,0.9998121533991177,0.28338010798888263,2.8796409701214998e-15,True
OUT_BALL_P_R04,32,0.999909233973138,0.21142801130861413,1.309369279667294e-14,True
