axis,input,scenario,scenario_key,noise_seed,q_N_per_sample,evaluation_start_s,rmse_m_s,bias_m_s,bias_removed_rms_m_s,mae_m_s,p95_abs_error_m_s,max_abs_error_m_s,observer_I_offset_percent,observer_K_offset_percent,observer_tau_offset_percent,observer_c_total_offset_percent
IN,自由振動ステップ,① 完全一致・無雑音,matched_clean,,3e-05,2,0.2622006191,-0.005132388078,0.2621503829,0.03754181926,0.02268513067,3.85168515,,,,
IN,自由振動ステップ,② OW-04係数ずれ,ow04_mismatch,,3e-05,2,1.201928214,-0.003654988396,1.201922657,0.9660234482,2.277023571,3.745425002,9.001246941,-8.802118225,0.8018667729,2.722079893
IN,自由振動ステップ,③ センサーノイズ,sensor_noise,20261020,3e-05,2,0.2776360238,-0.01520455719,0.2772193774,0.1170007022,0.1625775983,3.827837648,,,,
IN,自由振動ステップ,③ センサーノイズ,sensor_noise,20261021,3e-05,2,0.275111373,-0.009575026434,0.274944697,0.1116701254,0.1500852918,3.881070797,,,,
IN,自由振動ステップ,③ センサーノイズ,sensor_noise,20261022,3e-05,2,0.2745308787,-0.007754784745,0.2744213306,0.1130107169,0.1541774789,3.886886681,,,,
IN,自由振動ステップ,③ センサーノイズ,sensor_noise,20261023,3e-05,2,0.2766067137,-0.00340061384,0.2765858092,0.1146787573,0.1457059738,3.838971733,,,,
IN,自由振動ステップ,③ センサーノイズ,sensor_noise,20261024,3e-05,2,0.2756954977,-0.001116613502,0.2756932364,0.1112962766,0.1629788619,3.833833333,,,,
IN,独立Kaimal乱流 平均2 m/s TI20%,① 完全一致・無雑音,matched_clean,,3e-05,15,0.08292409258,0.001745923526,0.08290571079,0.06580058616,0.1647273342,0.3409910117,,,,
IN,独立Kaimal乱流 平均2 m/s TI20%,② OW-04係数ずれ,ow04_mismatch,,3e-05,15,0.1520323591,-0.09137960933,0.1215055769,0.1219608134,0.2962959749,0.5597804871,9.001246941,-8.802118225,0.8018667729,2.722079893
IN,独立Kaimal乱流 平均2 m/s TI20%,③ センサーノイズ,sensor_noise,20261020,3e-05,15,0.08298684587,0.00184664997,0.0829662972,0.0658635126,0.1647757299,0.3362886567,,,,
IN,独立Kaimal乱流 平均2 m/s TI20%,③ センサーノイズ,sensor_noise,20261021,3e-05,15,0.08293421318,0.001740775535,0.08291594187,0.06579918881,0.1644017174,0.3423089595,,,,
IN,独立Kaimal乱流 平均2 m/s TI20%,③ センサーノイズ,sensor_noise,20261022,3e-05,15,0.08305152328,0.001797403478,0.08303207127,0.06590404072,0.1649198296,0.3451212043,,,,
IN,独立Kaimal乱流 平均2 m/s TI20%,③ センサーノイズ,sensor_noise,20261023,3e-05,15,0.0829016004,0.001830314682,0.08288139295,0.06578373653,0.163612243,0.3414165958,,,,
IN,独立Kaimal乱流 平均2 m/s TI20%,③ センサーノイズ,sensor_noise,20261024,3e-05,15,0.08303665383,0.001583455526,0.08302155472,0.06589947798,0.1646441711,0.3401184693,,,,
IN,ガスト 2→6 m/s,① 完全一致・無雑音,matched_clean,,3e-05,15,0.0006254548087,-1.861428829e-06,0.0006254520388,0.0003126621902,0.001415368324,0.00344771786,,,,
IN,ガスト 2→6 m/s,② OW-04係数ずれ,ow04_mismatch,,3e-05,15,0.1548746634,-0.141665484,0.06258635645,0.141665484,0.2653941522,0.2744194612,9.001246941,-8.802118225,0.8018667729,2.722079893
IN,ガスト 2→6 m/s,③ センサーノイズ,sensor_noise,20261020,3e-05,15,0.002777642955,2.965937396e-05,0.0027774846,0.002042566091,0.006051412756,0.01150981858,,,,
IN,ガスト 2→6 m/s,③ センサーノイズ,sensor_noise,20261021,3e-05,15,0.002762173513,4.895745667e-05,0.002761739612,0.002009024507,0.005851256225,0.01291075161,,,,
IN,ガスト 2→6 m/s,③ センサーノイズ,sensor_noise,20261022,3e-05,15,0.002880036958,9.274673283e-05,0.002878543195,0.002108505829,0.006147129717,0.01246512046,,,,
IN,ガスト 2→6 m/s,③ センサーノイズ,sensor_noise,20261023,3e-05,15,0.002855420805,-9.184627363e-06,0.002855406033,0.002099435731,0.006009957274,0.01179221609,,,,
IN,ガスト 2→6 m/s,③ センサーノイズ,sensor_noise,20261024,3e-05,15,0.002894004883,-2.72166104e-05,0.002893876901,0.002136033701,0.006171199696,0.01308880656,,,,
OUT,自由振動ステップ,① 完全一致・無雑音,matched_clean,,0.0003,2,0.1669418727,-0.002767313751,0.1669189349,0.01582793451,5.226232102e-05,3.659612787,,,,
OUT,自由振動ステップ,② OW-04係数ずれ,ow04_mismatch,,0.0003,2,0.9556865089,-0.01436376219,0.9555785607,0.5949546547,2.118881225,3.891505955,8.935106091,-9.261478746,1.876287429,2.722079893
OUT,自由振動ステップ,③ センサーノイズ,sensor_noise,20261020,0.0003,2,0.2786650353,-0.0090187547,0.278519055,0.2186906672,0.3591100251,3.559034143,,,,
OUT,自由振動ステップ,③ センサーノイズ,sensor_noise,20261021,0.0003,2,0.2808958555,-0.006235222423,0.2808266434,0.216869633,0.3692881722,3.588046334,,,,
OUT,自由振動ステップ,③ センサーノイズ,sensor_noise,20261022,0.0003,2,0.2722547837,-0.006033967141,0.2721879103,0.2108839733,0.3533422147,3.888833695,,,,
OUT,自由振動ステップ,③ センサーノイズ,sensor_noise,20261023,0.0003,2,0.270807847,-0.004660321549,0.2707677444,0.2078671357,0.3507229725,3.709098139,,,,
OUT,自由振動ステップ,③ センサーノイズ,sensor_noise,20261024,0.0003,2,0.2687341342,0.001739429825,0.2687285048,0.2059476133,0.3530260423,3.709505161,,,,
OUT,独立Kaimal乱流 平均2 m/s TI20%,① 完全一致・無雑音,matched_clean,,0.0003,15,0.0627326297,0.002084715464,0.06269798075,0.04971649986,0.1240942421,0.316357388,,,,
OUT,独立Kaimal乱流 平均2 m/s TI20%,② OW-04係数ずれ,ow04_mismatch,,0.0003,15,0.1228596728,-0.09455604113,0.07844523116,0.1032783266,0.2233533108,0.3904685597,8.935106091,-9.261478746,1.876287429,2.722079893
OUT,独立Kaimal乱流 平均2 m/s TI20%,③ センサーノイズ,sensor_noise,20261020,0.0003,15,0.06439641759,0.002355502532,0.06435332319,0.05104860362,0.1264383368,0.300313425,,,,
OUT,独立Kaimal乱流 平均2 m/s TI20%,③ センサーノイズ,sensor_noise,20261021,0.0003,15,0.06440576666,0.002132489161,0.06437045338,0.05099732586,0.1269324828,0.2923916135,,,,
OUT,独立Kaimal乱流 平均2 m/s TI20%,③ センサーノイズ,sensor_noise,20261022,0.0003,15,0.06436100222,0.002098986548,0.0643267663,0.05094635457,0.1275084219,0.3083345429,,,,
OUT,独立Kaimal乱流 平均2 m/s TI20%,③ センサーノイズ,sensor_noise,20261023,0.0003,15,0.06449660508,0.002045096868,0.06446417335,0.05115936459,0.1270102121,0.3042996967,,,,
OUT,独立Kaimal乱流 平均2 m/s TI20%,③ センサーノイズ,sensor_noise,20261024,0.0003,15,0.0641890194,0.001972649766,0.06415870061,0.05079845489,0.1275991777,0.3168450854,,,,
OUT,ガスト 2→6 m/s,① 完全一致・無雑音,matched_clean,,0.0003,15,5.920375637e-05,-3.725778494e-06,5.908640574e-05,2.11578389e-05,9.635341119e-05,0.0008550760433,,,,
OUT,ガスト 2→6 m/s,② OW-04係数ずれ,ow04_mismatch,,0.0003,15,0.1633389676,-0.149519123,0.06575446885,0.149519123,0.2789811706,0.2877487155,8.935106091,-9.261478746,1.876287429,2.722079893
OUT,ガスト 2→6 m/s,③ センサーノイズ,sensor_noise,20261020,0.0003,15,0.01230808335,-0.0002985339434,0.01230446233,0.008991509919,0.02676198728,0.06898517158,,,,
OUT,ガスト 2→6 m/s,③ センサーノイズ,sensor_noise,20261021,0.0003,15,0.01251715236,-9.743362887e-05,0.01251677314,0.009079131637,0.02669485159,0.05895362394,,,,
OUT,ガスト 2→6 m/s,③ センサーノイズ,sensor_noise,20261022,0.0003,15,0.01297808387,-0.0002339096007,0.01297597577,0.009202974858,0.02853205978,0.05972148479,,,,
OUT,ガスト 2→6 m/s,③ センサーノイズ,sensor_noise,20261023,0.0003,15,0.01292246716,-0.0003181358872,0.01291855051,0.009245314755,0.028313333,0.06157132646,,,,
OUT,ガスト 2→6 m/s,③ センサーノイズ,sensor_noise,20261024,0.0003,15,0.01270463636,-0.000244447804,0.01270228445,0.00898965483,0.02794138829,0.06689789663,,,,
