runTime[ms],tAcc[s^2],msErr[ms],ms[ms],year[year],month[month],day[day],hour[hour],min[min],sec[s],valid[-],timeSrc[-],dateValid[-],
4694,0.0,-0.0005142391892150044,0,2026,9,21,5,35,21,3,0,1,
4694,0.0,-0.0005142391892150044,0,2026,9,21,5,35,21,3,0,1,
5693,0.0,-0.0005142391892150044,0,2026,9,21,5,35,22,3,0,1,
5693,0.0,-0.0005142391892150044,0,2026,9,21,5,35,22,3,0,1,
6692,0.0,-0.0005142391892150044,0,2026,9,21,5,35,23,3,0,1,
6692,0.0,-0.0005142391892150044,0,2026,9,21,5,35,23,3,0,1,
7691,0.0,-0.0005142391892150044,0,2026,9,21,5,35,24,3,0,1,
7691,0.0,-0.0005142391892150044,0,2026,9,21,5,35,24,3,0,1,
8690,0.0,-0.0005142391892150044,0,2026,9,21,5,35,25,3,0,1,
8690,0.0,-0.0005142391892150044,0,2026,9,21,5,35,25,3,0,1,
9689,0.0,-0.0005142391892150044,0,2026,9,21,5,35,26,3,0,1,
9689,0.0,-0.0005142391892150044,0,2026,9,21,5,35,26,3,0,1,
10688,0.0,-0.0005142391892150044,0,2026,9,21,5,35,27,3,0,1,
10688,0.0,-0.0005142391892150044,0,2026,9,21,5,35,27,3,0,1,
11687,0.0,-0.0005142391892150044,0,2026,9,21,5,35,28,3,0,1,
11687,0.0,-0.0005142391892150044,0,2026,9,21,5,35,28,3,0,1,
12686,0.0,-0.0005142391892150044,0,2026,9,21,5,35,29,3,0,1,
12686,0.0,-0.0005142391892150044,0,2026,9,21,5,35,29,3,0,1,
13685,0.0,-0.0005142391892150044,0,2026,9,21,5,35,30,3,0,1,
13685,0.0,-0.0005142391892150044,0,2026,9,21,5,35,30,3,0,1,
14684,0.0,-0.0005142391892150044,0,2026,9,21,5,35,31,3,0,1,
14684,0.0,-0.0005142391892150044,0,2026,9,21,5,35,31,3,0,1,
15683,0.0,-0.0005142391892150044,0,2026,9,21,5,35,32,3,0,1,
15683,0.0,-0.0005142391892150044,0,2026,9,21,5,35,32,3,0,1,
16682,0.0,-0.0005142391892150044,0,2026,9,21,5,35,33,3,0,1,
16682,0.0,-0.0005142391892150044,0,2026,9,21,5,35,33,3,0,1,
17681,0.0,-0.0005142391892150044,0,2026,9,21,5,35,34,3,0,1,
17681,0.0,-0.0005142391892150044,0,2026,9,21,5,35,34,3,0,1,
18680,0.0,-0.0005142391892150044,0,2026,9,21,5,35,35,3,0,1,
18680,0.0,-0.0005142391892150044,0,2026,9,21,5,35,35,3,0,1,
19679,0.0,-0.0005142391892150044,0,2026,9,21,5,35,36,3,0,1,
19679,0.0,-0.0005142391892150044,0,2026,9,21,5,35,36,3,0,1,
20678,0.0,-0.0005142391892150044,0,2026,9,21,5,35,37,3,0,1,
20678,0.0,-0.0005142391892150044,0,2026,9,21,5,35,37,3,0,1,
21677,0.0,-0.0005142391892150044,0,2026,9,21,5,35,38,3,0,1,
21677,0.0,-0.0005142391892150044,0,2026,9,21,5,35,38,3,0,1,
22676,0.0,-0.0005142391892150044,0,2026,9,21,5,35,39,3,0,1,
22676,0.0,-0.0005142391892150044,0,2026,9,21,5,35,39,3,0,1,
23675,0.0,-0.0005142391892150044,0,2026,9,21,5,35,40,3,0,1,
23675,0.0,-0.0005142391892150044,0,2026,9,21,5,35,40,3,0,1,
24674,0.0,-0.0005142391892150044,0,2026,9,21,5,35,41,3,0,1,
24674,0.0,-0.0005142391892150044,0,2026,9,21,5,35,41,3,0,1,
25673,0.0,-0.0005142391892150044,0,2026,9,21,5,35,42,3,0,1,
25673,0.0,-0.0005142391892150044,0,2026,9,21,5,35,42,3,0,1,
26672,0.0,-0.0005142391892150044,0,2026,9,21,5,35,43,3,0,1,
26672,0.0,-0.0005142391892150044,0,2026,9,21,5,35,43,3,0,1,
27671,0.0,-0.0005142391892150044,0,2026,9,21,5,35,44,3,0,1,
27671,0.0,-0.0005142391892150044,0,2026,9,21,5,35,44,3,0,1,
28670,0.0,-0.0005142391892150044,0,2026,9,21,5,35,45,3,0,1,
28670,0.0,-0.0005142391892150044,0,2026,9,21,5,35,45,3,0,1,
29669,0.0,-0.0005142391892150044,0,2026,9,21,5,35,46,3,0,1,
29669,0.0,-0.0005142391892150044,0,2026,9,21,5,35,46,3,0,1,
30668,0.0,-0.0005142391892150044,0,2026,9,21,5,35,47,3,0,1,
30668,0.0,-0.0005142391892150044,0,2026,9,21,5,35,47,3,0,1,
31667,0.0,-0.0005142391892150044,0,2026,9,21,5,35,48,3,0,1,
31667,0.0,-0.0005142391892150044,0,2026,9,21,5,35,48,3,0,1,
32666,0.0,-0.0005142391892150044,0,2026,9,21,5,35,49,3,0,1,
32666,0.0,-0.0005142391892150044,0,2026,9,21,5,35,49,3,0,1,
33665,0.0,-0.0005142391892150044,0,2026,9,21,5,35,50,3,0,1,
33665,0.0,-0.0005142391892150044,0,2026,9,21,5,35,50,3,0,1,
34664,0.0,-0.0005142391892150044,0,2026,9,21,5,35,51,3,0,1,
34664,0.0,-0.0005142391892150044,0,2026,9,21,5,35,51,3,0,1,
35663,0.0,-0.0005142391892150044,0,2026,9,21,5,35,52,3,0,1,
35663,0.0,-0.0005142391892150044,0,2026,9,21,5,35,52,3,0,1,
36662,0.0,-0.0005142391892150044,0,2026,9,21,5,35,53,3,0,1,
36662,0.0,-0.0005142391892150044,0,2026,9,21,5,35,53,3,0,1,
37661,0.0,-0.0005142391892150044,0,2026,9,21,5,35,54,3,0,1,
37661,0.0,-0.0005142391892150044,0,2026,9,21,5,35,54,3,0,1,
38660,0.0,-0.0005142391892150044,0,2026,9,21,5,35,55,3,0,1,
38660,0.0,-0.0005142391892150044,0,2026,9,21,5,35,55,3,0,1,
39659,0.0,-0.0005142391892150044,0,2026,9,21,5,35,56,3,0,1,
39659,0.0,-0.0005142391892150044,0,2026,9,21,5,35,56,3,0,1,
40658,0.0,-0.0005142391892150044,0,2026,9,21,5,35,57,3,0,1,
40658,0.0,-0.0005142391892150044,0,2026,9,21,5,35,57,3,0,1,
41657,0.0,-0.0005142391892150044,0,2026,9,21,5,35,58,3,0,1,
41657,0.0,-0.0005142391892150044,0,2026,9,21,5,35,58,3,0,1,
42656,0.0,-0.0005142391892150044,0,2026,9,21,5,35,59,3,0,1,
42656,0.0,-0.0005142391892150044,0,2026,9,21,5,35,59,3,0,1,
43655,0.0,-0.0005142391892150044,0,2026,9,21,5,36,0,3,0,1,
43655,0.0,-0.0005142391892150044,0,2026,9,21,5,36,0,3,0,1,
44654,0.0,-0.0005142391892150044,0,2026,9,21,5,36,1,3,0,1,
44654,0.0,-0.0005142391892150044,0,2026,9,21,5,36,1,3,0,1,
45653,0.0,-0.0005142391892150044,0,2026,9,21,5,36,2,3,0,1,
45653,0.0,-0.0005142391892150044,0,2026,9,21,5,36,2,3,0,1,
46652,0.0,-0.0005142391892150044,0,2026,9,21,5,36,3,3,0,1,
46652,0.0,-0.0005142391892150044,0,2026,9,21,5,36,3,3,0,1,
47651,0.0,-0.0005142391892150044,0,2026,9,21,5,36,4,3,0,1,
47651,0.0,-0.0005142391892150044,0,2026,9,21,5,36,4,3,0,1,
48650,0.0,-0.0005142391892150044,0,2026,9,21,5,36,5,3,0,1,
48650,0.0,-0.0005142391892150044,0,2026,9,21,5,36,5,3,0,1,
49649,0.0,-0.0005142391892150044,0,2026,9,21,5,36,6,3,0,1,
49649,0.0,-0.0005142391892150044,0,2026,9,21,5,36,6,3,0,1,
50648,0.0,-0.0005142391892150044,0,2026,9,21,5,36,7,3,0,1,
50648,0.0,-0.0005142391892150044,0,2026,9,21,5,36,7,3,0,1,
51647,133.14788818359375,0.0005955626256763935,0,2026,9,21,5,36,8,3,0,1,
51647,133.14788818359375,0.0005955626256763935,0,2026,9,21,5,36,8,3,0,1,
52646,141.10227966308594,2.911474439315498e-05,0,2026,9,21,5,36,9,3,0,1,
52646,141.10227966308594,2.911474439315498e-05,0,2026,9,21,5,36,9,3,0,1,
53645,140.1200714111328,3.294189809821546e-05,0,2026,9,21,5,36,10,3,0,1,
53645,140.1200714111328,3.294189809821546e-05,0,2026,9,21,5,36,10,3,0,1,
54644,132.18988037109375,3.4731783671304584e-05,0,2026,9,21,5,36,11,3,0,1,
54644,132.18988037109375,3.4731783671304584e-05,0,2026,9,21,5,36,11,3,0,1,
55643,129.12254333496094,3.87626641895622e-05,0,2026,9,21,5,36,12,3,0,1,
55643,129.12254333496094,3.87626641895622e-05,0,2026,9,21,5,36,12,3,0,1,
56642,124.68828582763672,4.085450200363994e-06,0,2026,9,21,5,36,13,3,0,1,
56642,124.68828582763672,4.085450200363994e-06,0,2026,9,21,5,36,13,3,0,1,
57641,122.4663314819336,6.908521754667163e-06,0,2026,9,21,5,36,14,3,0,1,
57641,122.4663314819336,6.908521754667163e-06,0,2026,9,21,5,36,14,3,0,1,
58640,9876.458984375,5.0447852117940784e-05,0,2026,9,21,5,36,15,3,0,1,
58640,9876.458984375,5.0447852117940784e-05,0,2026,9,21,5,36,15,3,0,1,
59639,6287.54443359375,2.7383066480979323e-05,0,2026,9,21,5,36,16,3,0,1,
59639,6287.54443359375,2.7383066480979323e-05,0,2026,9,21,5,36,16,3,0,1,
60638,4403.39990234375,3.873356035910547e-05,0,2026,9,21,5,36,17,3,0,1,
60638,4403.39990234375,3.873356035910547e-05,0,2026,9,21,5,36,17,3,0,1,
61637,3094.795654296875,4.070898285135627e-06,0,2026,9,21,5,36,18,3,0,1,
61637,3094.795654296875,4.070898285135627e-06,0,2026,9,21,5,36,18,3,0,1,
62636,2207.273193359375,1.6261765267699957e-06,0,2026,9,21,5,36,19,3,0,1,
62636,2207.273193359375,1.6261765267699957e-06,0,2026,9,21,5,36,19,3,0,1,
63635,1545.270263671875,-7.748894859105349e-07,0,2026,9,21,5,36,20,3,0,1,
63635,1545.270263671875,-7.748894859105349e-07,0,2026,9,21,5,36,20,3,0,1,
64634,1058.036865234375,-3.2632669899612665e-06,0,2026,9,21,5,36,21,3,0,1,
64634,1058.036865234375,-3.2632669899612665e-06,0,2026,9,21,5,36,21,3,0,1,
65633,709.4906005859375,-5.766196409240365e-06,0,2026,9,21,5,36,22,3,0,1,
65633,709.4906005859375,-5.766196409240365e-06,0,2026,9,21,5,36,22,3,0,1,
66632,472.3861389160156,-8.341885404661298e-06,0,2026,9,21,5,36,23,3,0,1,
66632,472.3861389160156,-8.341885404661298e-06,0,2026,9,21,5,36,23,3,0,1,
67631,403.626220703125,-1.1004885891452432e-05,0,2026,9,21,5,36,24,3,0,1,
67631,403.626220703125,-1.1004885891452432e-05,0,2026,9,21,5,36,24,3,0,1,
68630,337.84295654296875,-1.3566022971644998e-05,0,2026,9,21,5,36,25,3,0,1,
68630,337.84295654296875,-1.3566022971644998e-05,0,2026,9,21,5,36,25,3,0,1,
69629,270.314697265625,-1.605440047569573e-05,0,2026,9,21,5,36,26,3,0,1,
69629,270.314697265625,-1.605440047569573e-05,0,2026,9,21,5,36,26,3,0,1,
70628,211.11502075195312,-1.830994733609259e-05,0,2026,9,21,5,36,27,3,0,1,
70628,211.11502075195312,-1.830994733609259e-05,0,2026,9,21,5,36,27,3,0,1,
71627,158.47134399414062,1.7720594769343734e-05,0,2026,9,21,5,36,28,3,0,1,
71627,158.47134399414062,1.7720594769343734e-05,0,2026,9,21,5,36,28,3,0,1,
72626,113.83027648925781,1.5028490452095866e-05,0,2026,9,21,5,36,29,3,0,1,
72626,113.83027648925781,1.5028490452095866e-05,0,2026,9,21,5,36,29,3,0,1,
73625,77.48746490478516,1.2219970813021064e-05,0,2026,9,21,5,36,30,3,0,1,
73625,77.48746490478516,1.2219970813021064e-05,0,2026,9,21,5,36,30,3,0,1,
74624,54.56227493286133,9.062205208465457e-06,0,2026,9,21,5,36,31,3,0,1,
74624,54.56227493286133,9.062205208465457e-06,0,2026,9,21,5,36,31,3,0,1,
75623,43.89988708496094,4.929461283609271e-06,0,2026,9,21,5,36,32,3,0,1,
75623,43.89988708496094,4.929461283609271e-06,0,2026,9,21,5,36,32,3,0,1,
76622,37.10963821411133,5.347828846424818e-07,0,2026,9,21,5,36,33,3,0,1,
76622,37.10963821411133,5.347828846424818e-07,0,2026,9,21,5,36,33,3,0,1,
77621,34.75841522216797,-3.990862751379609e-06,0,2026,9,21,5,36,34,3,0,1,
77621,34.75841522216797,-3.990862751379609e-06,0,2026,9,21,5,36,34,3,0,1,
78620,34.403812408447266,-8.531060302630067e-06,0,2026,9,21,5,36,35,3,0,1,
78620,34.403812408447266,-8.531060302630067e-06,0,2026,9,21,5,36,35,3,0,1,
79619,42.77714920043945,-1.3158569345250726e-05,0,2026,9,21,5,36,36,3,0,1,
79619,42.77714920043945,-1.3158569345250726e-05,0,2026,9,21,5,36,36,3,0,1,
80618,54.881439208984375,-1.7698766896501184e-05,0,2026,9,21,5,36,37,3,0,1,
80618,54.881439208984375,-1.7698766896501184e-05,0,2026,9,21,5,36,37,3,0,1,
81617,60.844661712646484,1.5508703654631972e-05,0,2026,9,21,5,36,38,3,0,1,
81617,60.844661712646484,1.5508703654631972e-05,0,2026,9,21,5,36,38,3,0,1,
82616,73.45345306396484,1.0240910341963172e-05,0,2026,9,21,5,36,39,3,0,1,
82616,73.45345306396484,1.0240910341963172e-05,0,2026,9,21,5,36,39,3,0,1,
83615,93.05298614501953,4.798494046553969e-06,0,2026,9,21,5,36,40,3,0,1,
83615,93.05298614501953,4.798494046553969e-06,0,2026,9,21,5,36,40,3,0,1,
84614,121.99213409423828,-9.349605534225702e-07,0,2026,9,21,5,36,41,3,0,1,
84614,121.99213409423828,-9.349605534225702e-07,0,2026,9,21,5,36,41,3,0,1,
85613,152.69981384277344,-6.6102074924856424e-06,0,2026,9,21,5,36,42,3,0,1,
85613,152.69981384277344,-6.6102074924856424e-06,0,2026,9,21,5,36,42,3,0,1,
86612,179.66006469726562,-1.2314558262005448e-05,0,2026,9,21,5,36,43,3,0,1,
86612,179.66006469726562,-1.2314558262005448e-05,0,2026,9,21,5,36,43,3,0,1,
87611,214.08766174316406,-1.8062564777210355e-05,0,2026,9,21,5,36,44,3,0,1,
87611,214.08766174316406,-1.8062564777210355e-05,0,2026,9,21,5,36,44,3,0,1,
88610,256.9311828613281,1.4199031284078956e-05,0,2026,9,21,5,36,45,3,0,1,
88610,256.9311828613281,1.4199031284078956e-05,0,2026,9,21,5,36,45,3,0,1,
89609,284.8812561035156,9.164068615064025e-06,0,2026,9,21,5,36,46,3,0,1,
89609,284.8812561035156,9.164068615064025e-06,0,2026,9,21,5,36,46,3,0,1,
90608,328.69000244140625,3.925379132851958e-06,0,2026,9,21,5,36,47,3,0,1,
90608,328.69000244140625,3.925379132851958e-06,0,2026,9,21,5,36,47,3,0,1,
91607,378.59649658203125,-1.2696546036750078e-06,0,2026,9,21,5,36,48,3,0,1,
91607,378.59649658203125,-1.2696546036750078e-06,0,2026,9,21,5,36,48,3,0,1,
92606,429.3896484375,-6.551999831572175e-06,0,2026,9,21,5,36,49,3,0,1,
92606,429.3896484375,-6.551999831572175e-06,0,2026,9,21,5,36,49,3,0,1,
93605,594.151123046875,-1.1499651009216905e-05,0,2026,9,21,5,36,50,3,0,1,
93605,594.151123046875,-1.1499651009216905e-05,0,2026,9,21,5,36,50,3,0,1,
94604,695.3983154296875,-1.7465936252847314e-05,0,2026,9,21,5,36,51,3,0,1,
94604,695.3983154296875,-1.7465936252847314e-05,0,2026,9,21,5,36,51,3,0,1,
95603,819.5775756835938,1.4882971299812198e-05,0,2026,9,21,5,36,52,3,0,1,
95603,819.5775756835938,1.4882971299812198e-05,0,2026,9,21,5,36,52,3,0,1,
96602,972.5086669921875,8.858478395268321e-06,0,2026,9,21,5,36,53,3,0,1,
96602,972.5086669921875,8.858478395268321e-06,0,2026,9,21,5,36,53,3,0,1,
97601,1182.9713134765625,2.499291440472007e-06,0,2026,9,21,5,36,54,3,0,1,
97601,1182.9713134765625,2.499291440472007e-06,0,2026,9,21,5,36,54,3,0,1,
98600,1394.08642578125,-3.8598955143243074e-06,0,2026,9,21,5,36,55,3,0,1,
98600,1394.08642578125,-3.8598955143243074e-06,0,2026,9,21,5,36,55,3,0,1,
99599,1640.2440185546875,-1.0189978638663888e-05,0,2026,9,21,5,36,56,3,0,1,
99599,1640.2440185546875,-1.0189978638663888e-05,0,2026,9,21,5,36,56,3,0,1,
100598,1875.2606201171875,-1.5617843018844724e-05,0,2026,9,21,5,36,57,3,0,1,
100598,1875.2606201171875,-1.5617843018844724e-05,0,2026,9,21,5,36,57,3,0,1,
101597,2147.559814453125,1.6614649211987853e-05,0,2026,9,21,5,36,58,3,0,1,
101597,2147.559814453125,1.6614649211987853e-05,0,2026,9,21,5,36,58,3,0,1,
102596,2432.8056640625,1.0910298442468047e-05,0,2026,9,21,5,36,59,3,0,1,
102596,2432.8056640625,1.0910298442468047e-05,0,2026,9,21,5,36,59,3,0,1,
103595,2727.4326171875,5.235051503404975e-06,0,2026,9,21,5,37,0,3,0,1,
103595,2727.4326171875,5.235051503404975e-06,0,2026,9,21,5,37,0,3,0,1,
104594,3017.618896484375,-1.2005330063402653e-07,0,2026,9,21,5,37,1,3,0,1,
104594,3017.618896484375,-1.2005330063402653e-07,0,2026,9,21,5,37,1,3,0,1,
105593,3279.766845703125,-5.562469596043229e-06,0,2026,9,21,5,37,2,3,0,1,
105593,3279.766845703125,-5.562469596043229e-06,0,2026,9,21,5,37,2,3,0,1,
106592,3575.168701171875,-1.1397787602618337e-05,0,2026,9,21,5,37,3,3,0,1,
106592,3575.168701171875,-1.1397787602618337e-05,0,2026,9,21,5,37,3,3,0,1,
107591,3886.91943359375,-1.7596903489902616e-05,0,2026,9,21,5,37,4,3,0,1,
107591,3886.91943359375,-1.7596903489902616e-05,0,2026,9,21,5,37,4,3,0,1,
108590,4267.3271484375,1.4329998521134257e-05,0,2026,9,21,5,37,5,3,0,1,
108590,4267.3271484375,1.4329998521134257e-05,0,2026,9,21,5,37,5,3,0,1,
109589,4647.59423828125,7.679773261770606e-06,0,2026,9,21,5,37,6,3,0,1,
109589,4647.59423828125,7.679773261770606e-06,0,2026,9,21,5,37,6,3,0,1,
110588,5079.189453125,1.0295480024069548e-06,0,2026,9,21,5,37,7,3,0,1,
110588,5079.189453125,1.0295480024069548e-06,0,2026,9,21,5,37,7,3,0,1,
111587,5553.86572265625,-5.897163646295667e-06,0,2026,9,21,5,37,8,3,0,1,
111587,5553.86572265625,-5.897163646295667e-06,0,2026,9,21,5,37,8,3,0,1,
112586,6088.11328125,-1.2780219549313188e-05,0,2026,9,21,5,37,9,3,0,1,
112586,6088.11328125,-1.2780219549313188e-05,0,2026,9,21,5,37,9,3,0,1,
113585,5984.67626953125,-1.979424268938601e-05,0,2026,9,21,5,37,10,3,0,1,
113585,5984.67626953125,-1.979424268938601e-05,0,2026,9,21,5,37,10,3,0,1,
114584,6606.4296875,1.140506356023252e-05,0,2026,9,21,5,37,11,3,0,1,
114584,6606.4296875,1.140506356023252e-05,0,2026,9,21,5,37,11,3,0,1,
115583,7261.74658203125,4.216417437419295e-06,0,2026,9,21,5,37,12,3,0,1,
115583,7261.74658203125,4.216417437419295e-06,0,2026,9,21,5,37,12,3,0,1,
116582,7949.51416015625,-3.1759554985910654e-06,0,2026,9,21,5,37,13,3,0,1,
116582,7949.51416015625,-3.1759554985910654e-06,0,2026,9,21,5,37,13,3,0,1,
117581,8530.7861328125,-1.0611984180286527e-05,0,2026,9,21,5,37,14,3,0,1,
117581,8530.7861328125,-1.0611984180286527e-05,0,2026,9,21,5,37,14,3,0,1,
118580,9116.927734375,-1.794614945538342e-05,0,2026,9,21,5,37,15,3,0,1,
118580,9116.927734375,-1.794614945538342e-05,0,2026,9,21,5,37,15,3,0,1,
119579,9635.8759765625,1.2816599337384105e-05,0,2026,9,21,5,37,16,3,0,1,
119579,9635.8759765625,1.2816599337384105e-05,0,2026,9,21,5,37,16,3,0,1,
120578,10084.404296875,5.293259164318442e-06,0,2026,9,21,5,37,17,3,0,1,
120578,10084.404296875,5.293259164318442e-06,0,2026,9,21,5,37,17,3,0,1,
121577,9569.04296875,-2.317392500117421e-06,0,2026,9,21,5,37,18,3,0,1,
121577,9569.04296875,-2.317392500117421e-06,0,2026,9,21,5,37,18,3,0,1,
122576,9904.4248046875,-9.840732673183084e-06,0,2026,9,21,5,37,19,3,0,1,
122576,9904.4248046875,-9.840732673183084e-06,0,2026,9,21,5,37,19,3,0,1,
123575,10146.0634765625,-1.720400177873671e-05,0,2026,9,21,5,37,20,3,0,1,
123575,10146.0634765625,-1.720400177873671e-05,0,2026,9,21,5,37,20,3,0,1,
124574,10282.625,1.376247382722795e-05,0,2026,9,21,5,37,21,3,0,1,
124574,10282.625,1.376247382722795e-05,0,2026,9,21,5,37,21,3,0,1,
125573,9897.5654296875,6.268237484619021e-06,0,2026,9,21,5,37,22,3,0,1,
125573,9897.5654296875,6.268237484619021e-06,0,2026,9,21,5,37,22,3,0,1,
126572,9946.45703125,-1.4297256711870432e-06,0,2026,9,21,5,37,23,3,0,1,
126572,9946.45703125,-1.4297256711870432e-06,0,2026,9,21,5,37,23,3,0,1,
127571,9953.3125,-9.185896487906575e-06,0,2026,9,21,5,37,24,3,0,1,
127571,9953.3125,-9.185896487906575e-06,0,2026,9,21,5,37,24,3,0,1,
128570,9886.5478515625,-1.6869307728484273e-05,0,2026,9,21,5,37,25,3,0,1,
128570,9886.5478515625,-1.6869307728484273e-05,0,2026,9,21,5,37,25,3,0,1,
129569,9744.0791015625,1.3631506590172648e-05,0,2026,9,21,5,37,26,3,0,1,
129569,9744.0791015625,1.3631506590172648e-05,0,2026,9,21,5,37,26,3,0,1,
130568,9665.740234375,5.220499588176608e-06,0,2026,9,21,5,37,27,3,0,1,
130568,9665.740234375,5.220499588176608e-06,0,2026,9,21,5,37,27,3,0,1,
131567,9512.72265625,-2.8703652787953615e-06,0,2026,9,21,5,37,28,3,0,1,
131567,9512.72265625,-2.8703652787953615e-06,0,2026,9,21,5,37,28,3,0,1,
132566,9391.0966796875,-1.0903022484853864e-05,0,2026,9,21,5,37,29,3,0,1,
132566,9391.0966796875,-1.0903022484853864e-05,0,2026,9,21,5,37,29,3,0,1,
133565,8869.623046875,-1.8950231606140733e-05,0,2026,9,21,5,37,30,3,0,1,
133565,8869.623046875,-1.8950231606140733e-05,0,2026,9,21,5,37,30,3,0,1,
134564,8713.1328125,1.117223291657865e-05,0,2026,9,21,5,37,31,3,0,1,
134564,8713.1328125,1.117223291657865e-05,0,2026,9,21,5,37,31,3,0,1,
135563,8554.1455078125,2.572051016613841e-06,0,2026,9,21,5,37,32,3,0,1,
135563,8554.1455078125,2.572051016613841e-06,0,2026,9,21,5,37,32,3,0,1,
136562,8403.7568359375,-6.144546205177903e-06,0,2026,9,21,5,37,33,3,0,1,
136562,8403.7568359375,-6.144546205177903e-06,0,2026,9,21,5,37,33,3,0,1,
137561,7833.71044921875,-1.4497345546260476e-05,0,2026,9,21,5,37,34,3,0,1,
137561,7833.71044921875,-1.4497345546260476e-05,0,2026,9,21,5,37,34,3,0,1,
138560,7744.9482421875,1.5246769180521369e-05,0,2026,9,21,5,37,35,3,0,1,
138560,7744.9482421875,1.5246769180521369e-05,0,2026,9,21,5,37,35,3,0,1,
139559,7661.9990234375,6.326445145532489e-06,0,2026,9,21,5,37,36,3,0,1,
139559,7661.9990234375,6.326445145532489e-06,0,2026,9,21,5,37,36,3,0,1,
140558,7673.564453125,-3.52520146407187e-06,0,2026,9,21,5,37,37,3,0,1,
140558,7673.564453125,-3.52520146407187e-06,0,2026,9,21,5,37,37,3,0,1,
141557,7470.82421875,-1.4584657037630677e-05,0,2026,9,21,5,37,38,3,0,1,
141557,7470.82421875,-1.4584657037630677e-05,0,2026,9,21,5,37,38,3,0,1,
142556,7355.5283203125,1.2496457202360034e-05,0,2026,9,21,5,37,39,3,0,1,
142556,7355.5283203125,1.2496457202360034e-05,0,2026,9,21,5,37,39,3,0,1,
143555,7202.61962890625,2.2228050511330366e-06,0,2026,9,21,5,37,40,3,0,1,
143555,7202.61962890625,2.2228050511330366e-06,0,2026,9,21,5,37,40,3,0,1,
144554,6992.541015625,-8.152710506692529e-06,0,2026,9,21,5,37,41,3,0,1,
144554,6992.541015625,-8.152710506692529e-06,0,2026,9,21,5,37,41,3,0,1,
145553,6097.65771484375,-1.8528226064518094e-05,0,2026,9,21,5,37,42,3,0,1,
145553,6097.65771484375,-1.8528226064518094e-05,0,2026,9,21,5,37,42,3,0,1,
146552,5848.89599609375,9.687937563285232e-06,0,2026,9,21,5,37,43,3,0,1,
146552,5848.89599609375,9.687937563285232e-06,0,2026,9,21,5,37,43,3,0,1,
147551,5647.64404296875,-6.875779945403337e-07,0,2026,9,21,5,37,44,3,0,1,
147551,5647.64404296875,-6.875779945403337e-07,0,2026,9,21,5,37,44,3,0,1,
148550,5447.3671875,-1.11940607894212e-05,0,2026,9,21,5,37,45,3,0,1,
148550,5447.3671875,-1.11940607894212e-05,0,2026,9,21,5,37,45,3,0,1,
149549,4868.802734375,1.662920112721622e-05,0,2026,9,21,5,37,46,3,0,1,
149549,4868.802734375,1.662920112721622e-05,0,2026,9,21,5,37,46,3,0,1,
150548,4655.9794921875,6.006303010508418e-06,0,2026,9,21,5,37,47,3,0,1,
150548,4655.9794921875,6.006303010508418e-06,0,2026,9,21,5,37,47,3,0,1,
151547,4449.03466796875,-4.849425749853253e-06,0,2026,9,21,5,37,48,3,0,1,
151547,4449.03466796875,-4.849425749853253e-06,0,2026,9,21,5,37,48,3,0,1,
152546,4264.6357421875,-1.554508344270289e-05,0,2026,9,21,5,37,49,3,0,1,
152546,4264.6357421875,-1.554508344270289e-05,0,2026,9,21,5,37,49,3,0,1,
153545,4028.19970703125,1.2176315067335963e-05,0,2026,9,21,5,37,50,3,0,1,
153545,4028.19970703125,1.2176315067335963e-05,0,2026,9,21,5,37,50,3,0,1,
154544,3778.012939453125,1.7134880181401968e-06,0,2026,9,21,5,37,51,3,0,1,
154544,3778.012939453125,1.7134880181401968e-06,0,2026,9,21,5,37,51,3,0,1,
155543,3436.0751953125,-8.138158591464162e-06,0,2026,9,21,5,37,52,3,0,1,
155543,3436.0751953125,-8.138158591464162e-06,0,2026,9,21,5,37,52,3,0,1,
156542,3232.733642578125,-1.9401340978220105e-05,0,2026,9,21,5,37,53,3,0,1,
156542,3232.733642578125,-1.9401340978220105e-05,0,2026,9,21,5,37,53,3,0,1,
157541,2897.553955078125,8.887582225725055e-06,0,2026,9,21,5,37,54,3,0,1,
157541,2897.553955078125,8.887582225725055e-06,0,2026,9,21,5,37,54,3,0,1,
158540,2597.294189453125,-1.065927790477872e-06,0,2026,9,21,5,37,55,3,0,1,
158540,2597.294189453125,-1.065927790477872e-06,0,2026,9,21,5,37,55,3,0,1,
159539,2300.801513671875,-1.0975782060995698e-05,0,2026,9,21,5,37,56,3,0,1,
159539,2300.801513671875,-1.0975782060995698e-05,0,2026,9,21,5,37,56,3,0,1,
160538,2009.3350830078125,1.7313141142949462e-05,0,2026,9,21,5,37,57,3,0,1,
160538,2009.3350830078125,1.7313141142949462e-05,0,2026,9,21,5,37,57,3,0,1,
161537,1731.2864990234375,7.359631126746535e-06,0,2026,9,21,5,37,58,3,0,1,
161537,1731.2864990234375,7.359631126746535e-06,0,2026,9,21,5,37,58,3,0,1,
162536,1534.641845703125,-2.5647750589996576e-06,0,2026,9,21,5,37,59,3,0,1,
162536,1534.641845703125,-2.5647750589996576e-06,0,2026,9,21,5,37,59,3,0,1,
163535,1450.0194091796875,-1.2794771464541554e-05,0,2026,9,21,5,38,0,3,0,1,
163535,1450.0194091796875,-1.2794771464541554e-05,0,2026,9,21,5,38,0,3,0,1,
164534,1378.288330078125,1.4926627045497298e-05,0,2026,9,21,5,38,1,3,0,1,
164534,1378.288330078125,1.4926627045497298e-05,0,2026,9,21,5,38,1,3,0,1,
165533,1297.538818359375,3.9981387089937925e-06,0,2026,9,21,5,38,2,3,0,1,
165533,1297.538818359375,3.9981387089937925e-06,0,2026,9,21,5,38,2,3,0,1,
166532,1237.1708984375,-6.974005373194814e-06,0,2026,9,21,5,38,3,3,0,1,
166532,1237.1708984375,-6.974005373194814e-06,0,2026,9,21,5,38,3,3,0,1,
167531,1183.0731201171875,-1.8048012861981988e-05,0,2026,9,21,5,38,4,3,0,1,
167531,1183.0731201171875,-1.8048012861981988e-05,0,2026,9,21,5,38,4,3,0,1,
168530,1143.582763671875,9.60062607191503e-06,0,2026,9,21,5,38,5,3,0,1,
168530,1143.582763671875,9.60062607191503e-06,0,2026,9,21,5,38,5,3,0,1,
169529,1088.4456787109375,-1.5024852473288774e-06,0,2026,9,21,5,38,6,3,0,1,
169529,1088.4456787109375,-1.5024852473288774e-06,0,2026,9,21,5,38,6,3,0,1,
170528,1042.0584716796875,-1.2358214007690549e-05,0,2026,9,21,5,38,7,3,0,1,
170528,1042.0584716796875,-1.2358214007690549e-05,0,2026,9,21,5,38,7,3,0,1,
171527,968.2711791992188,1.4693796401843429e-05,0,2026,9,21,5,38,8,3,0,1,
