interval_id,segment_id,axis,direction,interval_number,start_peak_number,end_peak_number,start_time_s,end_time_s,start_angle_rad,measured_next_angle_rad,start_amplitude_deg,end_amplitude_deg,inertia_kg_m2,restoring_n_m_per_rad,waveform_interval_count,_sphere_basis,_sphere_target,_weight2,_waveform_c,predicted_next_angle_deg,residual_deg,rod_c_ball,sphere_c
IN_BALL_P_R01_H001,IN_BALL_P_R01,IN,P,1,0,1,10.6833885,11.20852399,-1.041948936,0.9318993303,59.69927651,53.39389856,0.0003666305342,0.0157014107,37,57.84726501,0.001245652482,0.02702702703,1.553473268e-05,55.57724275,2.183344189,2.566441929e-07,1.462093127e-05
IN_BALL_P_R01_H002,IN_BALL_P_R01,IN,P,2,1,2,11.20852399,11.72583847,0.9318993303,-0.8907960982,53.39389856,51.03885683,0.0003666305342,0.0157014107,37,42.32137071,0.0003377749868,0.02702702703,,-49.99624631,1.042610521,2.566441929e-07,1.462093127e-05
IN_BALL_P_R01_H003,IN_BALL_P_R01,IN,P,3,2,3,11.72583847,12.24376459,-0.8907960982,0.8172329065,51.03885683,46.82399642,0.0003666305342,0.0157014107,37,37.24959409,0.0007067889619,0.02702702703,,47.88783961,1.063843191,2.566441929e-07,1.462093127e-05
IN_BALL_P_R01_H004,IN_BALL_P_R01,IN,P,4,3,4,12.24376459,12.7548692,0.8172329065,-0.7828339106,46.82399642,44.85307914,0.0003666305342,0.0157014107,37,29.13390874,0.0002384381067,0.02702702703,,-44.08300081,0.7700783247,2.566441929e-07,1.462093127e-05
IN_BALL_P_R01_H005,IN_BALL_P_R01,IN,P,5,4,5,12.7548692,13.26736375,-0.7828339106,0.7321837016,44.85307914,41.95103593,0.0003666305342,0.0157014107,37,25.75167691,0.0004042059503,0.02702702703,,42.2903433,0.3393073735,2.566441929e-07,1.462093127e-05
IN_BALL_P_R01_H006,IN_BALL_P_R01,IN,P,6,5,6,13.26736375,13.77484123,0.7321837016,-0.6980132362,41.95103593,39.99321248,0.0003666305342,0.0157014107,37,21.23467086,0.0002195254848,0.02702702703,,-39.63541979,0.3577926908,2.566441929e-07,1.462093127e-05
IN_BALL_P_R01_H007,IN_BALL_P_R01,IN,P,7,6,7,13.77484123,14.28277793,-0.6980132362,0.6551005087,39.99321248,37.53449431,0.0003666305342,0.0157014107,37,18.48972731,0.0002962060144,0.02702702703,,37.83420491,0.299710608,2.566441929e-07,1.462093127e-05
IN_BALL_P_R01_H008,IN_BALL_P_R01,IN,P,8,7,8,14.28277793,14.78743851,0.6551005087,-0.6262128486,37.53449431,35.8793533,0.0003666305342,0.0157014107,37,15.37513043,0.0001537048209,0.02702702703,,-35.56078167,0.3185716329,2.566441929e-07,1.462093127e-05
IN_BALL_P_R01_H009,IN_BALL_P_R01,IN,P,9,8,9,14.78743851,15.29297538,-0.6262128486,0.5903158765,35.8793533,33.8226083,0.0003666305342,0.0157014107,37,13.47993001,0.000210157993,0.02702702703,,34.0216433,0.1990349934,2.566441929e-07,1.462093127e-05
IN_BALL_P_R01_H010,IN_BALL_P_R01,IN,P,10,9,10,15.29297538,15.79561973,0.5903158765,-0.565054199,33.8226083,32.3752208,0.0003666305342,0.0157014107,37,11.3420631,0.0001114519821,0.02702702703,,-32.10506035,0.2701604463,2.566441929e-07,1.462093127e-05
IN_BALL_P_R01_H011,IN_BALL_P_R01,IN,P,11,10,11,15.79561973,16.29904449,-0.565054199,0.533957003,32.3752208,30.59348271,0.0003666305342,0.0157014107,37,9.976743787,0.0001545776052,0.02702702703,,30.74995158,0.1564688666,2.566441929e-07,1.462093127e-05
IN_BALL_P_R01_H012,IN_BALL_P_R01,IN,P,12,11,12,16.29904449,16.79973874,0.533957003,-0.5104178769,30.59348271,29.24479013,0.0003666305342,0.0157014107,37,8.447624523,8.970183073e-05,0.02702702703,,-29.07650024,0.1682898877,2.566441929e-07,1.462093127e-05
IN_BALL_P_R01_H013,IN_BALL_P_R01,IN,P,13,12,13,16.79973874,17.30094332,-0.5104178769,0.4852525989,29.24479013,27.80292591,0.0003666305342,0.0157014107,37,7.397235611,9.838495349e-05,0.02702702703,,27.80465725,0.00173133876,2.566441929e-07,1.462093127e-05
IN_BALL_P_R01_H014,IN_BALL_P_R01,IN,P,14,13,14,17.30094332,17.80049352,0.4852525989,-0.4627631369,27.80292591,26.51437466,0.0003666305342,0.0157014107,37,6.372229528,7.550534127e-05,0.02702702703,,-26.44157242,0.07280224029,2.566441929e-07,1.462093127e-05
IN_BALL_P_R01_H015,IN_BALL_P_R01,IN,P,15,14,15,17.80049352,18.30075335,-0.4627631369,0.44027521,26.51437466,25.22591136,0.0003666305342,0.0157014107,37,5.538549082,7.249799971e-05,0.02702702703,,25.21988813,-0.006023226791,2.566441929e-07,1.462093127e-05
IN_BALL_P_R01_H016,IN_BALL_P_R01,IN,P,16,15,16,18.30075335,18.79869855,0.44027521,-0.4192417814,25.22591136,24.02078467,0.0003666305342,0.0157014107,37,4.779468105,6.012326898e-05,0.02702702703,,-23.99502661,0.02575806186,2.566441929e-07,1.462093127e-05
IN_BALL_P_R01_H017,IN_BALL_P_R01,IN,P,17,16,17,18.79869855,19.297846,-0.4192417814,0.3998503458,24.02078467,22.90973725,0.0003666305342,0.0157014107,37,4.134184601,4.757017176e-05,0.02702702703,,22.84646075,-0.06327650086,2.566441929e-07,1.462093127e-05
IN_BALL_P_R01_H018,IN_BALL_P_R01,IN,P,18,17,18,19.297846,19.7937334,0.3998503458,-0.3793561027,22.90973725,21.73550362,0.0003666305342,0.0157014107,37,3.59237577,5.205047022e-05,0.02702702703,,-21.7850338,-0.04953018677,2.566441929e-07,1.462093127e-05
IN_BALL_P_R01_H019,IN_BALL_P_R01,IN,P,19,18,19,19.7937334,20.29104433,-0.3793561027,0.3645617293,21.73550362,20.88784846,0.0003666305342,0.0157014107,37,3.072749251,1.793694966e-05,0.02702702703,,20.66064908,-0.2271993795,2.566441929e-07,1.462093127e-05
IN_BALL_P_R01_H020,IN_BALL_P_R01,IN,P,20,19,20,20.29104433,20.78758397,0.3645617293,-0.3445764712,20.88784846,19.74277752,0.0003666305342,0.0157014107,37,2.730102805,4.510727124e-05,0.02702702703,,-19.84731367,-0.1045361471,2.566441929e-07,1.462093127e-05
IN_BALL_P_R01_H021,IN_BALL_P_R01,IN,P,21,20,21,20.78758397,21.28401774,-0.3445764712,0.3299320549,19.74277752,18.90371427,0.0003666305342,0.0157014107,37,2.308555671,1.581764062e-05,0.02702702703,,18.74639711,-0.1573171572,2.566441929e-07,1.462093127e-05
IN_BALL_P_R01_H022,IN_BALL_P_R01,IN,P,22,21,22,21.28401774,21.78033204,0.3299320549,-0.3094165938,18.90371427,17.72826494,0.0003666305342,0.0157014107,37,2.028557952,4.356784521e-05,0.02702702703,,-17.93808112,-0.2098161778,2.566441929e-07,1.462093127e-05
IN_BALL_P_R01_H023,IN_BALL_P_R01,IN,P,23,22,23,21.78033204,22.27746232,-0.3094165938,0.2974426168,17.72826494,17.04220659,0.0003666305342,0.0157014107,37,1.675390323,2.159674853e-06,0.02702702703,,16.80344679,-0.238759806,2.566441929e-07,1.462093127e-05
IN_BALL_P_R01_H024,IN_BALL_P_R01,IN,P,24,23,24,22.27746232,22.77172351,0.2974426168,-0.2764305726,17.04220659,15.83830514,0.0003666305342,0.0157014107,37,1.489399468,4.147587941e-05,0.02702702703,,-16.1399368,-0.301631665,2.566441929e-07,1.462093127e-05
IN_BALL_P_R01_H025,IN_BALL_P_R01,IN,P,25,24,25,22.77172351,23.26714133,-0.2764305726,0.265841048,15.83830514,15.23157007,0.0003666305342,0.0157014107,37,1.196974106,-3.649155235e-06,0.02702702703,,14.97347396,-0.2580961081,2.566441929e-07,1.462093127e-05
IN_BALL_P_R01_H026,IN_BALL_P_R01,IN,P,26,25,26,23.26714133,23.76052136,0.265841048,-0.2446167805,15.23157007,14.01550912,0.0003666305342,0.0157014107,37,1.065227995,3.782051224e-05,0.02702702703,,-14.38453151,-0.3690223889,2.566441929e-07,1.462093127e-05
IN_BALL_P_R01_H027,IN_BALL_P_R01,IN,P,27,26,27,23.76052136,24.25610065,-0.2446167805,0.236276918,14.01550912,13.5376702,0.0003666305342,0.0157014107,37,0.8308193201,-1.139355291e-05,0.02702702703,,13.20202277,-0.3356474263,2.566441929e-07,1.462093127e-05
IN_BALL_P_R01_H028,IN_BALL_P_R01,IN,P,28,27,28,24.25610065,24.74905416,0.236276918,-0.2142906122,13.5376702,12.27794767,0.0003666305342,0.0157014107,37,0.74900757,3.600226352e-05,0.02702702703,,-12.73659388,-0.4586462058,2.566441929e-07,1.462093127e-05
IN_BALL_P_R01_H029,IN_BALL_P_R01,IN,P,29,28,29,24.74905416,25.2428146,-0.2142906122,0.2064484325,12.27794767,11.82862387,0.0003666305342,0.0157014107,37,0.5593229052,-1.154242187e-05,0.02702702703,,11.5074876,-0.3211362662,2.566441929e-07,1.462093127e-05
IN_BALL_P_R01_H030,IN_BALL_P_R01,IN,P,30,29,30,25.2428146,25.73691849,0.2064484325,-0.1848380374,11.82862387,10.59043944,0.0003666305342,0.0157014107,37,0.50030105,3.00785409e-05,0.02702702703,,-11.06872154,-0.4782821035,2.566441929e-07,1.462093127e-05
IN_BALL_P_R01_H031,IN_BALL_P_R01,IN,P,31,30,31,25.73691849,26.23062304,-0.1848380374,0.1769681981,10.59043944,10.13953086,0.0003666305342,0.0157014107,37,0.3593671105,-9.871203894e-06,0.02702702703,,9.856217811,-0.2833130491,2.566441929e-07,1.462093127e-05
IN_BALL_P_R01_H032,IN_BALL_P_R01,IN,P,32,31,32,26.23062304,26.72053477,0.1769681981,-0.1550363279,10.13953086,8.882927262,0.0003666305342,0.0157014107,37,0.3154813887,2.617244069e-05,0.02702702703,,-9.414063064,-0.5311358025,2.566441929e-07,1.462093127e-05
IN_BALL_P_R01_H033,IN_BALL_P_R01,IN,P,33,32,33,26.72053477,27.21542052,-0.1550363279,0.1487904854,8.882927262,8.525066846,0.0003666305342,0.0157014107,37,0.212277986,-1.206359273e-05,0.02702702703,,8.179805958,-0.3452608879,2.566441929e-07,1.462093127e-05
IN_BALL_P_R01_H034,IN_BALL_P_R01,IN,P,34,33,34,27.21542052,27.70607898,0.1487904854,-0.1256992362,8.525066846,7.202035723,0.0003666305342,0.0157014107,37,0.1876776204,2.378677186e-05,0.02702702703,,-7.827755003,-0.6257192799,2.566441929e-07,1.462093127e-05
IN_BALL_P_R01_H035,IN_BALL_P_R01,IN,P,35,34,35,27.70607898,28.1945906,-0.1256992362,0.1193276283,7.202035723,6.836969479,0.0003666305342,0.0157014107,37,0.1132296961,-9.572148858e-06,0.02702702703,,6.524068214,-0.3129012653,2.566441929e-07,1.462093127e-05
IN_BALL_P_R01_H036,IN_BALL_P_R01,IN,P,36,35,36,28.1945906,28.68364764,0.1193276283,-0.09607255259,6.836969479,5.504551791,0.0003666305342,0.0157014107,37,0.09688427269,1.855800053e-05,0.02702702703,,-6.163743993,-0.6591922027,2.566441929e-07,1.462093127e-05
IN_BALL_P_R01_H037,IN_BALL_P_R01,IN,P,37,36,37,28.68364764,29.17387106,-0.09607255259,0.08946892117,5.504551791,5.126191581,0.0003666305342,0.0157014107,37,0.05058780828,-7.045943863e-06,0.02702702703,,4.846472193,-0.2797193881,2.566441929e-07,1.462093127e-05
IN_BALL_N_R01_H001,IN_BALL_N_R01,IN,N,1,0,1,46.7915144,47.31559183,0.9980384012,-0.9405725607,57.18338818,53.89083805,0.0003666305342,0.0157014107,38,51.30939428,0.0005578209385,0.02631578947,1.321377299e-05,-53.36177598,0.5290620724,2.566441929e-07,1.462093127e-05
IN_BALL_N_R01_H002,IN_BALL_N_R01,IN,N,2,1,2,47.31559183,47.83297336,-0.9405725607,0.861771093,53.89083805,49.37584654,0.0003666305342,0.0157014107,38,43.44161354,0.0007958145092,0.02631578947,,50.43950196,1.063655425,2.566441929e-07,1.462093127e-05
IN_BALL_N_R01_H003,IN_BALL_N_R01,IN,N,3,2,3,47.83297336,48.34859029,0.861771093,-0.8244979751,49.37584654,47.24025419,0.0003666305342,0.0157014107,38,33.90172323,0.0002790468621,0.02631578947,,-46.39136266,0.8488915284,2.566441929e-07,1.462093127e-05
IN_BALL_N_R01_H004,IN_BALL_N_R01,IN,N,4,3,4,48.34859029,48.86192051,-0.8244979751,0.762901323,47.24025419,43.71102599,0.0003666305342,0.0157014107,38,29.88145375,0.0005389673996,0.02631578947,,44.46052733,0.7495013422,2.566441929e-07,1.462093127e-05
IN_BALL_N_R01_H005,IN_BALL_N_R01,IN,N,5,4,5,48.86192051,49.37149925,0.762901323,-0.7314815358,43.71102599,41.91080479,0.0003666305342,0.0157014107,38,23.90910265,0.0001969890515,0.02631578947,,-41.24768387,0.6631209223,2.566441929e-07,1.462093127e-05
IN_BALL_N_R01_H006,IN_BALL_N_R01,IN,N,6,5,6,49.37149925,49.87999705,-0.7314815358,0.6808835289,41.91080479,39.01175255,0.0003666305342,0.0157014107,38,21.17584746,0.0003833817701,0.02631578947,,39.59848828,0.5867357371,2.566441929e-07,1.462093127e-05
IN_BALL_N_R01_H007,IN_BALL_N_R01,IN,N,7,6,7,49.87999705,50.38628316,0.6808835289,-0.6552117845,39.01175255,37.54086994,0.0003666305342,0.0157014107,38,17.20275721,0.0001273515028,0.02631578947,,-36.92823149,0.6126384541,2.566441929e-07,1.462093127e-05
IN_BALL_N_R01_H008,IN_BALL_N_R01,IN,N,8,7,8,50.38628316,50.89344735,-0.6552117845,0.6127152082,37.54086994,35.10599547,0.0003666305342,0.0157014107,38,15.38273956,0.0002777946704,0.02631578947,,35.56669332,0.4606978536,2.566441929e-07,1.462093127e-05
IN_BALL_N_R01_H009,IN_BALL_N_R01,IN,N,9,8,9,50.89344735,51.3965809,0.6127152082,-0.5894023657,35.10599547,33.77026799,0.0003666305342,0.0157014107,38,12.64829686,9.764089122e-05,0.02631578947,,-33.30304968,0.4672183135,2.566441929e-07,1.462093127e-05
IN_BALL_N_R01_H010,IN_BALL_N_R01,IN,N,10,9,10,51.3965809,51.90086869,-0.5894023657,0.554626974,33.77026799,31.77778481,0.0003666305342,0.0157014107,38,11.29071819,0.0001905893653,0.02631578947,,32.05613764,0.2783528327,2.566441929e-07,1.462093127e-05
IN_BALL_N_R01_H011,IN_BALL_N_R01,IN,N,11,10,11,51.90086869,52.40252065,0.554626974,-0.5320383906,31.77778481,30.48355432,0.0003666305342,0.0157014107,38,9.445677489,8.488228938e-05,0.02631578947,,-30.18933476,0.2942195581,2.566441929e-07,1.462093127e-05
IN_BALL_N_R01_H012,IN_BALL_N_R01,IN,N,12,11,12,52.40252065,52.90421134,-0.5320383906,0.503554589,30.48355432,28.8515527,0.0003666305342,0.0157014107,38,8.358612819,0.000127073757,0.02631578947,,28.97250279,0.120950085,2.566441929e-07,1.462093127e-05
IN_BALL_N_R01_H013,IN_BALL_N_R01,IN,N,13,12,13,52.90421134,53.40469622,0.503554589,-0.4818127609,28.8515527,27.60583771,0.0003666305342,0.0157014107,38,7.107812698,7.243394331e-05,0.02631578947,,-27.43330065,0.1725370672,2.566441929e-07,1.462093127e-05
IN_BALL_N_R01_H014,IN_BALL_N_R01,IN,N,14,13,14,53.40469622,53.90524788,-0.4818127609,0.4569184006,27.60583771,26.17949593,0.0003666305342,0.0157014107,38,6.23976366,9.175338925e-05,0.02631578947,,26.25491324,0.07541730469,2.566441929e-07,1.462093127e-05
IN_BALL_N_R01_H015,IN_BALL_N_R01,IN,N,15,14,15,53.90524788,54.40435851,0.4569184006,-0.4363725109,26.17949593,25.00230317,0.0003666305342,0.0157014107,38,5.334215454,5.884210742e-05,0.02631578947,,-24.90182774,0.1004754314,2.566441929e-07,1.462093127e-05
IN_BALL_N_R01_H016,IN_BALL_N_R01,IN,N,16,15,16,54.40435851,54.90371106,-0.4363725109,0.4157016826,25.00230317,23.81795195,0.0003666305342,0.0157014107,38,4.655093734,5.736016138e-05,0.02631578947,,23.78214148,-0.03581047164,2.566441929e-07,1.462093127e-05
IN_BALL_N_R01_H017,IN_BALL_N_R01,IN,N,17,16,17,54.90371106,55.4015174,0.4157016826,-0.3947835308,23.81795195,22.61943013,0.0003666305342,0.0157014107,38,4.031536087,5.645670088e-05,0.02631578947,,-22.65286274,-0.03343260902,2.566441929e-07,1.462093127e-05
IN_BALL_N_R01_H018,IN_BALL_N_R01,IN,N,18,17,18,55.4015174,55.90020077,-0.3947835308,0.3775092781,22.61943013,21.62968836,0.0003666305342,0.0157014107,38,3.458932316,3.28919736e-05,0.02631578947,,21.50732857,-0.122359786,2.566441929e-07,1.462093127e-05
IN_BALL_N_R01_H019,IN_BALL_N_R01,IN,N,19,18,19,55.90020077,56.39720034,0.3775092781,-0.3563065404,21.62968836,20.41486098,0.0003666305342,0.0157014107,38,3.028515087,5.326815491e-05,0.02631578947,,-20.55919399,-0.1443330156,2.566441929e-07,1.462093127e-05
IN_BALL_N_R01_H020,IN_BALL_N_R01,IN,N,20,19,20,56.39720034,56.89431107,-0.3563065404,0.3415428746,20.41486098,19.56896524,0.0003666305342,0.0157014107,38,2.550331099,1.689130843e-05,0.02631578947,,19.39287308,-0.1760921609,2.566441929e-07,1.462093127e-05
IN_BALL_N_R01_H021,IN_BALL_N_R01,IN,N,21,20,21,56.89431107,57.3897702,0.3415428746,-0.3211493558,19.56896524,18.40050268,0.0003666305342,0.0157014107,38,2.248587971,4.44399525e-05,0.02631578947,,-18.5790681,-0.178565424,2.566441929e-07,1.462093127e-05
IN_BALL_N_R01_H022,IN_BALL_N_R01,IN,N,22,21,22,57.3897702,57.88661739,-0.3211493558,0.3083219427,18.40050268,17.66554605,0.0003666305342,0.0157014107,38,1.871906469,6.25033597e-06,0.02631578947,,17.45253532,-0.2130107216,2.566441929e-07,1.462093127e-05
IN_BALL_N_R01_H023,IN_BALL_N_R01,IN,N,23,22,23,57.88661739,58.38195676,0.3083219427,-0.287718155,17.66554605,16.48503597,0.0003666305342,0.0157014107,38,1.657784018,4.116769475e-05,0.02631578947,,-16.74281818,-0.257782204,2.566441929e-07,1.462093127e-05
IN_BALL_N_R01_H024,IN_BALL_N_R01,IN,N,24,23,24,58.38195676,58.87710819,-0.287718155,0.2770358965,16.48503597,15.87298765,0.0003666305342,0.0157014107,38,1.348811163,-3.439301985e-06,0.02631578947,,15.60042025,-0.2725673915,2.566441929e-07,1.462093127e-05
IN_BALL_N_R01_H025,IN_BALL_N_R01,IN,N,25,24,25,58.87710819,59.37323362,0.2770358965,-0.2559939413,15.87298765,14.66737242,0.0003666305342,0.0157014107,38,1.204814238,3.872577905e-05,0.02631578947,,-15.00712399,-0.3397515708,2.566441929e-07,1.462093127e-05
IN_BALL_N_R01_H026,IN_BALL_N_R01,IN,N,26,25,26,59.37323362,59.86776243,-0.2559939413,0.2460372197,14.66737242,14.09689429,0.0003666305342,0.0157014107,38,0.951675988,-5.746796116e-06,0.02631578947,,13.83624922,-0.2606450672,2.566441929e-07,1.462093127e-05
IN_BALL_N_R01_H027,IN_BALL_N_R01,IN,N,27,26,27,59.86776243,60.36183386,0.2460372197,-0.2254200936,14.09689429,12.91561998,0.0003666305342,0.0157014107,38,0.8453176966,3.277688979e-05,0.02631578947,,-13.28127148,-0.3656515029,2.566441929e-07,1.462093127e-05
IN_BALL_N_R01_H028,IN_BALL_N_R01,IN,N,28,27,28,60.36183386,60.85557421,-0.2254200936,0.2165166721,12.91561998,12.4054915,0.0003666305342,0.0157014107,38,0.6507560552,-8.566432111e-06,0.02631578947,,12.13004217,-0.2754493361,2.566441929e-07,1.462093127e-05
IN_BALL_N_R01_H029,IN_BALL_N_R01,IN,N,29,28,29,60.85557421,61.34874733,0.2165166721,-0.195378992,12.4054915,11.19439165,0.0003666305342,0.0157014107,38,0.5768800141,3.022365432e-05,0.02631578947,,-11.6320694,-0.4376777526,2.566441929e-07,1.462093127e-05
IN_BALL_N_R01_H030,IN_BALL_N_R01,IN,N,30,29,30,61.34874733,61.84419985,-0.195378992,0.1875748775,11.19439165,10.74724882,0.0003666305342,0.0157014107,38,0.4242517449,-1.062578109e-05,0.02631578947,,10.44782326,-0.2994255643,2.566441929e-07,1.462093127e-05
IN_BALL_N_R01_H031,IN_BALL_N_R01,IN,N,31,30,31,61.84419985,62.33632827,0.1875748775,-0.1659375401,10.74724882,9.507520713,0.0003666305342,0.0157014107,38,0.3755294385,2.715590075e-05,0.02631578947,,-10.00988627,-0.5023655524,2.566441929e-07,1.462093127e-05
IN_BALL_N_R01_H032,IN_BALL_N_R01,IN,N,32,31,32,62.33632827,62.82767164,-0.1659375401,0.1589676306,9.507520713,9.108174314,0.0003666305342,0.0157014107,38,0.2601874889,-1.110420785e-05,0.02631578947,,8.793671619,-0.314502695,2.566441929e-07,1.462093127e-05
IN_BALL_N_R01_H033,IN_BALL_N_R01,IN,N,33,32,33,62.82767164,63.32056947,0.1589676306,-0.1365240653,9.108174314,7.822252746,0.0003666305342,0.0157014107,38,0.2288110493,2.428535035e-05,0.02631578947,,-8.401338331,-0.5790855844,2.566441929e-07,1.462093127e-05
IN_BALL_N_R01_H034,IN_BALL_N_R01,IN,N,34,33,34,63.32056947,63.81051611,-0.1365240653,0.1304429691,7.822252746,7.473831595,0.0003666305342,0.0157014107,38,0.1450329648,-1.097356655e-05,0.02631578947,,7.135634714,-0.3381968808,2.566441929e-07,1.462093127e-05
IN_BALL_N_R01_H035,IN_BALL_N_R01,IN,N,35,34,35,63.81051611,64.30006605,0.1304429691,-0.1066592657,7.473831595,6.111125771,0.0003666305342,0.0157014107,38,0.1265236339,2.154370717e-05,0.02631578947,,-6.792162519,-0.6810367479,2.566441929e-07,1.462093127e-05
IN_BALL_N_R01_H036,IN_BALL_N_R01,IN,N,36,35,36,64.30006605,64.78943103,-0.1066592657,0.101378047,6.111125771,5.808534229,0.0003666305342,0.0157014107,38,0.06920706067,-9.879477868e-06,0.02631578947,,5.446574826,-0.3619594033,2.566441929e-07,1.462093127e-05
IN_BALL_N_R01_H037,IN_BALL_N_R01,IN,N,37,36,37,64.78943103,65.34679152,0.101378047,-0.07732937897,5.808534229,4.430647047,0.0003666305342,0.0157014107,38,0.05943388615,1.612180578e-05,0.02631578947,,-5.147299787,-0.7166527394,2.566441929e-07,1.462093127e-05
IN_BALL_N_R01_H038,IN_BALL_N_R01,IN,N,38,37,38,65.34679152,65.75925222,-0.07732937897,0.0708161754,4.430647047,4.057467972,0.0003666305342,0.0157014107,38,0.02638898113,-5.83074375e-06,0.02631578947,,3.782300698,-0.2751672738,2.566441929e-07,1.462093127e-05
IN_BALL_P_R02_H001,IN_BALL_P_R02,IN,P,1,0,1,78.80413617,79.32991072,-1.04171351,0.9478709308,59.68578757,54.30900386,0.0003666305342,0.0157014107,37,57.81099071,0.001040013665,0.02702702703,1.461390799e-05,55.56538907,1.25638521,2.566441929e-07,1.462093127e-05
IN_BALL_P_R02_H002,IN_BALL_P_R02,IN,P,2,1,2,79.32991072,79.84955898,0.9478709308,-0.9005276968,54.30900386,51.59643636,0.0003666305342,0.0157014107,37,44.39787651,0.000417695041,0.02702702703,,-50.81204572,0.7843906399,2.566441929e-07,1.462093127e-05
IN_BALL_P_R02_H003,IN_BALL_P_R02,IN,P,3,2,3,79.84955898,80.3673169,-0.9005276968,0.8261598951,51.59643636,47.33547519,0.0003666305342,0.0157014107,37,38.41517112,0.0007214393021,0.02702702703,,48.3881995,1.052724307,2.566441929e-07,1.462093127e-05
IN_BALL_P_R02_H004,IN_BALL_P_R02,IN,P,4,3,4,80.3673169,80.87941519,0.8261598951,-0.7911976937,47.33547519,45.33228861,0.0003666305342,0.0157014107,37,30.05410083,0.0002462903388,0.02702702703,,-44.54683451,0.7854540989,2.566441929e-07,1.462093127e-05
IN_BALL_P_R02_H005,IN_BALL_P_R02,IN,P,5,4,5,80.87941519,81.39060952,-0.7911976937,0.7328215336,45.33228861,41.98758101,0.0003666305342,0.0157014107,37,26.55030501,0.0004888645934,0.02702702703,,42.72699788,0.7394168667,2.566441929e-07,1.462093127e-05
IN_BALL_P_R02_H006,IN_BALL_P_R02,IN,P,6,5,6,81.39060952,81.89894301,0.7328215336,-0.7035580569,41.98758101,40.3109073,0.0003666305342,0.0157014107,37,21.28819355,0.0001699597618,0.02702702703,,-39.66896458,0.6419427167,2.566441929e-07,1.462093127e-05
IN_BALL_P_R02_H007,IN_BALL_P_R02,IN,P,7,6,7,81.89894301,82.4072279,-0.7035580569,0.6556672822,40.3109073,37.56696803,0.0003666305342,0.0157014107,37,18.91894881,0.0003458506682,0.02702702703,,38.12703345,0.5600654221,2.566441929e-07,1.462093127e-05
IN_BALL_P_R02_H008,IN_BALL_P_R02,IN,P,8,7,8,82.4072279,82.91294622,0.6556672822,-0.6303323479,37.56696803,36.11538323,0.0003666305342,0.0157014107,37,15.4139118,0.0001210037496,0.02702702703,,-35.59092728,0.5244559432,2.566441929e-07,1.462093127e-05
IN_BALL_P_R02_H009,IN_BALL_P_R02,IN,P,9,8,9,82.91294622,83.41880167,-0.6303323479,0.5920218884,36.11538323,33.92035558,0.0003666305342,0.0157014107,37,13.74051827,0.0002324652172,0.02702702703,,34.24129903,0.3209434486,2.566441929e-07,1.462093127e-05
IN_BALL_P_R02_H010,IN_BALL_P_R02,IN,P,10,9,10,83.41880167,83.92110174,0.5920218884,-0.5679860212,33.92035558,32.54320184,0.0003666305342,0.0157014107,37,11.43835234,0.0001013546905,0.02702702703,,-32.19641044,0.3467913945,2.566441929e-07,1.462093127e-05
IN_BALL_P_R02_H011,IN_BALL_P_R02,IN,P,11,10,11,83.92110174,84.42429312,-0.5679860212,0.5350704605,32.54320184,30.65727913,0.0003666305342,0.0157014107,37,10.12944924,0.0001698307681,0.02702702703,,30.90742172,0.2501425964,2.566441929e-07,1.462093127e-05
IN_BALL_P_R02_H012,IN_BALL_P_R02,IN,P,12,11,12,84.42429312,84.92474849,0.5350704605,-0.5124182562,30.65727913,29.35940343,0.0003666305342,0.0157014107,37,8.499562007,8.30299249e-05,0.02702702703,,-29.13599782,0.2234056021,2.566441929e-07,1.462093127e-05
IN_BALL_P_R02_H013,IN_BALL_P_R02,IN,P,13,12,13,84.92474849,85.42676575,-0.5124182562,0.4857788168,29.35940343,27.83307598,0.0003666305342,0.0157014107,37,7.48300565,0.0001095326607,0.02702702703,,27.91283534,0.07975936513,2.566441929e-07,1.462093127e-05
IN_BALL_P_R02_H014,IN_BALL_P_R02,IN,P,14,13,14,85.42676575,85.92563572,0.4857788168,-0.4636652234,27.83307598,26.56606041,0.0003666305342,0.0157014107,37,6.392653666,7.293586381e-05,0.02702702703,,-26.47011262,0.09594778934,2.566441929e-07,1.462093127e-05
IN_BALL_P_R02_H015,IN_BALL_P_R02,IN,P,15,14,15,85.92563572,86.4267168,-0.4636652234,0.441226032,26.56606041,25.28038945,0.0003666305342,0.0157014107,37,5.570533502,7.229332711e-05,0.02702702703,,25.26893612,-0.01145332861,2.566441929e-07,1.462093127e-05
IN_BALL_P_R02_H016,IN_BALL_P_R02,IN,P,16,15,16,86.4267168,86.92414188,0.441226032,-0.4192504143,25.28038945,24.0212793,0.0003666305342,0.0157014107,37,4.81009493,6.626465536e-05,0.02702702703,,-24.0468983,-0.02561900426,2.566441929e-07,1.462093127e-05
IN_BALL_P_R02_H017,IN_BALL_P_R02,IN,P,17,16,17,86.92414188,87.4234216,-0.4192504143,0.400605946,24.0212793,22.95302995,0.0003666305342,0.0157014107,37,4.134436991,4.300124271e-05,0.02702702703,,22.84693282,-0.1060971313,2.566441929e-07,1.462093127e-05
IN_BALL_P_R02_H018,IN_BALL_P_R02,IN,P,18,17,18,87.4234216,87.92085459,0.400605946,-0.3789495777,22.95302995,21.71221145,0.0003666305342,0.0157014107,37,3.612560387,5.889954908e-05,0.02702702703,,-21.8264381,-0.1142266506,2.566441929e-07,1.462093127e-05
IN_BALL_P_R02_H019,IN_BALL_P_R02,IN,P,19,18,19,87.92085459,88.41913948,-0.3789495777,0.3640147472,21.71221145,20.85650869,0.0003666305342,0.0157014107,37,3.062976199,1.870720165e-05,0.02702702703,,20.63832066,-0.2181880346,2.566441929e-07,1.462093127e-05
IN_BALL_P_R02_H020,IN_BALL_P_R02,IN,P,20,19,20,88.41913948,88.91508071,0.3640147472,-0.3417979365,20.85650869,19.58357921,0.0003666305342,0.0157014107,37,2.717941362,5.682523355e-05,0.02702702703,,-19.81721604,-0.2336368328,2.566441929e-07,1.462093127e-05
IN_BALL_P_R02_H021,IN_BALL_P_R02,IN,P,21,20,21,88.91508071,89.41248335,-0.3417979365,0.3285264439,19.58357921,18.82317869,0.0003666305342,0.0157014107,37,2.253590013,8.768481304e-06,0.02702702703,,18.59344329,-0.2297354068,2.566441929e-07,1.462093127e-05
IN_BALL_P_R02_H022,IN_BALL_P_R02,IN,P,22,21,22,89.41248335,89.90832144,0.3285264439,-0.3070168273,18.82317869,17.59076845,0.0003666305342,0.0157014107,37,2.002927374,4.81128051e-05,0.02702702703,,-17.86042538,-0.2696569322,2.566441929e-07,1.462093127e-05
IN_BALL_P_R02_H023,IN_BALL_P_R02,IN,P,23,22,23,89.90832144,90.40313378,-0.3070168273,0.29579578,17.59076845,16.94784979,0.0003666305342,0.0157014107,37,1.636952804,-1.287469372e-06,0.02702702703,,16.67051309,-0.2773366958,2.566441929e-07,1.462093127e-05
IN_BALL_P_R02_H024,IN_BALL_P_R02,IN,P,24,23,24,90.40313378,90.89855817,0.29579578,-0.2737027214,16.94784979,15.68201078,0.0003666305342,0.0157014107,37,1.464940791,4.584286057e-05,0.02702702703,,-16.04861403,-0.3666032462,2.566441929e-07,1.462093127e-05
IN_BALL_P_R02_H025,IN_BALL_P_R02,IN,P,25,24,25,90.89855817,91.39392296,-0.2737027214,0.2636476764,15.68201078,15.10589914,0.0003666305342,0.0157014107,37,1.162061727,-5.789774327e-06,0.02702702703,,14.82183219,-0.2840669474,2.566441929e-07,1.462093127e-05
IN_BALL_P_R02_H026,IN_BALL_P_R02,IN,P,26,25,26,91.39392296,91.88769505,0.2636476764,-0.2418283901,15.10589914,13.85574612,0.0003666305342,0.0157014107,37,1.039199272,3.97396516e-05,0.02702702703,,-14.26249892,-0.4067527992,2.566441929e-07,1.462093127e-05
IN_BALL_P_R02_H027,IN_BALL_P_R02,IN,P,27,26,27,91.88769505,92.38350787,-0.2418283901,0.2336730861,13.85574612,13.38848162,0.0003666305342,0.0157014107,37,0.8028394615,-1.192895552e-05,0.02702702703,,13.04645754,-0.3420240823,2.566441929e-07,1.462093127e-05
IN_BALL_P_R02_H028,IN_BALL_P_R02,IN,P,28,27,28,92.38350787,92.87717459,0.2336730861,-0.211063733,13.38848162,12.09306111,0.0003666305342,0.0157014107,37,0.7246054991,3.763551612e-05,0.02702702703,,-12.59118874,-0.498127626,2.566441929e-07,1.462093127e-05
IN_BALL_P_R02_H029,IN_BALL_P_R02,IN,P,29,28,29,92.87717459,93.37148987,-0.211063733,0.2040277434,12.09306111,11.6899286,0.0003666305342,0.0157014107,37,0.5345073728,-1.392569007e-05,0.02702702703,,11.32683659,-0.3630920107,2.566441929e-07,1.462093127e-05
IN_BALL_P_R02_H030,IN_BALL_P_R02,IN,P,30,29,30,93.37148987,93.86562389,0.2040277434,-0.1810478308,11.6899286,10.37327659,0.0003666305342,0.0157014107,37,0.4829559593,3.35827219e-05,0.02702702703,,-10.93271239,-0.5594357985,2.566441929e-07,1.462093127e-05
IN_BALL_P_R02_H031,IN_BALL_P_R02,IN,P,31,30,31,93.86562389,94.35713387,-0.1810478308,0.1748744064,10.37327659,10.01956543,0.0003666305342,0.0157014107,37,0.3377571442,-1.428213499e-05,0.02702702703,,9.643318333,-0.3762470973,2.566441929e-07,1.462093127e-05
IN_BALL_P_R02_H032,IN_BALL_P_R02,IN,P,32,31,32,94.35713387,94.85069264,0.1748744064,-0.1518621766,10.01956543,8.701061787,0.0003666305342,0.0157014107,37,0.3044379852,2.840189752e-05,0.02702702703,,-9.296362336,-0.5953005495,2.566441929e-07,1.462093127e-05
IN_BALL_P_R02_H033,IN_BALL_P_R02,IN,P,33,32,33,94.85069264,95.34185742,-0.1518621766,0.1459691096,8.701061787,8.363413921,0.0003666305342,0.0157014107,37,0.1995242714,-1.262308004e-05,0.02702702703,,8.00092365,-0.3624902708,2.566441929e-07,1.462093127e-05
IN_BALL_P_R02_H034,IN_BALL_P_R02,IN,P,34,33,34,95.34185742,95.83115752,0.1459691096,-0.1230260054,8.363413921,7.04887088,0.0003666305342,0.0157014107,37,0.1772172622,2.297930913e-05,0.02702702703,,-7.668647196,-0.6197763167,2.566441929e-07,1.462093127e-05
IN_BALL_P_R02_H035,IN_BALL_P_R02,IN,P,35,34,35,95.83115752,96.32222762,-0.1230260054,0.1161688483,7.04887088,6.655984719,0.0003666305342,0.0157014107,37,0.1061651757,-8.487356049e-06,0.02702702703,,6.372577757,-0.2834069626,2.566441929e-07,1.462093127e-05
IN_BALL_P_R02_H036,IN_BALL_P_R02,IN,P,36,35,36,96.32222762,96.82792352,0.1161688483,-0.09294231202,6.655984719,5.325202217,0.0003666305342,0.0157014107,37,0.08939878733,1.791851492e-05,0.02702702703,,-5.985016809,-0.6598145925,2.566441929e-07,1.462093127e-05
IN_BALL_P_R02_H037,IN_BALL_P_R02,IN,P,37,36,37,96.82792352,97.30190878,-0.09294231202,0.08810447374,5.325202217,5.048014501,0.0003666305342,0.0157014107,37,0.04580511648,-9.241014475e-06,0.02702702703,,4.668908031,-0.3791064708,2.566441929e-07,1.462093127e-05
IN_BALL_N_R02_H001,IN_BALL_N_R02,IN,N,1,0,1,106.9001799,107.4245985,1.010710677,-0.9618882301,57.9094561,55.11213595,0.0003666305342,0.0157014107,38,53.14920978,0.0004505783444,0.02631578947,1.278078455e-05,-54.00256216,1.109573783,2.566441929e-07,1.462093127e-05
IN_BALL_N_R02_H002,IN_BALL_N_R02,IN,N,2,1,2,107.4245985,107.9442887,-0.9618882301,0.875387855,55.11213595,50.15602953,0.0003666305342,0.0157014107,38,46.26944101,0.0009006521788,0.02631578947,,51.52647018,1.370440654,2.566441929e-07,1.462093127e-05
IN_BALL_N_R02_H003,IN_BALL_N_R02,IN,N,3,2,3,107.9442887,108.460232,0.875387855,-0.8374626737,50.15602953,47.98307671,0.0003666305342,0.0157014107,38,35.44845749,0.000289159916,0.02631578947,,-47.09419708,0.8888796244,2.566441929e-07,1.462093127e-05
IN_BALL_N_R02_H004,IN_BALL_N_R02,IN,N,4,3,4,108.460232,108.9736661,-0.8374626737,0.7745081131,47.98307671,44.37604608,0.0003666305342,0.0157014107,38,31.24456657,0.0005600266707,0.02631578947,,45.13327918,0.7572331039,2.566441929e-07,1.462093127e-05
IN_BALL_N_R02_H005,IN_BALL_N_R02,IN,N,5,4,5,108.9736661,109.4840658,0.7745081131,-0.7411994071,44.37604608,42.4675978,0.0003666305342,0.0157014107,38,24.97167514,0.0002189294166,0.02631578947,,-41.85515698,0.6124408247,2.566441929e-07,1.462093127e-05
IN_BALL_N_R02_H006,IN_BALL_N_R02,IN,N,6,5,6,109.4840658,109.9936661,-0.7411994071,0.6918264696,42.4675978,39.63873686,0.0003666305342,0.0157014107,38,21.9990783,0.0003750745325,0.02631578947,,40.10930911,0.4705722527,2.566441929e-07,1.462093127e-05
IN_BALL_N_R02_H007,IN_BALL_N_R02,IN,N,7,6,7,109.9936661,110.5005608,0.6918264696,-0.6626422425,39.63873686,37.96660383,0.0003666305342,0.0157014107,38,18.01813156,0.0001626999532,0.02631578947,,-37.5072273,0.4593765292,2.566441929e-07,1.462093127e-05
IN_BALL_N_R02_H008,IN_BALL_N_R02,IN,N,8,7,8,110.5005608,111.0063527,-0.6626422425,0.6219841077,37.96660383,35.6370643,0.0003666305342,0.0157014107,38,15.89627215,0.0002635621598,0.02631578947,,35.96123751,0.324173216,2.566441929e-07,1.462093127e-05
IN_BALL_N_R02_H009,IN_BALL_N_R02,IN,N,9,8,9,111.0063527,111.5114034,0.6219841077,-0.5969115884,35.6370643,34.20051476,0.0003666305342,0.0157014107,38,13.21573766,0.0001142295711,0.02631578947,,-33.79776766,0.4027470985,2.566441929e-07,1.462093127e-05
IN_BALL_N_R02_H010,IN_BALL_N_R02,IN,N,10,9,10,111.5114034,112.0162663,-0.5969115884,0.563009144,34.20051476,32.25804778,0.0003666305342,0.0157014107,38,11.71723503,0.0001853078319,0.02631578947,,32.45818995,0.2001421743,2.566441929e-07,1.462093127e-05
IN_BALL_N_R02_H011,IN_BALL_N_R02,IN,N,11,10,11,112.0162663,112.518254,0.563009144,-0.5401417559,32.25804778,30.94784295,0.0003666305342,0.0157014107,38,9.87110924,8.811147163e-05,0.02631578947,,-30.63998329,0.3078596597,2.566441929e-07,1.462093127e-05
IN_BALL_N_R02_H012,IN_BALL_N_R02,IN,N,12,11,12,112.518254,113.0206727,-0.5401417559,0.5108924774,30.94784295,29.27198274,0.0003666305342,0.0157014107,38,8.738725263,0.0001345952664,0.02631578947,,29.40942122,0.1374384756,2.566441929e-07,1.462093127e-05
IN_BALL_N_R02_H013,IN_BALL_N_R02,IN,N,13,12,13,113.0206727,113.5208668,0.5108924774,-0.4894832823,29.27198274,28.04532622,0.0003666305342,0.0157014107,38,7.417527006,7.083146573e-05,0.02631578947,,-27.83032545,0.2150007668,2.566441929e-07,1.462093127e-05
IN_BALL_N_R02_H014,IN_BALL_N_R02,IN,N,14,13,14,113.5208668,114.0212517,-0.4894832823,0.4652512082,28.04532622,26.65693065,0.0003666305342,0.0157014107,38,6.537641002,8.835489097e-05,0.02631578947,,26.67099355,0.01406290508,2.566441929e-07,1.462093127e-05
IN_BALL_N_R02_H015,IN_BALL_N_R02,IN,N,15,14,15,114.0212517,114.5204931,0.4652512082,-0.4438793809,26.65693065,25.43241514,0.0003666305342,0.0157014107,38,5.627057704,6.531744916e-05,0.02631578947,,-25.35521646,0.07719867926,2.566441929e-07,1.462093127e-05
IN_BALL_N_R02_H016,IN_BALL_N_R02,IN,N,16,15,16,114.5204931,115.0200708,-0.4438793809,0.4228616574,25.43241514,24.22818829,0.0003666305342,0.0157014107,38,4.896239013,6.044906277e-05,0.02631578947,,24.19154833,-0.03663995979,2.566441929e-07,1.462093127e-05
IN_BALL_N_R02_H017,IN_BALL_N_R02,IN,N,17,16,17,115.0200708,115.5181419,0.4228616574,-0.4019900023,24.22818829,23.03233054,0.0003666305342,0.0157014107,38,4.240900205,5.703516427e-05,0.02631578947,,-23.04432318,-0.01199264655,2.566441929e-07,1.462093127e-05
IN_BALL_N_R02_H018,IN_BALL_N_R02,IN,N,18,17,18,115.5181419,116.0164382,-0.4019900023,0.3843828683,23.03233054,22.02351607,0.0003666305342,0.0157014107,38,3.649725752,3.536371546e-05,0.02631578947,,21.90226844,-0.1212476314,2.566441929e-07,1.462093127e-05
IN_BALL_N_R02_H019,IN_BALL_N_R02,IN,N,19,18,19,116.0164382,116.5132992,0.3843828683,-0.3630742145,22.02351607,20.80262014,0.0003666305342,0.0157014107,38,3.195291877,5.475878732e-05,0.02631578947,,-20.93668,-0.1340598581,2.566441929e-07,1.462093127e-05
IN_BALL_N_R02_H020,IN_BALL_N_R02,IN,N,20,19,20,116.5132992,117.010352,-0.3630742145,0.3487936539,20.80262014,19.98440429,0.0003666305342,0.0157014107,38,2.697113229,1.456331997e-05,0.02631578947,,19.76545966,-0.218944632,2.566441929e-07,1.462093127e-05
IN_BALL_N_R02_H021,IN_BALL_N_R02,IN,N,21,20,21,117.010352,117.5061868,0.3487936539,-0.327785568,19.98440429,18.78072963,0.0003666305342,0.0157014107,38,2.393656291,4.844912824e-05,0.02631578947,,-18.97892339,-0.1981937553,2.566441929e-07,1.462093127e-05
IN_BALL_N_R02_H022,IN_BALL_N_R02,IN,N,22,21,22,117.5061868,118.0025798,-0.327785568,0.3152719599,18.78072963,18.0637527,0.0003666305342,0.0157014107,38,1.98950425,4.813352475e-06,0.02631578947,,17.81948907,-0.2442636357,2.566441929e-07,1.462093127e-05
IN_BALL_N_R02_H023,IN_BALL_N_R02,IN,N,23,22,23,118.0025798,118.498371,0.3152719599,-0.2942103877,18.0637527,16.8570135,0.0003666305342,0.0157014107,38,1.771666361,4.416770983e-05,0.02631578947,,-17.1275785,-0.2705650008,2.566441929e-07,1.462093127e-05
IN_BALL_N_R02_H024,IN_BALL_N_R02,IN,N,24,23,24,118.498371,118.9936679,-0.2942103877,0.283635433,16.8570135,16.25111323,0.0003666305342,0.0157014107,38,1.441646834,-4.014087264e-06,0.02631578947,,15.96068248,-0.2904307567,2.566441929e-07,1.462093127e-05
IN_BALL_N_R02_H025,IN_BALL_N_R02,IN,N,25,24,25,118.9936679,119.4892304,0.283635433,-0.2624863292,16.25111323,15.03935884,0.0003666305342,0.0157014107,38,1.292505343,4.009845814e-05,0.02631578947,,-15.37378605,-0.3344272056,2.566441929e-07,1.462093127e-05
IN_BALL_N_R02_H026,IN_BALL_N_R02,IN,N,26,25,26,119.4892304,119.9842022,-0.2624863292,0.253490562,15.03935884,14.52393935,0.0003666305342,0.0157014107,38,1.025589691,-9.684698737e-06,0.02631578947,,14.19784566,-0.3260936894,2.566441929e-07,1.462093127e-05
IN_BALL_N_R02_H027,IN_BALL_N_R02,IN,N,27,26,27,119.9842022,120.4781739,0.253490562,-0.2316514801,14.52393935,13.27265213,0.0003666305342,0.0157014107,38,0.9241467238,3.82260802e-05,0.02631578947,,-13.6967852,-0.4241330728,2.566441929e-07,1.462093127e-05
IN_BALL_N_R02_H028,IN_BALL_N_R02,IN,N,28,27,28,120.4781739,120.9715348,-0.2316514801,0.2235629313,13.27265213,12.80921242,0.0003666305342,0.0157014107,38,0.7060276317,-1.16420101e-05,0.02631578947,,12.4780448,-0.3311676191,2.566441929e-07,1.462093127e-05
IN_BALL_N_R02_H029,IN_BALL_N_R02,IN,N,29,28,29,120.9715348,121.4668451,0.2235629313,-0.2019683578,12.80921242,11.57193449,0.0003666305342,0.0157014107,38,0.6348571159,3.271657372e-05,0.02631578947,,-12.02620939,-0.4542748941,2.566441929e-07,1.462093127e-05
IN_BALL_N_R02_H030,IN_BALL_N_R02,IN,N,30,29,30,121.4668451,121.9600537,-0.2019683578,0.1943891178,11.57193449,11.13767604,0.0003666305342,0.0157014107,38,0.4685179208,-1.166780611e-05,0.02631578947,,10.81733056,-0.3203454729,2.566441929e-07,1.462093127e-05
IN_BALL_N_R02_H031,IN_BALL_N_R02,IN,N,31,30,31,121.9600537,122.4535092,0.1943891178,-0.1728980977,11.13767604,9.906331286,0.0003666305342,0.0157014107,38,0.4178521721,2.784737913e-05,0.02631578947,,-10.3922974,-0.4859661095,2.566441929e-07,1.462093127e-05
IN_BALL_N_R02_H032,IN_BALL_N_R02,IN,N,32,31,32,122.4535092,122.9440599,-0.1728980977,0.1663318642,9.906331286,9.53011382,0.0003666305342,0.0157014107,38,0.2942527969,-1.261526892e-05,0.02631578947,,9.185239609,-0.344874211,2.566441929e-07,1.462093127e-05
IN_BALL_N_R02_H033,IN_BALL_N_R02,IN,N,33,32,33,122.9440599,123.4381003,0.1663318642,-0.1440965654,9.53011382,8.256125039,0.0003666305342,0.0157014107,38,0.2620433463,2.509758205e-05,0.02631578947,,-8.815862225,-0.5597371861,2.566441929e-07,1.462093127e-05
IN_BALL_N_R02_H034,IN_BALL_N_R02,IN,N,34,33,34,123.4381003,123.9299295,-0.1440965654,0.1376013664,8.256125039,7.883977551,0.0003666305342,0.0157014107,38,0.1704934259,-1.068210699e-05,0.02631578947,,7.563017238,-0.3209603128,2.566441929e-07,1.462093127e-05
IN_BALL_N_R02_H035,IN_BALL_N_R02,IN,N,35,34,35,123.9299295,124.420571,0.1376013664,-0.115734423,7.883977551,6.631093985,0.0003666305342,0.0157014107,38,0.1484890732,1.950488562e-05,0.02631578947,,-7.196459053,-0.5653650688,2.566441929e-07,1.462093127e-05
IN_BALL_N_R02_H036,IN_BALL_N_R02,IN,N,36,35,36,124.420571,124.9126835,-0.115734423,0.1086162337,6.631093985,6.22325178,0.0003666305342,0.0157014107,38,0.08840047651,-7.554972576e-06,0.02631578947,,5.960431087,-0.2628206936,2.566441929e-07,1.462093127e-05
IN_BALL_N_R02_H037,IN_BALL_N_R02,IN,N,37,36,37,124.9126835,125.4673571,0.1086162337,-0.08558058365,6.22325178,4.903406251,0.0003666305342,0.0157014107,38,0.07308370443,1.623447506e-05,0.02631578947,,-5.557427507,-0.6540212558,2.566441929e-07,1.462093127e-05
IN_BALL_N_R02_H038,IN_BALL_N_R02,IN,N,38,37,38,125.4673571,125.8871215,-0.08558058365,0.08043230006,4.903406251,4.60843133,0.0003666305342,0.0157014107,38,0.03576484921,-8.128206829e-06,0.02631578947,,4.251352438,-0.357078892,2.566441929e-07,1.462093127e-05
IN_BALL_P_R03_H001,IN_BALL_P_R03,IN,P,1,0,1,138.00379,138.5285198,-1.033636602,0.9422593682,59.22301482,53.98748501,0.0003666305342,0.0157014107,39,56.57449295,0.001003926235,0.02564102564,1.425204321e-05,55.15927054,1.171785539,2.566441929e-07,1.462093127e-05
IN_BALL_P_R03_H002,IN_BALL_P_R03,IN,P,2,1,2,138.5285198,139.0480526,0.9422593682,-0.8949704244,53.98748501,51.2780281,0.0003666305342,0.0157014107,39,43.66152071,0.0004156685654,0.02564102564,,-50.52563755,0.7523905534,2.566441929e-07,1.462093127e-05
IN_BALL_P_R03_H003,IN_BALL_P_R03,IN,P,3,2,3,139.0480526,139.5661675,-0.8949704244,0.8246603354,51.2780281,47.24955675,0.0003666305342,0.0157014107,39,37.74690013,0.0006716464472,0.02564102564,,48.10254147,0.8529847251,2.566441929e-07,1.462093127e-05
IN_BALL_P_R03_H004,IN_BALL_P_R03,IN,P,4,3,4,139.5661675,140.0782495,0.8246603354,-0.7884814047,47.24955675,45.17665671,0.0003666305342,0.0157014107,39,29.89829341,0.0002595798348,0.02564102564,,-44.46896,0.7076967105,2.566441929e-07,1.462093127e-05
IN_BALL_P_R03_H005,IN_BALL_P_R03,IN,P,5,4,5,140.0782495,140.5901966,-0.7884814047,0.7346487239,45.17665671,42.0922713,0.0003666305342,0.0157014107,39,26.28927501,0.0004398987183,0.02564102564,,42.58523476,0.4929634528,2.566441929e-07,1.462093127e-05
IN_BALL_P_R03_H006,IN_BALL_P_R03,IN,P,6,5,6,140.5901966,141.0986095,0.7346487239,-0.7023636476,42.0922713,40.24247269,0.0003666305342,0.0157014107,39,21.44198777,0.0002009397177,0.02564102564,,-39.76504427,0.4774284192,2.566441929e-07,1.462093127e-05
IN_BALL_P_R03_H007,IN_BALL_P_R03,IN,P,7,6,7,141.0986095,141.60759,-0.7023636476,0.6578286907,40.24247269,37.69080762,0.0003666305342,0.0157014107,39,18.82596462,0.0003132372216,0.02564102564,,38.06397295,0.3731653325,2.566441929e-07,1.462093127e-05
IN_BALL_P_R03_H008,IN_BALL_P_R03,IN,P,8,7,8,141.60759,142.1133195,0.6578286907,-0.6317909492,37.69080762,36.19895492,0.0003666305342,0.0157014107,39,15.56237652,0.0001277991844,0.02564102564,,-35.70567441,0.4932805098,2.566441929e-07,1.462093127e-05
IN_BALL_P_R03_H009,IN_BALL_P_R03,IN,P,9,8,9,142.1133195,142.6187246,-0.6317909492,0.5944850076,36.19895492,34.06148192,0.0003666305342,0.0157014107,39,13.83355024,0.0002240796346,0.02564102564,,34.31877012,0.2572882045,2.566441929e-07,1.462093127e-05
IN_BALL_P_R03_H010,IN_BALL_P_R03,IN,P,10,9,10,142.6187246,143.1216477,0.5944850076,-0.5707995346,34.06148192,32.70440428,0.0003666305342,0.0157014107,39,11.57829682,9.869733129e-05,0.02564102564,,-32.32826805,0.3761362324,2.566441929e-07,1.462093127e-05
IN_BALL_P_R03_H011,IN_BALL_P_R03,IN,P,11,10,11,143.1216477,143.6245052,-0.5707995346,0.539251057,32.70440428,30.89680966,0.0003666305342,0.0157014107,39,10.27740015,0.0001595332781,0.02564102564,,31.05849793,0.1616882626,2.566441929e-07,1.462093127e-05
IN_BALL_P_R03_H012,IN_BALL_P_R03,IN,P,12,11,12,143.6245052,144.1266247,0.539251057,-0.5171207404,30.89680966,29.62883592,0.0003666305342,0.0157014107,39,8.696408883,7.949213944e-05,0.02564102564,,-29.36144878,0.2673871493,2.566441929e-07,1.462093127e-05
IN_BALL_P_R03_H013,IN_BALL_P_R03,IN,P,13,12,13,144.1266247,144.6281958,-0.5171207404,0.4910026627,29.62883592,28.1323803,0.0003666305342,0.0157014107,39,7.687166547,0.000106532645,0.02564102564,,28.16706137,0.03468106991,2.566441929e-07,1.462093127e-05
IN_BALL_P_R03_H014,IN_BALL_P_R03,IN,P,14,13,14,144.6281958,145.128031,0.4910026627,-0.469020277,28.1323803,26.87288238,0.0003666305342,0.0157014107,39,6.597719876,7.265847828e-05,0.02564102564,,-26.75339977,0.1194826036,2.566441929e-07,1.462093127e-05
IN_BALL_P_R03_H015,IN_BALL_P_R03,IN,P,15,14,15,145.128031,145.6285,-0.469020277,0.4469252289,26.87288238,25.60692937,0.0003666305342,0.0157014107,39,5.762883018,7.06766485e-05,0.02564102564,,25.56011037,-0.04681900484,2.566441929e-07,1.462093127e-05
IN_BALL_P_R03_H016,IN_BALL_P_R03,IN,P,16,15,16,145.6285,146.1265758,0.4469252289,-0.425292814,25.60692937,24.3674833,0.0003666305342,0.0157014107,39,4.996360886,6.479224759e-05,0.02564102564,,-24.35758507,0.009898230789,2.566441929e-07,1.462093127e-05
IN_BALL_P_R03_H017,IN_BALL_P_R03,IN,P,17,16,17,146.1265758,146.6257851,-0.425292814,0.40639894,24.3674833,23.28494406,0.0003666305342,0.0157014107,39,4.313573957,4.507745286e-05,0.02564102564,,23.17718781,-0.107756254,2.566441929e-07,1.462093127e-05
IN_BALL_P_R03_H018,IN_BALL_P_R03,IN,P,18,17,18,146.6257851,147.1236172,0.40639894,-0.3862922958,23.28494406,22.13291821,0.0003666305342,0.0157014107,39,3.769785669,5.052571307e-05,0.02564102564,,-22.14374967,-0.01083145696,2.566441929e-07,1.462093127e-05
IN_BALL_P_R03_H019,IN_BALL_P_R03,IN,P,19,18,19,147.1236172,147.6216601,-0.3862922958,0.3695209652,22.13291821,21.17199175,0.0003666305342,0.0157014107,39,3.242667542,2.943074515e-05,0.02564102564,,21.04149539,-0.1304963601,2.566441929e-07,1.462093127e-05
IN_BALL_P_R03_H020,IN_BALL_P_R03,IN,P,20,19,20,147.6216601,148.1186922,0.3695209652,-0.3497701765,21.17199175,20.04035491,0.0003666305342,0.0157014107,39,2.842001537,4.441653667e-05,0.02564102564,,-20.12010795,-0.07975303806,2.566441929e-07,1.462093127e-05
IN_BALL_P_R03_H021,IN_BALL_P_R03,IN,P,21,20,21,148.1186922,148.6160971,-0.3497701765,0.3349995522,20.04035491,19.19406048,0.0003666305342,0.0157014107,39,2.41365206,1.666873771e-05,0.02564102564,,19.0327508,-0.1613096813,2.566441929e-07,1.462093127e-05
IN_BALL_P_R03_H022,IN_BALL_P_R03,IN,P,22,21,22,148.6160971,149.1113524,0.3349995522,-0.3155543712,19.19406048,18.07993367,0.0003666305342,0.0157014107,39,2.122754455,3.900763648e-05,0.02564102564,,-18.21794399,-0.1380103171,2.566441929e-07,1.462093127e-05
IN_BALL_P_R03_H023,IN_BALL_P_R03,IN,P,23,22,23,149.1113524,149.6070917,-0.3155543712,0.3025405574,18.07993367,17.33429707,0.0003666305342,0.0157014107,39,1.776399908,7.043597232e-06,0.02564102564,,17.14316726,-0.1911298125,2.566441929e-07,1.462093127e-05
IN_BALL_P_R03_H024,IN_BALL_P_R03,IN,P,24,23,24,149.6070917,150.1026164,0.3025405574,-0.2829991319,17.33429707,16.21465587,0.0003666305342,0.0157014107,39,1.566820493,3.575353034e-05,0.02564102564,,-16.42255389,-0.2078980201,2.566441929e-07,1.462093127e-05
IN_BALL_P_R03_H025,IN_BALL_P_R03,IN,P,25,24,25,150.1026164,150.5988677,-0.2829991319,0.2716731598,16.21465587,15.56572546,0.0003666305342,0.0157014107,39,1.28387251,-6.507105224e-07,0.02564102564,,15.33841871,-0.227306751,2.566441929e-07,1.462093127e-05
IN_BALL_P_R03_H026,IN_BALL_P_R03,IN,P,26,25,26,150.5988677,151.0933604,0.2716731598,-0.2524270873,15.56572546,14.46300674,0.0003666305342,0.0157014107,39,1.136528227,3.094356011e-05,0.02564102564,,-14.70897135,-0.2459646149,2.566441929e-07,1.462093127e-05
IN_BALL_P_R03_H027,IN_BALL_P_R03,IN,P,27,26,27,151.0933604,151.5883368,-0.2524270873,0.2420831487,14.46300674,13.87034271,0.0003666305342,0.0157014107,39,0.9126133618,-4.200801436e-06,0.02564102564,,13.63750006,-0.2328426456,2.566441929e-07,1.462093127e-05
IN_BALL_P_R03_H028,IN_BALL_P_R03,IN,P,28,27,28,151.5883368,152.0816253,0.2420831487,-0.2223736845,13.87034271,12.74107359,0.0003666305342,0.0157014107,39,0.8053694876,2.908994229e-05,0.02564102564,,-13.06067254,-0.3195989415,2.566441929e-07,1.462093127e-05
IN_BALL_P_R03_H029,IN_BALL_P_R03,IN,P,29,28,29,152.0816253,152.5770062,-0.2223736845,0.2136323499,12.74107359,12.24023201,0.0003666305342,0.0157014107,39,0.6248126965,-8.987212376e-06,0.02564102564,,11.95970919,-0.2805228268,2.566441929e-07,1.462093127e-05
IN_BALL_P_R03_H030,IN_BALL_P_R03,IN,P,30,29,30,152.5770062,153.0703377,0.2136323499,-0.1937606409,12.24023201,11.10166696,0.0003666305342,0.0157014107,39,0.5541999344,2.597659613e-05,0.02564102564,,-11.47063813,-0.3689711716,2.566441929e-07,1.462093127e-05
IN_BALL_P_R03_H031,IN_BALL_P_R03,IN,P,31,30,31,153.0703377,153.5662603,-0.1937606409,0.1852255457,11.10166696,10.61264203,0.0003666305342,0.0157014107,39,0.4138225092,-8.419643305e-06,0.02564102564,,10.35703989,-0.2556021384,2.566441929e-07,1.462093127e-05
IN_BALL_P_R03_H032,IN_BALL_P_R03,IN,P,32,31,32,153.5662603,154.0571213,0.1852255457,-0.1650401393,10.61264203,9.456103429,0.0003666305342,0.0157014107,39,0.3616268737,2.305137146e-05,0.02564102564,,-9.877973405,-0.4218699758,2.566441929e-07,1.462093127e-05
IN_BALL_P_R03_H033,IN_BALL_P_R03,IN,P,33,32,33,154.0571213,154.5490965,-0.1650401393,0.1581663878,9.456103429,9.062266484,0.0003666305342,0.0157014107,39,0.2559965544,-1.128237639e-05,0.02564102564,,8.743165699,-0.3191007856,2.566441929e-07,1.462093127e-05
IN_BALL_P_R03_H034,IN_BALL_P_R03,IN,P,34,33,34,154.5490965,155.0401197,0.1581663878,-0.1362299148,9.062266484,7.805399163,0.0003666305342,0.0157014107,39,0.225374368,2.306638622e-05,0.02564102564,,-8.356141346,-0.5507421828,2.566441929e-07,1.462093127e-05
IN_BALL_P_R03_H035,IN_BALL_P_R03,IN,P,35,34,35,155.0401197,155.5354206,-0.1362299148,0.1302634826,7.805399163,7.463547779,0.0003666305342,0.0157014107,39,0.1440986893,-1.118398108e-05,0.02564102564,,7.11902542,-0.3445223591,2.566441929e-07,1.462093127e-05
IN_BALL_P_R03_H036,IN_BALL_P_R03,IN,P,36,35,36,155.5354206,156.0229658,0.1302634826,-0.1077779839,7.463547779,6.175223599,0.0003666305342,0.0157014107,39,0.1260026615,1.932886701e-05,0.02564102564,,-6.782021241,-0.6067976415,2.566441929e-07,1.462093127e-05
IN_BALL_P_R03_H037,IN_BALL_P_R03,IN,P,37,36,37,156.0229658,156.5111722,-0.1077779839,0.1022006405,6.175223599,5.855665364,0.0003666305342,0.0157014107,39,0.07140594644,-9.506478386e-06,0.02564102564,,5.509947141,-0.3457182225,2.566441929e-07,1.462093127e-05
IN_BALL_P_R03_H038,IN_BALL_P_R03,IN,P,38,37,38,156.5111722,157.0700384,0.1022006405,-0.07926524136,5.855665364,4.541563792,0.0003666305342,0.0157014107,39,0.06089139784,1.491392568e-05,0.02564102564,,-5.193927665,-0.6523638732,2.566441929e-07,1.462093127e-05
IN_BALL_P_R03_H039,IN_BALL_P_R03,IN,P,39,38,39,157.0700384,157.4855406,-0.07926524136,0.07377088525,4.541563792,4.226760376,0.0003666305342,0.0157014107,39,0.02842001133,-7.140049188e-06,0.02564102564,,3.892312356,-0.3344480193,2.566441929e-07,1.462093127e-05
IN_BALL_N_R03_H001,IN_BALL_N_R03,IN,N,1,0,1,174.323963,174.8473656,1.00376619,-0.950673892,57.51156631,54.4696017,0.0003666305342,0.0157014107,38,52.13626837,0.0005037313174,0.02631578947,1.276215136e-05,-53.65161033,0.8179913775,2.566441929e-07,1.462093127e-05
IN_BALL_N_R03_H002,IN_BALL_N_R03,IN,N,2,1,2,174.8473656,175.3667833,-0.950673892,0.8706648571,54.4696017,49.88542168,0.0003666305342,0.0157014107,38,44.76844148,0.0008159381458,0.02631578947,,50.95503191,1.069610223,2.566441929e-07,1.462093127e-05
IN_BALL_N_R03_H003,IN_BALL_N_R03,IN,N,3,2,3,175.3667833,175.882672,0.8706648571,-0.8317481382,49.88542168,47.65565794,0.0003666305342,0.0157014107,38,34.90720332,0.0002997813807,0.02631578947,,-46.85057283,0.8050851073,2.566441929e-07,1.462093127e-05
IN_BALL_N_R03_H004,IN_BALL_N_R03,IN,N,4,3,4,175.882672,176.3961265,-0.8317481382,0.7705972314,47.65565794,44.15196906,0.0003666305342,0.0157014107,38,30.63912869,0.0005375413036,0.02631578947,,44.83691603,0.6849469706,2.566441929e-07,1.462093127e-05
IN_BALL_N_R03_H005,IN_BALL_N_R03,IN,N,5,4,5,176.3961265,176.9065145,0.7705972314,-0.7389757629,44.15196906,42.34019238,0.0003666305342,0.0157014107,38,24.61042563,0.0002003845108,0.02631578947,,-41.65057687,0.6896155128,2.566441929e-07,1.462093127e-05
IN_BALL_N_R03_H006,IN_BALL_N_R03,IN,N,6,5,6,176.9065145,177.4158632,-0.7389757629,0.688527283,42.34019238,39.4497074,0.0003666305342,0.0157014107,38,21.808968,0.0003849447208,0.02631578947,,39.99248127,0.5427738709,2.566441929e-07,1.462093127e-05
IN_BALL_N_R03_H007,IN_BALL_N_R03,IN,N,7,6,7,177.4158632,177.9224303,0.688527283,-0.6617226331,39.4497074,37.91391409,0.0003666305342,0.0157014107,38,17.769787,0.0001392319477,0.02631578947,,-37.33275331,0.5811607744,2.566441929e-07,1.462093127e-05
IN_BALL_N_R03_H008,IN_BALL_N_R03,IN,N,8,7,8,177.9224303,178.4290349,-0.6617226331,0.6209023031,37.91391409,35.57508146,0.0003666305342,0.0157014107,38,15.83213452,0.0002647494346,0.02631578947,,35.91245405,0.3373725881,2.566441929e-07,1.462093127e-05
IN_BALL_N_R03_H009,IN_BALL_N_R03,IN,N,9,8,9,178.4290349,178.9328642,0.6209023031,-0.5959348685,35.57508146,34.14455283,0.0003666305342,0.0157014107,38,13.14868756,0.0001131587699,0.02631578947,,-33.74013193,0.4044208987,2.566441929e-07,1.462093127e-05
IN_BALL_N_R03_H010,IN_BALL_N_R03,IN,N,10,9,10,178.9328642,179.4366817,-0.5959348685,0.5624844564,34.14455283,32.22798539,0.0003666305342,0.0157014107,38,11.66118331,0.0001812726536,0.02631578947,,32.40586608,0.1778806866,2.566441929e-07,1.462093127e-05
IN_BALL_N_R03_H011,IN_BALL_N_R03,IN,N,11,10,11,179.4366817,179.9389716,0.5624844564,-0.539848388,32.22798539,30.93103421,0.0003666305342,0.0157014107,38,9.84412392,8.618225924e-05,0.02631578947,,-30.61177962,0.3192545925,2.566441929e-07,1.462093127e-05
IN_BALL_N_R03_H012,IN_BALL_N_R03,IN,N,12,11,12,179.9389716,180.4406239,-0.539848388,0.511559869,30.93103421,29.31022146,0.0003666305342,0.0157014107,38,8.724772928,0.0001271545994,0.02631578947,,29.39362038,0.08339891241,2.566441929e-07,1.462093127e-05
IN_BALL_N_R03_H013,IN_BALL_N_R03,IN,N,13,12,13,180.4406239,180.941375,0.511559869,-0.4898424908,29.31022146,28.06590735,0.0003666305342,0.0157014107,38,7.446122136,7.318267007e-05,0.02631578947,,-27.86641803,0.1994893138,2.566441929e-07,1.462093127e-05
IN_BALL_N_R03_H014,IN_BALL_N_R03,IN,N,14,13,14,180.941375,181.4418353,-0.4898424908,0.4661967601,28.06590735,26.71110677,0.0003666305342,0.0157014107,38,6.551812476,8.427462112e-05,0.02631578947,,26.69050952,-0.0205972549,2.566441929e-07,1.462093127e-05
IN_BALL_N_R03_H015,IN_BALL_N_R03,IN,N,15,14,15,181.4418353,181.9409142,0.4661967601,-0.4453784992,26.71110677,25.51830829,0.0003666305342,0.0157014107,38,5.660934158,6.168776458e-05,0.02631578947,,-25.40659037,0.111717921,2.566441929e-07,1.462093127e-05
IN_BALL_N_R03_H016,IN_BALL_N_R03,IN,N,16,15,16,181.9409142,182.4409949,-0.4453784992,0.4243770301,25.51830829,24.31501275,0.0003666305342,0.0157014107,38,4.945352029,6.052057318e-05,0.02631578947,,24.27328683,-0.04172591759,2.566441929e-07,1.462093127e-05
IN_BALL_N_R03_H017,IN_BALL_N_R03,IN,N,17,16,17,182.4409949,182.9386657,0.4243770301,-0.4049432431,24.31501275,23.20153877,0.0003666305342,0.0157014107,38,4.286103864,4.833644667e-05,0.02631578947,,-23.12713023,0.07440854224,2.566441929e-07,1.462093127e-05
IN_BALL_N_R03_H018,IN_BALL_N_R03,IN,N,18,17,18,182.9386657,183.4360319,-0.4049432431,0.3868605804,23.20153877,22.16547852,0.0003666305342,0.0157014107,38,3.729863735,3.840398171e-05,0.02631578947,,22.06403216,-0.1014463583,2.566441929e-07,1.462093127e-05
IN_BALL_N_R03_H019,IN_BALL_N_R03,IN,N,19,18,19,183.4360319,183.933991,0.3868605804,-0.3665932025,22.16547852,21.0042433,0.0003666305342,0.0157014107,38,3.256856006,4.923293771e-05,0.02631578947,,-21.0726803,-0.06843700026,2.566441929e-07,1.462093127e-05
IN_BALL_N_R03_H020,IN_BALL_N_R03,IN,N,20,19,20,183.933991,184.4320656,-0.3665932025,0.3515687005,21.0042433,20.14340275,0.0003666305342,0.0157014107,38,2.775583157,1.869949835e-05,0.02631578947,,19.95907823,-0.1843245216,2.566441929e-07,1.462093127e-05
IN_BALL_N_R03_H021,IN_BALL_N_R03,IN,N,21,20,21,184.4320656,184.9280965,0.3515687005,-0.3317572402,20.14340275,19.00828969,0.0003666305342,0.0157014107,38,2.450766712,4.270798134e-05,0.02631578947,,-19.13186492,-0.1235752365,2.566441929e-07,1.462093127e-05
IN_BALL_N_R03_H022,IN_BALL_N_R03,IN,N,22,21,22,184.9280965,185.4245693,-0.3317572402,0.318055275,19.00828969,18.22322491,0.0003666305342,0.0157014107,38,2.06216066,1.069228302e-05,0.02631578947,,18.03889913,-0.184325783,2.566441929e-07,1.462093127e-05
IN_BALL_N_R03_H023,IN_BALL_N_R03,IN,N,23,22,23,185.4245693,185.9200214,0.318055275,-0.2983130166,18.22322491,17.09207682,0.0003666305342,0.0157014107,38,1.818682688,3.847596977e-05,0.02631578947,,-17.28152927,-0.1894524438,2.566441929e-07,1.462093127e-05
IN_BALL_N_R03_H024,IN_BALL_N_R03,IN,N,24,23,24,185.9200214,186.4166211,-0.2983130166,0.2872074963,17.09207682,16.45577738,0.0003666305342,0.0157014107,38,1.502434848,-1.725647669e-06,0.02631578947,,16.18819668,-0.2675807067,2.566441929e-07,1.462093127e-05
IN_BALL_N_R03_H025,IN_BALL_N_R03,IN,N,25,24,25,186.4166211,186.9101061,0.2872074963,-0.2673512655,16.45577738,15.31809916,0.0003666305342,0.0157014107,38,1.341681543,3.525871725e-05,0.02631578947,,-15.57208083,-0.2539816737,2.566441929e-07,1.462093127e-05
IN_BALL_N_R03_H026,IN_BALL_N_R03,IN,N,26,25,26,186.9101061,187.4064071,-0.2673512655,0.2568413555,15.31809916,14.71592568,0.0003666305342,0.0157014107,38,1.083398278,-3.821397764e-06,0.02631578947,,14.46856483,-0.2473608429,2.566441929e-07,1.462093127e-05
IN_BALL_N_R03_H027,IN_BALL_N_R03,IN,N,27,26,27,187.4064071,187.9004516,0.2568413555,-0.2377571568,14.71592568,13.62248163,0.0003666305342,0.0157014107,38,0.9611164309,2.862138641e-05,0.02631578947,,-13.88346294,-0.2609813034,2.566441929e-07,1.462093127e-05
IN_BALL_N_R03_H028,IN_BALL_N_R03,IN,N,28,27,28,187.9004516,188.394866,-0.2377571568,0.2296171431,13.62248163,13.1560932,0.0003666305342,0.0157014107,38,0.7631195655,-1.177523439e-05,0.02631578947,,12.81923389,-0.33685931,2.566441929e-07,1.462093127e-05
IN_BALL_N_R03_H029,IN_BALL_N_R03,IN,N,29,28,29,188.394866,188.8876432,0.2296171431,-0.2083430503,13.1560932,11.93717748,0.0003666305342,0.0157014107,38,0.6876543629,3.261962773e-05,0.02631578947,,-12.36461208,-0.4274346043,2.566441929e-07,1.462093127e-05
IN_BALL_N_R03_H030,IN_BALL_N_R03,IN,N,30,29,30,188.8876432,189.3812474,-0.2083430503,0.2010504641,11.93717748,11.51934306,0.0003666305342,0.0157014107,38,0.5141614699,-1.293841181e-05,0.02631578947,,11.17447199,-0.3448710676,2.566441929e-07,1.462093127e-05
IN_BALL_N_R03_H031,IN_BALL_N_R03,IN,N,31,30,31,189.3812474,189.8771206,0.2010504641,-0.1793655052,11.51934306,10.27688644,0.0003666305342,0.0157014107,38,0.4621761484,2.943449835e-05,0.02631578947,,-10.76587416,-0.4889877215,2.566441929e-07,1.462093127e-05
IN_BALL_N_R03_H032,IN_BALL_N_R03,IN,N,32,31,32,189.8771206,190.3707203,-0.1793655052,0.1730841054,10.27688644,9.91698874,0.0003666305342,0.0157014107,38,0.328448815,-1.385684523e-05,0.02631578947,,9.548791708,-0.3681970329,2.566441929e-07,1.462093127e-05
IN_BALL_N_R03_H033,IN_BALL_N_R03,IN,N,33,32,33,190.3707203,190.8623733,0.1730841054,-0.1511943468,9.91698874,8.66279796,0.0003666305342,0.0157014107,38,0.295201609,2.543118604e-05,0.02631578947,,-9.195728218,-0.532930258,2.566441929e-07,1.462093127e-05
IN_BALL_N_R03_H034,IN_BALL_N_R03,IN,N,34,33,34,190.8623733,191.3530238,-0.1511943468,0.1455746855,8.66279796,8.340815085,0.0003666305342,0.0157014107,38,0.1969075317,-1.319000956e-05,0.02631578947,,7.963146305,-0.3776687797,2.566441929e-07,1.462093127e-05
IN_BALL_N_R03_H035,IN_BALL_N_R03,IN,N,35,34,35,191.3530238,191.8470007,0.1455746855,-0.1227853394,8.340815085,7.035081731,0.0003666305342,0.0157014107,38,0.1757865834,2.261167761e-05,0.02631578947,,-7.646398672,-0.6113169413,2.566441929e-07,1.462093127e-05
IN_BALL_N_R03_H036,IN_BALL_N_R03,IN,N,36,35,36,191.8470007,192.3371818,-0.1227853394,0.1171532626,7.035081731,6.712387502,0.0003666305342,0.0157014107,38,0.1055439708,-1.070789089e-05,0.02631578947,,6.359313414,-0.3530740884,2.566441929e-07,1.462093127e-05
IN_BALL_N_R03_H037,IN_BALL_N_R03,IN,N,37,36,37,192.3371818,192.8393512,0.1171532626,-0.09390698549,6.712387502,5.380473935,0.0003666305342,0.0157014107,38,0.09168868842,1.813352858e-05,0.02631578947,,-6.040722613,-0.6602486775,2.566441929e-07,1.462093127e-05
IN_BALL_N_R03_H038,IN_BALL_N_R03,IN,N,38,37,38,192.8393512,193.3124591,-0.09390698549,0.08861498837,5.380473935,5.077264835,0.0003666305342,0.0157014107,38,0.04724539073,-8.702781895e-06,0.02631578947,,4.723642181,-0.3536226546,2.566441929e-07,1.462093127e-05
OUT_BALL_N_R01_H001,OUT_BALL_N_R01,OUT,N,1,0,1,220.8897986,221.4231914,0.9291000939,-0.8655584991,53.23351413,49.59284892,0.0003701679851,0.01497976458,24,39.65230075,0.0004149897747,0.04166666667,1.394475289e-05,-49.13856505,0.4542838709,2.566441929e-07,1.462093127e-05
OUT_BALL_N_R01_H002,OUT_BALL_N_R01,OUT,N,2,1,2,221.4231914,221.9513094,-0.8655584991,0.7751382435,49.59284892,44.41214989,0.0003701679851,0.01497976458,24,32.43702318,0.0006850494771,0.04166666667,,45.87949067,1.467340778,2.566441929e-07,1.462093127e-05
OUT_BALL_N_R01_H003,OUT_BALL_N_R01,OUT,N,3,2,3,221.9513094,222.4769857,0.7751382435,-0.7273437683,44.41214989,41.67372818,0.0003701679851,0.01497976458,24,23.65158181,0.0002166426578,0.04166666667,,-41.18929473,0.4844334439,2.566441929e-07,1.462093127e-05
OUT_BALL_N_R01_H004,OUT_BALL_N_R01,OUT,N,4,3,4,222.4769857,223.0008521,-0.7273437683,0.6615788746,41.67372818,37.90567733,0.0003701679851,0.01497976458,24,19.68394704,0.0003757839627,0.04166666667,,38.68595801,0.7802806798,2.566441929e-07,1.462093127e-05
OUT_BALL_N_R01_H005,OUT_BALL_N_R01,OUT,N,5,4,5,223.0008521,223.5214891,0.6615788746,-0.6192648786,37.90567733,35.48126394,0.0003701679851,0.01497976458,24,14.95067666,0.0001479302894,0.04166666667,,-35.21481605,0.2664478915,2.566441929e-07,1.462093127e-05
OUT_BALL_N_R01_H006,OUT_BALL_N_R01,OUT,N,6,5,6,223.5214891,224.0413733,-0.6192648786,0.5693931571,35.48126394,32.62382478,0.0003701679851,0.01497976458,24,12.32898179,0.0002026769621,0.04166666667,,32.96544631,0.3416215239,2.566441929e-07,1.462093127e-05
OUT_BALL_N_R01_H007,OUT_BALL_N_R01,OUT,N,7,6,7,224.0413733,224.5589898,0.5693931571,-0.5321292852,32.62382478,30.4887622,0.0003701679851,0.01497976458,24,9.641299055,9.430770002e-05,0.04166666667,,-30.29851941,0.190242787,2.566441929e-07,1.462093127e-05
OUT_BALL_N_R01_H008,OUT_BALL_N_R01,OUT,N,8,7,8,224.5589898,225.0767068,-0.5321292852,0.4914101435,30.4887622,28.15572724,0.0003701679851,0.01497976458,24,7.902211205,0.0001141170734,0.04166666667,,28.29479872,0.1390714865,2.566441929e-07,1.462093127e-05
OUT_BALL_N_R01_H009,OUT_BALL_N_R01,OUT,N,9,8,9,225.0767068,225.5918105,0.4914101435,-0.4583352372,28.15572724,26.2606747,0.0003701679851,0.01497976458,24,6.249615025,5.634259085e-05,0.04166666667,,-26.09462506,0.1660496342,2.566441929e-07,1.462093127e-05
OUT_BALL_N_R01_H010,OUT_BALL_N_R01,OUT,N,10,9,10,225.5918105,226.1071924,-0.4583352372,0.4240377997,26.2606747,24.29557628,0.0003701679851,0.01497976458,24,5.086789726,6.083792189e-05,0.04166666667,,24.29937339,0.003797115474,2.566441929e-07,1.462093127e-05
OUT_BALL_N_R01_H011,OUT_BALL_N_R01,OUT,N,11,10,11,226.1071924,226.6200146,0.4240377997,-0.3929290372,24.29557628,22.51317548,0.0003701679851,0.01497976458,24,4.040447386,3.859452355e-05,0.04166666667,,-22.43012166,0.08305382054,2.566441929e-07,1.462093127e-05
OUT_BALL_N_R01_H012,OUT_BALL_N_R01,OUT,N,12,11,12,226.6200146,227.1349586,-0.3929290372,0.3651477504,22.51317548,20.921425,0.0003701679851,0.01497976458,24,3.22305096,1.836376774e-05,0.04166666667,,20.72798748,-0.1934375192,2.566441929e-07,1.462093127e-05
OUT_BALL_N_R01_H013,OUT_BALL_N_R01,OUT,N,13,12,13,227.1349586,227.6470062,0.3651477504,-0.3332021372,20.921425,19.09107618,0.0003701679851,0.01497976458,24,2.592084237,3.778312721e-05,0.04166666667,,-19.20252794,-0.1114517594,2.566441929e-07,1.462093127e-05
OUT_BALL_N_R01_H014,OUT_BALL_N_R01,OUT,N,14,13,14,227.6470062,228.159534,-0.3332021372,0.3104585597,19.09107618,17.78796519,0.0003701679851,0.01497976458,24,1.973962216,-7.050808607e-06,0.04166666667,,17.4422724,-0.3456927894,2.566441929e-07,1.462093127e-05
OUT_BALL_N_R01_H015,OUT_BALL_N_R01,OUT,N,15,14,15,228.159534,228.6700717,0.3104585597,-0.2787751968,17.78796519,15.97264221,0.0003701679851,0.01497976458,24,1.599057491,3.089544989e-05,0.04166666667,,-16.184949,-0.2123067928,2.566441929e-07,1.462093127e-05
OUT_BALL_N_R01_H016,OUT_BALL_N_R01,OUT,N,16,15,16,228.6700717,229.1812556,-0.2787751968,0.2584631665,15.97264221,14.8088486,0.0003701679851,0.01497976458,24,1.159920866,-1.517917937e-05,0.04166666667,,14.42787278,-0.3809758209,2.566441929e-07,1.462093127e-05
OUT_BALL_N_R01_H017,OUT_BALL_N_R01,OUT,N,17,16,17,229.1812556,229.6891992,0.2584631665,-0.2287697246,14.8088486,13.1075397,0.0003701679851,0.01497976458,24,0.9254156746,1.838533982e-05,0.04166666667,,-13.29800351,-0.1904638097,2.566441929e-07,1.462093127e-05
OUT_BALL_N_R01_H018,OUT_BALL_N_R01,OUT,N,18,17,18,229.6891992,230.1978911,-0.2287697246,0.2115516129,13.1075397,12.12101457,0.0003701679851,0.01497976458,24,0.6426372718,-2.231773105e-05,0.04166666667,,11.64145698,-0.4795575851,2.566441929e-07,1.462093127e-05
OUT_BALL_N_R01_H019,OUT_BALL_N_R01,OUT,N,19,18,19,230.1978911,230.7029889,0.2115516129,-0.182028103,12.12101457,10.42944206,0.0003701679851,0.01497976458,24,0.5085679677,1.37646353e-05,0.04166666667,,-10.67832843,-0.2488863726,2.566441929e-07,1.462093127e-05
OUT_BALL_N_R01_H020,OUT_BALL_N_R01,OUT,N,20,19,20,230.7029889,231.2092922,-0.182028103,0.1679011955,10.42944206,9.620029879,0.0003701679851,0.01497976458,24,0.3243549396,-2.569095808e-05,0.04166666667,,9.022363464,-0.5976664155,2.566441929e-07,1.462093127e-05
OUT_BALL_N_R01_H021,OUT_BALL_N_R01,OUT,N,21,20,21,231.2092922,231.711314,0.1679011955,-0.140094338,9.620029879,8.026814299,0.0003701679851,0.01497976458,24,0.2546721358,6.227394751e-06,0.04166666667,,-8.227997524,-0.2011832246,2.566441929e-07,1.462093127e-05
OUT_BALL_N_R01_H022,OUT_BALL_N_R01,OUT,N,22,21,22,231.711314,232.2148013,-0.140094338,0.1274563898,8.026814299,7.302713206,0.0003701679851,0.01497976458,24,0.1480655471,-2.284726735e-05,0.04166666667,,6.660631922,-0.642081284,2.566441929e-07,1.462093127e-05
OUT_BALL_N_R01_H023,OUT_BALL_N_R01,OUT,N,23,22,23,232.2148013,232.710992,0.1274563898,-0.1018411045,7.302713206,5.835065467,0.0003701679851,0.01497976458,24,0.1115383016,1.42156987e-07,0.04166666667,,-5.94663894,-0.1115734731,2.566441929e-07,1.462093127e-05
OUT_BALL_N_R01_H024,OUT_BALL_N_R01,OUT,N,24,23,24,232.710992,233.2094832,-0.1018411045,0.0927833241,5.835065467,5.31609288,0.0003701679851,0.01497976458,24,0.05693294789,-2.17682397e-05,0.04166666667,,4.496377289,-0.8197155912,2.566441929e-07,1.462093127e-05
OUT_BALL_P_R02_H001,OUT_BALL_P_R02,OUT,P,1,0,1,254.3449758,254.8805414,-1.00950086,0.8909591404,57.84013868,51.04819846,0.0003701679851,0.01497976458,25,50.05434807,0.001084642136,0.04,1.706330622e-05,53.21717166,2.168973194,2.566441929e-07,1.462093127e-05
OUT_BALL_P_R02_H002,OUT_BALL_P_R02,OUT,P,2,1,2,254.8805414,255.4106911,0.8909591404,-0.8284786386,51.04819846,47.46832941,0.0003701679851,0.01497976458,25,35.21625482,0.0003943305945,0.04,,-47.18604086,0.2822885507,2.566441929e-07,1.462093127e-05
OUT_BALL_P_R02_H003,OUT_BALL_P_R02,OUT,P,3,2,3,255.4106911,255.9367009,-0.8284786386,0.7498238493,47.46832941,42.96174194,0.0003701679851,0.01497976458,25,28.62737079,0.0005444848251,0.04,,43.96347484,1.0017329,2.566441929e-07,1.462093127e-05
OUT_BALL_P_R02_H004,OUT_BALL_P_R02,OUT,P,4,3,4,255.9367009,256.4606669,0.7498238493,-0.6998535888,42.96174194,40.09865692,0.0003701679851,0.01497976458,25,21.49342234,0.0002335013309,0.04,,-39.86547631,0.2331806021,2.566441929e-07,1.462093127e-05
OUT_BALL_P_R02_H005,OUT_BALL_P_R02,OUT,P,5,4,5,256.4606669,256.983298,-0.6998535888,0.6413848092,40.09865692,36.74864261,0.0003701679851,0.01497976458,25,17.60531848,0.000299635312,0.04,,37.23869663,0.4900540147,2.566441929e-07,1.462093127e-05
OUT_BALL_P_R02_H006,OUT_BALL_P_R02,OUT,P,6,5,6,256.983298,257.5030456,0.6413848092,-0.5991313317,36.74864261,34.32769668,0.0003701679851,0.01497976458,25,13.65931185,0.0001443386218,0.04,,-34.14285339,0.1848432852,2.566441929e-07,1.462093127e-05
OUT_BALL_P_R02_H007,OUT_BALL_P_R02,OUT,P,7,6,7,257.5030456,258.0223328,-0.5991313317,0.5531633239,34.32769668,31.69392384,0.0003701679851,0.01497976458,25,11.19285296,0.000166705376,0.04,,31.89087042,0.1969465808,2.566441929e-07,1.462093127e-05
OUT_BALL_P_R02_H008,OUT_BALL_P_R02,OUT,P,8,7,8,258.0223328,258.5384943,0.5531633239,-0.5150857241,31.69392384,29.51223808,0.0003701679851,0.01497976458,25,8.856403969,9.832813401e-05,0.04,,-29.42698824,0.08524983739,2.566441929e-07,1.462093127e-05
OUT_BALL_P_R02_H009,OUT_BALL_P_R02,OUT,P,9,8,9,258.5384943,259.055286,-0.5150857241,0.4789793366,29.51223808,27.44349446,0.0003701679851,0.01497976458,25,7.179876609,7.933900872e-05,0.04,,27.37525536,-0.06823909538,2.566441929e-07,1.462093127e-05
OUT_BALL_P_R02_H010,OUT_BALL_P_R02,OUT,P,10,9,10,259.055286,259.5695317,0.4789793366,-0.4438355974,27.44349446,25.42990653,0.0003701679851,0.01497976458,25,5.794269468,6.856580915e-05,0.04,,-25.42075248,0.009154047599,2.566441929e-07,1.462093127e-05
OUT_BALL_P_R02_H011,OUT_BALL_P_R02,OUT,P,11,10,11,259.5695317,260.084779,-0.4438355974,0.4133500729,25.42990653,23.68321464,0.0003701679851,0.01497976458,25,4.625214499,3.633503294e-05,0.04,,23.51006913,-0.1731455098,2.566441929e-07,1.462093127e-05
OUT_BALL_P_R02_H012,OUT_BALL_P_R02,OUT,P,12,11,12,260.084779,260.5971418,0.4133500729,-0.3807106069,23.68321464,21.81311099,0.0003701679851,0.01497976458,25,3.745936753,4.629195479e-05,0.04,,-21.84604804,-0.03293705621,2.566441929e-07,1.462093127e-05
OUT_BALL_P_R02_H013,OUT_BALL_P_R02,OUT,P,13,12,13,260.5971418,261.1110472,-0.3807106069,0.3553893207,21.81311099,20.36230816,0.0003701679851,0.01497976458,25,2.934418292,5.114526422e-06,0.04,,20.05777738,-0.304530777,2.566441929e-07,1.462093127e-05
OUT_BALL_P_R02_H014,OUT_BALL_P_R02,OUT,P,14,13,14,261.1110472,261.622561,0.3553893207,-0.3238849829,20.36230816,18.55724257,0.0003701679851,0.01497976458,25,2.391458495,3.468438178e-05,0.04,,-18.66555972,-0.1083171505,2.566441929e-07,1.462093127e-05
OUT_BALL_P_R02_H015,OUT_BALL_P_R02,OUT,P,15,14,15,261.622561,262.1348255,-0.3238849829,0.3009637324,18.55724257,17.24395165,0.0003701679851,0.01497976458,25,1.814072519,-6.040225345e-06,0.04,,16.92767696,-0.3162746959,2.566441929e-07,1.462093127e-05
OUT_BALL_P_R02_H016,OUT_BALL_P_R02,OUT,P,16,15,16,262.1348255,262.6442192,0.3009637324,-0.2710623511,17.24395165,15.5307287,0.0003701679851,0.01497976458,25,1.457633883,2.274634374e-05,0.04,,-15.65915628,-0.1284275789,2.566441929e-07,1.462093127e-05
OUT_BALL_P_R02_H017,OUT_BALL_P_R02,OUT,P,17,16,17,262.6442192,263.1546018,-0.2710623511,0.2519665836,15.5307287,14.43662182,0.0003701679851,0.01497976458,25,1.066738933,-1.930586126e-05,0.04,,13.99915454,-0.4374672811,2.566441929e-07,1.462093127e-05
OUT_BALL_P_R02_H018,OUT_BALL_P_R02,OUT,P,18,17,18,263.1546018,263.6630615,0.2519665836,-0.2232528812,14.43662182,12.79144786,0.0003701679851,0.01497976458,25,0.8576577063,1.458251341e-05,0.04,,-12.93606444,-0.1446165796,2.566441929e-07,1.462093127e-05
OUT_BALL_P_R02_H019,OUT_BALL_P_R02,OUT,P,19,18,19,263.6630615,264.1695581,-0.2232528812,0.2061388287,12.79144786,11.81088488,0.0003701679851,0.01497976458,25,0.5974064945,-2.21219642e-05,0.04,,11.33294877,-0.4779361087,2.566441929e-07,1.462093127e-05
OUT_BALL_P_R02_H020,OUT_BALL_P_R02,OUT,P,20,19,20,264.1695581,264.6781433,0.2061388287,-0.1791536122,11.81088488,10.26474586,0.0003701679851,0.01497976458,25,0.4706279363,6.55432724e-06,0.04,,-10.37514841,-0.1104025449,2.566441929e-07,1.462093127e-05
OUT_BALL_P_R02_H021,OUT_BALL_P_R02,OUT,P,21,20,21,264.6781433,265.1841227,-0.1791536122,0.1637694039,10.26474586,9.383295659,0.0003701679851,0.01497976458,25,0.3092623311,-2.22177924e-05,0.04,,8.860833221,-0.5224624383,2.566441929e-07,1.462093127e-05
OUT_BALL_P_R02_H022,OUT_BALL_P_R02,OUT,P,22,21,22,265.1841227,265.6842468,0.1637694039,-0.1386044901,9.383295659,7.941452305,0.0003701679851,0.01497976458,25,0.2363621502,5.3228288e-07,0.04,,-7.99542167,-0.05396936544,2.566441929e-07,1.462093127e-05
OUT_BALL_P_R02_H023,OUT_BALL_P_R02,OUT,P,23,22,23,265.6842468,266.1882265,-0.1386044901,0.1254017126,7.941452305,7.184988873,0.0003701679851,0.01497976458,25,0.1433977071,-2.155391687e-05,0.04,,6.576514332,-0.6084745419,2.566441929e-07,1.462093127e-05
OUT_BALL_P_R02_H024,OUT_BALL_P_R02,OUT,P,24,23,24,266.1882265,266.6863934,0.1254017126,-0.1014472824,7.184988873,5.812501126,0.0003701679851,0.01497976458,25,0.1062361113,-2.433972815e-06,0.04,,-5.830464774,-0.01796364816,2.566441929e-07,1.462093127e-05
OUT_BALL_P_R02_H025,OUT_BALL_P_R02,OUT,P,25,24,25,266.6863934,267.1848683,-0.1014472824,0.08955492008,5.812501126,5.131118955,0.0003701679851,0.01497976458,25,0.05627546607,-1.782867654e-05,0.04,,4.474045256,-0.6570736989,2.566441929e-07,1.462093127e-05
OUT_BALL_N_R02_H001,OUT_BALL_N_R02,OUT,N,1,0,1,279.5625141,280.0959665,0.9156967091,-0.8553218522,52.46555675,49.00633225,0.0003701679851,0.01497976458,24,38.05720015,0.0003762195846,0.04166666667,1.410183463e-05,-48.4537353,0.552596957,2.566441929e-07,1.462093127e-05
OUT_BALL_N_R02_H002,OUT_BALL_N_R02,OUT,N,2,1,2,280.0959665,280.6251377,-0.8553218522,0.7643311135,49.00633225,43.79294695,0.0003701679851,0.01497976458,24,31.35611222,0.0006852502472,0.04166666667,,45.35156294,1.558615989,2.566441929e-07,1.462093127e-05
OUT_BALL_N_R02_H003,OUT_BALL_N_R02,OUT,N,3,2,3,280.6251377,281.1498657,0.7643311135,-0.7136499703,43.79294695,40.88913135,0.0003701679851,0.01497976458,24,22.7144604,0.0002432608388,0.04166666667,,-40.62467865,0.2644526979,2.566441929e-07,1.462093127e-05
OUT_BALL_N_R02_H004,OUT_BALL_N_R02,OUT,N,4,3,4,281.1498657,281.6727708,-0.7136499703,0.6502874669,40.88913135,37.25872732,0.0003701679851,0.01497976458,24,18.63025371,0.000348576353,0.04166666667,,37.96570136,0.7069740357,2.566441929e-07,1.462093127e-05
OUT_BALL_N_R02_H005,OUT_BALL_N_R02,OUT,N,5,4,5,281.6727708,282.192918,0.6502874669,-0.6085568201,37.25872732,34.86773738,0.0003701679851,0.01497976458,24,14.21947262,0.0001412354463,0.04166666667,,-34.6157756,0.251961785,2.566441929e-07,1.462093127e-05
OUT_BALL_N_R02_H006,OUT_BALL_N_R02,OUT,N,6,5,6,282.192918,282.7123952,-0.6085568201,0.5592913021,34.86773738,32.04503113,0.0003701679851,0.01497976458,24,11.71597698,0.0001950408068,0.04166666667,,32.39424906,0.3492179333,2.566441929e-07,1.462093127e-05
OUT_BALL_N_R02_H007,OUT_BALL_N_R02,OUT,N,7,6,7,282.7123952,283.2291427,0.5592913021,-0.5224041545,32.04503113,29.93155325,0.0003701679851,0.01497976458,24,9.147717933,9.026534247e-05,0.04166666667,,-29.75628213,0.1752711167,2.566441929e-07,1.462093127e-05
OUT_BALL_N_R02_H008,OUT_BALL_N_R02,OUT,N,8,7,8,283.2291427,283.7458715,-0.5224041545,0.4838259817,29.93155325,27.72118677,0.0003701679851,0.01497976458,24,7.484555094,9.748665889e-05,0.04166666667,,27.77033157,0.04914479455,2.566441929e-07,1.462093127e-05
OUT_BALL_N_R02_H009,OUT_BALL_N_R02,OUT,N,9,8,9,283.7458715,284.2607523,0.4838259817,-0.449625257,27.72118677,25.76162959,0.0003701679851,0.01497976458,24,5.969141854,6.300647587e-05,0.04166666667,,-25.68361175,0.07801784032,2.566441929e-07,1.462093127e-05
OUT_BALL_N_R02_H010,OUT_BALL_N_R02,OUT,N,10,9,10,284.2607523,284.7753314,-0.449625257,0.4171914737,25.76162959,23.90331069,0.0003701679851,0.01497976458,24,4.806087082,4.855535639e-05,0.04166666667,,23.82540088,-0.07790981103,2.566441929e-07,1.462093127e-05
OUT_BALL_N_R02_H011,OUT_BALL_N_R02,OUT,N,11,10,11,284.7753314,285.2893241,0.4171914737,-0.3847368225,23.90331069,22.04379615,0.0003701679851,0.01497976458,24,3.850112412,4.563922556e-05,0.04166666667,,-22.05606273,-0.01226657688,2.566441929e-07,1.462093127e-05
OUT_BALL_N_R02_H012,OUT_BALL_N_R02,OUT,N,12,11,12,285.2893241,285.8018488,-0.3847368225,0.3571451724,22.04379615,20.46291105,0.0003701679851,0.01497976458,24,3.027568273,1.705910487e-05,0.04166666667,,20.27867517,-0.1842358783,2.566441929e-07,1.462093127e-05
OUT_BALL_N_R02_H013,OUT_BALL_N_R02,OUT,N,13,12,13,285.8018488,286.3138975,0.3571451724,-0.3262977831,20.46291105,18.69548583,0.0003701679851,0.01497976458,24,2.426775195,3.17026662e-05,0.04166666667,,-18.76219935,-0.06671352054,2.566441929e-07,1.462093127e-05
OUT_BALL_N_R02_H014,OUT_BALL_N_R02,OUT,N,14,13,14,286.3138975,286.8259596,-0.3262977831,0.3033167893,18.69548583,17.37877188,0.0003701679851,0.01497976458,24,1.854625556,-5.822989823e-06,0.04166666667,,17.06091103,-0.3178608535,2.566441929e-07,1.462093127e-05
OUT_BALL_N_R02_H015,OUT_BALL_N_R02,OUT,N,15,14,15,286.8259596,287.3350697,0.3033167893,-0.2734057075,17.37877188,15.66499314,0.0003701679851,0.01497976458,24,1.491878306,2.298034619e-05,0.04166666667,,-15.7894231,-0.1244299682,2.566441929e-07,1.462093127e-05
OUT_BALL_N_R02_H016,OUT_BALL_N_R02,OUT,N,16,15,16,287.3350697,287.84695,-0.2734057075,0.2532626405,15.66499314,14.51088041,0.0003701679851,0.01497976458,24,1.094504985,-1.553068559e-05,0.04166666667,,14.12945037,-0.3814300349,2.566441929e-07,1.462093127e-05
OUT_BALL_N_R02_H017,OUT_BALL_N_R02,OUT,N,17,16,17,287.84695,288.3547204,0.2532626405,-0.225505746,14.51088041,12.9205275,0.0003701679851,0.01497976458,24,0.8709035356,1.147809228e-05,0.04166666667,,-13.00829246,-0.08776495681,2.566441929e-07,1.462093127e-05
OUT_BALL_N_R02_H018,OUT_BALL_N_R02,OUT,N,18,17,18,288.3547204,288.8613194,-0.225505746,0.2072003246,12.9205275,11.87170412,0.0003701679851,0.01497976458,24,0.6156127259,-1.865354403e-05,0.04166666667,,11.45905192,-0.4126521957,2.566441929e-07,1.462093127e-05
OUT_BALL_N_R02_H019,OUT_BALL_N_R02,OUT,N,19,18,19,288.8613194,289.3680248,0.2072003246,-0.1798780911,11.87170412,10.30625545,0.0003701679851,0.01497976458,24,0.4779148302,7.513460262e-06,0.04166666667,,-10.43462428,-0.128368832,2.566441929e-07,1.462093127e-05
OUT_BALL_N_R02_H020,OUT_BALL_N_R02,OUT,N,20,19,20,289.3680248,289.8723578,-0.1798780911,0.1649466677,10.30625545,9.450747905,0.0003701679851,0.01497976458,24,0.3130212498,-2.34149791e-05,0.04166666667,,8.901549876,-0.549198029,2.566441929e-07,1.462093127e-05
OUT_BALL_N_R02_H021,OUT_BALL_N_R02,OUT,N,21,20,21,289.8723578,290.3746737,0.1649466677,-0.1377201866,9.450747905,7.890785448,0.0003701679851,0.01497976458,24,0.2414868277,4.836925232e-06,0.04166666667,,-8.061698723,-0.1709132743,2.566441929e-07,1.462093127e-05
OUT_BALL_N_R02_H022,OUT_BALL_N_R02,OUT,N,22,21,22,290.3746737,290.8795295,-0.1377201866,0.1248504229,7.890785448,7.153402304,0.0003701679851,0.01497976458,24,0.1406739669,-2.204361068e-05,0.04166666667,,6.526579638,-0.626822666,2.566441929e-07,1.462093127e-05
OUT_BALL_N_R02_H023,OUT_BALL_N_R02,OUT,N,23,22,23,290.8795295,291.3718858,0.1248504229,-0.09898120453,7.153402304,5.671205271,0.0003701679851,0.01497976458,24,0.1048426067,4.207299797e-07,0.04166666667,,-5.799291638,-0.1280863676,2.566441929e-07,1.462093127e-05
OUT_BALL_N_R02_H024,OUT_BALL_N_R02,OUT,N,24,23,24,291.3718858,291.8683825,-0.09898120453,0.09027300705,5.671205271,5.172262308,0.0003701679851,0.01497976458,24,0.05227301179,-2.164339391e-05,0.04166666667,,4.334203526,-0.8380587817,2.566441929e-07,1.462093127e-05
OUT_BALL_P_R03_H001,OUT_BALL_P_R03,OUT,P,1,0,1,306.4990647,307.0355326,-1.012195603,0.8933972538,57.9945361,51.18789207,0.0003701679851,0.01497976458,26,50.42794031,0.001089393262,0.03846153846,1.700869553e-05,53.35298304,2.165090969,2.566441929e-07,1.462093127e-05
OUT_BALL_P_R03_H002,OUT_BALL_P_R03,OUT,P,2,1,2,307.0355326,307.5663366,0.8933972538,-0.8329674854,51.18789207,47.72552139,0.0003701679851,0.01497976458,26,35.49034745,0.0003722017126,0.03846153846,,-47.31120002,0.4143213701,2.566441929e-07,1.462093127e-05
OUT_BALL_P_R03_H003,OUT_BALL_P_R03,OUT,P,3,2,3,307.5663366,308.0937671,-0.8329674854,0.752089794,47.72552139,43.09157101,0.0003701679851,0.01497976458,26,29.0730892,0.0005693223567,0.03846153846,,44.19595572,1.104384716,2.566441929e-07,1.462093127e-05
OUT_BALL_P_R03_H004,OUT_BALL_P_R03,OUT,P,4,3,4,308.0937671,308.6175889,0.752089794,-0.701603837,43.09157101,40.19893875,0.0003701679851,0.01497976458,26,21.68136721,0.0002389316937,0.03846153846,,-39.98412998,0.2148087734,2.566441929e-07,1.462093127e-05
OUT_BALL_P_R03_H005,OUT_BALL_P_R03,OUT,P,5,4,5,308.6175889,309.1406393,-0.701603837,0.6414319011,40.19893875,36.75134078,0.0003701679851,0.01497976458,26,17.73332259,0.0003154848707,0.03846153846,,37.33100063,0.5796598518,2.566441929e-07,1.462093127e-05
OUT_BALL_P_R03_H006,OUT_BALL_P_R03,OUT,P,6,5,6,309.1406393,309.6607054,0.6414319011,-0.5996713543,36.75134078,34.3586377,0.0003701679851,0.01497976458,26,13.66223724,0.000140180162,0.03846153846,,-34.14531692,0.2133207799,2.566441929e-07,1.462093127e-05
OUT_BALL_P_R03_H007,OUT_BALL_P_R03,OUT,P,7,6,7,309.6607054,310.1792651,-0.5996713543,0.5539467911,34.3586377,31.73881321,0.0003701679851,0.01497976458,26,11.22241191,0.0001649062947,0.03846153846,,31.9196841,0.1808708945,2.566441929e-07,1.462093127e-05
OUT_BALL_P_R03_H008,OUT_BALL_P_R03,OUT,P,8,7,8,310.1792651,310.6955637,0.5539467911,-0.5159585734,31.73881321,29.56224866,0.0003701679851,0.01497976458,26,8.893310053,9.777389294e-05,0.03846153846,,-29.46907483,0.09317383171,2.566441929e-07,1.462093127e-05
OUT_BALL_P_R03_H009,OUT_BALL_P_R03,OUT,P,9,8,9,310.6955637,311.2123737,-0.5159585734,0.4791766106,29.56224866,27.45479743,0.0003701679851,0.01497976458,26,7.215784524,8.411404018e-05,0.03846153846,,27.42237411,-0.03242332129,2.566441929e-07,1.462093127e-05
OUT_BALL_P_R03_H010,OUT_BALL_P_R03,OUT,P,10,9,10,311.2123737,311.7273833,0.4791766106,-0.4453452065,27.45479743,25.51640076,0.0003701679851,0.01497976458,26,5.801321375,6.013268434e-05,0.03846153846,,-25.43145471,0.08494605085,2.566441929e-07,1.462093127e-05
OUT_BALL_P_R03_H011,OUT_BALL_P_R03,OUT,P,11,10,11,311.7273833,312.2420662,-0.4453452065,0.4134002385,25.51640076,23.68608891,0.0003701679851,0.01497976458,26,4.671939414,4.522914087e-05,0.03846153846,,23.59235193,-0.09373698619,2.566441929e-07,1.462093127e-05
OUT_BALL_P_R03_H012,OUT_BALL_P_R03,OUT,P,12,11,12,312.2420662,312.7563104,0.4134002385,-0.3812529639,23.68608891,21.84418576,0.0003701679851,0.01497976458,26,3.74728516,4.355536162e-05,0.03846153846,,-21.84879324,-0.004607481781,2.566441929e-07,1.462093127e-05
OUT_BALL_P_R03_H013,OUT_BALL_P_R03,OUT,P,13,12,13,312.7563104,313.2678549,-0.3812529639,0.3548773767,21.84418576,20.33297593,0.0003701679851,0.01497976458,26,2.946854915,1.061274509e-05,0.03846153846,,20.08747128,-0.2455046523,2.566441929e-07,1.462093127e-05
OUT_BALL_P_R03_H014,OUT_BALL_P_R03,OUT,P,14,13,14,313.2678549,313.7796542,0.3548773767,-0.325626949,20.33297593,18.65704988,0.0003701679851,0.01497976458,26,2.38122547,2.386998429e-05,0.03846153846,,-18.63736229,0.01968758531,2.566441929e-07,1.462093127e-05
OUT_BALL_P_R03_H015,OUT_BALL_P_R03,OUT,P,15,14,15,313.7796542,314.2913744,-0.325626949,0.3022749035,18.65704988,17.31907622,0.0003701679851,0.01497976458,26,1.843291167,-4.153916325e-06,0.03846153846,,17.02387013,-0.2952060939,2.566441929e-07,1.462093127e-05
OUT_BALL_P_R03_H016,OUT_BALL_P_R03,OUT,P,16,15,16,314.2913744,314.8009313,0.3022749035,-0.2739275133,17.31907622,15.6948904,0.0003701679851,0.01497976458,26,1.476650768,1.657523729e-05,0.03846153846,,-15.73176824,-0.03687783902,2.566441929e-07,1.462093127e-05
OUT_BALL_P_R03_H017,OUT_BALL_P_R03,OUT,P,17,16,17,314.8009313,315.3113186,-0.2739275133,0.2543751596,15.6948904,14.57462306,0.0003701679851,0.01497976458,26,1.100752168,-1.778346091e-05,0.03846153846,,14.15845887,-0.4161641845,2.566441929e-07,1.462093127e-05
OUT_BALL_P_R03_H018,OUT_BALL_P_R03,OUT,P,18,17,18,315.3113186,315.8191341,0.2543751596,-0.2259187173,14.57462306,12.94418901,0.0003701679851,0.01497976458,26,0.8823810793,1.389370969e-05,0.03846153846,,-13.0702835,-0.1260944896,2.566441929e-07,1.462093127e-05
OUT_BALL_P_R03_H019,OUT_BALL_P_R03,OUT,P,19,18,19,315.8191341,316.3278198,-0.2259187173,0.2086013937,12.94418901,11.95197946,0.0003701679851,0.01497976458,26,0.6189895035,-2.174359404e-05,0.03846153846,,11.48225602,-0.4697234424,2.566441929e-07,1.462093127e-05
OUT_BALL_P_R03_H020,OUT_BALL_P_R03,OUT,P,20,19,20,316.3278198,316.8339374,0.2086013937,-0.1812204959,11.95197946,10.38316958,0.0003701679851,0.01497976458,26,0.487646934,7.751365154e-06,0.03846153846,,-10.51310518,-0.1299356034,2.566441929e-07,1.462093127e-05
OUT_BALL_P_R03_H021,OUT_BALL_P_R03,OUT,P,21,20,21,316.8339374,317.3377884,-0.1812204959,0.1666060721,10.38316958,9.545824771,0.0003701679851,0.01497976458,26,0.3200662509,-2.436827596e-05,0.03846153846,,8.976871682,-0.5689530889,2.566441929e-07,1.462093127e-05
OUT_BALL_P_R03_H022,OUT_BALL_P_R03,OUT,P,22,21,22,317.3377884,317.8388104,0.1666060721,-0.1398537221,9.545824771,8.013028026,0.0003701679851,0.01497976458,26,0.2488349456,3.946333904e-06,0.03846153846,,-8.15510717,-0.1420791437,2.566441929e-07,1.462093127e-05
OUT_BALL_P_R03_H023,OUT_BALL_P_R03,OUT,P,23,22,23,317.8388104,318.3411549,-0.1398537221,0.1278617746,8.013028026,7.325940043,0.0003701679851,0.01497976458,26,0.1473049296,-2.404051611e-05,0.03846153846,,6.647048331,-0.6788917121,2.566441929e-07,1.462093127e-05
OUT_BALL_P_R03_H024,OUT_BALL_P_R03,OUT,P,24,23,24,318.3411549,318.8393378,0.1278617746,-0.1018960353,7.325940043,5.83821277,0.0003701679851,0.01497976458,26,0.1126047924,6.922536951e-07,0.03846153846,,-5.969558273,-0.1313455033,2.566441929e-07,1.462093127e-05
OUT_BALL_P_R03_H025,OUT_BALL_P_R03,OUT,P,25,24,25,318.8393378,319.3324655,-0.1018960353,0.09445325544,5.83821277,5.411772898,0.0003701679851,0.01497976458,26,0.0570250588,-2.404188815e-05,0.03846153846,,4.499492264,-0.9122806341,2.566441929e-07,1.462093127e-05
OUT_BALL_P_R03_H026,OUT_BALL_P_R03,OUT,P,26,25,26,319.3324655,319.8231274,0.09445325544,-0.07072608379,5.411772898,4.052306103,0.0003701679851,0.01497976458,26,0.0454263833,-3.093090563e-06,0.03846153846,,-4.077210555,-0.02490445225,2.566441929e-07,1.462093127e-05
OUT_BALL_N_R03_H001,OUT_BALL_N_R03,OUT,N,1,0,1,339.0315745,339.5653464,0.9195511366,-0.8590160268,52.68639917,49.21799287,0.0003701679851,0.01497976458,26,38.51187283,0.0003787991622,0.03846153846,1.311183145e-05,-48.65078557,0.5672073023,2.566441929e-07,1.462093127e-05
OUT_BALL_N_R03_H002,OUT_BALL_N_R03,OUT,N,2,1,2,339.5653464,340.0941581,-0.8590160268,0.7747410371,49.21799287,44.38939164,0.0003701679851,0.01497976458,26,31.74360862,0.0006172168616,0.03846153846,,45.54217159,1.152779951,2.566441929e-07,1.462093127e-05
OUT_BALL_N_R03_H003,OUT_BALL_N_R03,OUT,N,3,2,3,340.0941581,340.6197443,0.7747410371,-0.7253503551,44.38939164,41.55951402,0.0003701679851,0.01497976458,26,23.61672037,0.0002324566522,0.03846153846,,-41.16857672,0.3909372929,2.566441929e-07,1.462093127e-05
OUT_BALL_N_R03_H004,OUT_BALL_N_R03,OUT,N,4,3,4,340.6197443,341.1431541,-0.7253503551,0.6615471018,41.55951402,37.90385688,0.0003701679851,0.01497976458,26,19.52828975,0.0003569682665,0.03846153846,,38.58119334,0.6773364569,2.566441929e-07,1.462093127e-05
OUT_BALL_N_R03_H005,OUT_BALL_N_R03,OUT,N,5,4,5,341.1431541,341.6634759,0.6615471018,-0.6224142479,37.90385688,35.66170952,0.0003701679851,0.01497976458,26,14.94858635,0.0001202057248,0.03846153846,,-35.21312882,0.4485806993,2.566441929e-07,1.462093127e-05
OUT_BALL_N_R03_H006,OUT_BALL_N_R03,OUT,N,6,5,6,341.6634759,342.1838514,-0.6224142479,0.5718717068,35.66170952,32.76583522,0.0003701679851,0.01497976458,26,12.51309394,0.0002089376591,0.03846153846,,33.13327822,0.3674429996,2.566441929e-07,1.462093127e-05
OUT_BALL_N_R03_H007,OUT_BALL_N_R03,OUT,N,7,6,7,342.1838514,342.7010418,0.5718717068,-0.536930222,32.76583522,30.76383562,0.0003701679851,0.01497976458,26,9.764964012,7.684391097e-05,0.03846153846,,-30.43147606,0.3323595548,2.566441929e-07,1.462093127e-05
OUT_BALL_N_R03_H008,OUT_BALL_N_R03,OUT,N,8,7,8,342.7010418,343.2176707,-0.536930222,0.4973939553,30.76383562,28.49857439,0.0003701679851,0.01497976458,26,8.113830972,0.0001065201213,0.03846153846,,28.55347443,0.05490004027,2.566441929e-07,1.462093127e-05
OUT_BALL_N_R03_H009,OUT_BALL_N_R03,OUT,N,9,8,9,343.2176707,343.7337121,0.4973939553,-0.463341357,28.49857439,26.54750423,0.0003701679851,0.01497976458,26,6.47684712,6.341611047e-05,0.03846153846,,-26.41868043,0.1288237943,2.566441929e-07,1.462093127e-05
OUT_BALL_N_R03_H010,OUT_BALL_N_R03,OUT,N,10,9,10,343.7337121,344.2492002,-0.463341357,0.4311792821,26.54750423,24.70475308,0.0003701679851,0.01497976458,26,5.252857625,4.806300798e-05,0.03846153846,,24.57156589,-0.1331871834,2.566441929e-07,1.462093127e-05
OUT_BALL_N_R03_H011,OUT_BALL_N_R03,OUT,N,11,10,11,344.2492002,344.7622062,0.4311792821,-0.3995239855,24.70475308,22.89103819,0.0003701679851,0.01497976458,26,4.245440422,4.232792695e-05,0.03846153846,,-22.81997889,0.07105929747,2.566441929e-07,1.462093127e-05
OUT_BALL_N_R03_H012,OUT_BALL_N_R03,OUT,N,12,11,12,344.7622062,345.276758,-0.3995239855,0.3708051216,22.89103819,21.24556849,0.0003701679851,0.01497976458,26,3.386299578,2.370121834e-05,0.03846153846,,21.08932687,-0.1562416202,2.566441929e-07,1.462093127e-05
OUT_BALL_N_R03_H013,OUT_BALL_N_R03,OUT,N,13,12,13,345.276758,345.7884159,0.3708051216,-0.3425433482,21.24556849,19.62628815,0.0003701679851,0.01497976458,26,2.713306592,1.991310766e-05,0.03846153846,,-19.51362418,0.1126639687,2.566441929e-07,1.462093127e-05
OUT_BALL_N_R03_H014,OUT_BALL_N_R03,OUT,N,14,13,14,345.7884159,346.3008847,-0.3425433482,0.3174386165,19.62628815,18.18789298,0.0003701679851,0.01497976458,26,2.143320304,3.795225482e-06,0.03846153846,,17.95765383,-0.2302391516,2.566441929e-07,1.462093127e-05
OUT_BALL_N_R03_H015,OUT_BALL_N_R03,OUT,N,15,14,15,346.3008847,346.8109885,0.3174386165,-0.2911505405,18.18789298,16.68169717,0.0003701679851,0.01497976458,26,1.708604543,8.648562594e-06,0.03846153846,,-16.57119364,0.1105035313,2.566441929e-07,1.462093127e-05
OUT_BALL_N_R03_H016,OUT_BALL_N_R03,OUT,N,16,15,16,346.8109885,347.3214572,-0.2911505405,0.2710069498,16.68169717,15.52755444,0.0003701679851,0.01497976458,26,1.320418946,-1.651690079e-05,0.03846153846,,15.11494988,-0.4126045642,2.566441929e-07,1.462093127e-05
OUT_BALL_N_R03_H017,OUT_BALL_N_R03,OUT,N,17,16,17,347.3214572,347.8297608,0.2710069498,-0.2448014335,15.52755444,14.02608896,0.0003701679851,0.01497976458,26,1.066088196,6.8774029e-06,0.03846153846,,-13.99607339,0.03001556784,2.566441929e-07,1.462093127e-05
OUT_BALL_N_R03_H018,OUT_BALL_N_R03,OUT,N,18,17,18,347.8297608,348.3386414,-0.2448014335,0.2275028272,14.02608896,13.03495182,0.0003701679851,0.01497976458,26,0.7868317551,-2.355469698e-05,0.03846153846,,12.53656124,-0.4983905863,2.566441929e-07,1.462093127e-05
OUT_BALL_N_R03_H019,OUT_BALL_N_R03,OUT,N,19,18,19,348.3386414,348.8453325,0.2275028272,-0.200553849,13.03495182,11.49088911,0.0003701679851,0.01497976458,26,0.6320563487,7.533581268e-06,0.03846153846,,-11.57065869,-0.07976957942,2.566441929e-07,1.462093127e-05
OUT_BALL_N_R03_H020,OUT_BALL_N_R03,OUT,N,20,19,20,348.8453325,349.3514085,-0.200553849,0.1866748913,11.49088911,10.69568341,0.0003701679851,0.01497976458,26,0.4335009527,-2.890912535e-05,0.03846153846,,10.06232497,-0.6333584446,2.566441929e-07,1.462093127e-05
OUT_BALL_N_R03_H021,OUT_BALL_N_R03,OUT,N,21,20,21,349.3514085,349.8557196,0.1866748913,-0.1606468992,10.69568341,9.204389315,0.0003701679851,0.01497976458,26,0.3497747285,3.239228615e-06,0.03846153846,,-9.283342059,-0.07895274426,2.566441929e-07,1.462093127e-05
OUT_BALL_N_R03_H022,OUT_BALL_N_R03,OUT,N,22,21,22,349.8557196,350.3583192,-0.1606468992,0.1478007743,9.204389315,8.468360579,0.0003701679851,0.01497976458,26,0.2231211273,-2.560701303e-05,0.03846153846,,7.819583296,-0.6487772832,2.566441929e-07,1.462093127e-05
OUT_BALL_N_R03_H023,OUT_BALL_N_R03,OUT,N,23,22,23,350.3583192,350.8579528,0.1478007743,-0.1229867791,8.468360579,7.046623377,0.0003701679851,0.01497976458,26,0.1738305012,-5.753860445e-07,0.03846153846,,-7.095513491,-0.0488901133,2.566441929e-07,1.462093127e-05
OUT_BALL_N_R03_H024,OUT_BALL_N_R03,OUT,N,24,23,24,350.8579528,351.3565086,-0.1229867791,0.112402126,7.046623377,6.440167427,0.0003701679851,0.01497976458,26,0.10022201,-2.359813824e-05,0.03846153846,,5.693888868,-0.7462785591,2.566441929e-07,1.462093127e-05
OUT_BALL_N_R03_H025,OUT_BALL_N_R03,OUT,N,25,24,25,351.3565086,351.8529361,0.112402126,-0.08857279649,6.440167427,5.074847419,0.0003701679851,0.01497976458,26,0.07652787418,-2.770393968e-06,0.03846153846,,-5.094867436,-0.02002001723,2.566441929e-07,1.462093127e-05
OUT_BALL_N_R03_H026,OUT_BALL_N_R03,OUT,N,26,25,26,351.8529361,352.3426774,-0.08857279649,0.08197312213,5.074847419,4.696713932,0.0003701679851,0.01497976458,26,0.03746322769,-2.197436306e-05,0.03846153846,,3.743374563,-0.9533393687,2.566441929e-07,1.462093127e-05
OUT_BALL_P_R04_H001,OUT_BALL_P_R04,OUT,P,1,0,1,372.8121483,373.3492302,-1.021880117,0.910173475,58.54941787,52.14909874,0.0003701679851,0.01497976458,27,51.78401412,0.001011984508,0.03703703704,1.63642564e-05,53.84069846,1.691599713,2.566441929e-07,1.462093127e-05
OUT_BALL_P_R04_H002,OUT_BALL_P_R04,OUT,P,2,1,2,373.3492302,373.8803039,0.910173475,-0.8422471785,52.14909874,48.25720863,0.0003701679851,0.01497976458,27,37.41133481,0.000459794583,0.03703703704,,-48.17106527,0.08614336575,2.566441929e-07,1.462093127e-05
OUT_BALL_P_R04_H003,OUT_BALL_P_R04,OUT,P,3,2,3,373.8803039,374.4084902,-0.8422471785,0.7625356801,48.25720863,43.6900762,0.0003701679851,0.01497976458,27,30.00797059,0.0005616928092,0.03703703704,,44.67600649,0.9859302898,2.566441929e-07,1.462093127e-05
OUT_BALL_P_R04_H004,OUT_BALL_P_R04,OUT,P,4,3,4,374.4084902,374.932569,0.7625356801,-0.7084803968,43.6900762,40.59293661,0.0003701679851,0.01497976458,27,22.56105529,0.0002758604707,0.03703703704,,-40.5307978,0.06213880592,2.566441929e-07,1.462093127e-05
OUT_BALL_P_R04_H005,OUT_BALL_P_R04,OUT,P,5,4,5,374.932569,375.4551488,-0.7084803968,0.6499148598,40.59293661,37.23737851,0.0003701679851,0.01497976458,27,18.24191934,0.0003032879464,0.03703703704,,37.69344891,0.4560704069,2.566441929e-07,1.462093127e-05
OUT_BALL_P_R04_H006,OUT_BALL_P_R04,OUT,P,6,5,6,375.4551488,375.9751424,0.6499148598,-0.6081118018,37.23737851,34.84223971,0.0003701679851,0.01497976458,27,14.19574003,0.0001418008035,0.03703703704,,-34.59599325,0.2462464676,2.566441929e-07,1.462093127e-05
OUT_BALL_P_R04_H007,OUT_BALL_P_R04,OUT,P,7,6,7,375.9751424,376.4950819,-0.6081118018,0.5609531913,34.84223971,32.14025037,0.0003701679851,0.01497976458,27,11.69093299,0.0001781638122,0.03703703704,,32.37050374,0.2302533764,2.566441929e-07,1.462093127e-05
OUT_BALL_P_R04_H008,OUT_BALL_P_R04,OUT,P,8,7,8,376.4950819,377.0114064,0.5609531913,-0.5226603792,32.14025037,29.94623385,0.0003701679851,0.01497976458,27,9.227771872,0.0001009854445,0.03703703704,,-29.84481234,0.1014215121,2.566441929e-07,1.462093127e-05
OUT_BALL_P_R04_H009,OUT_BALL_P_R04,OUT,P,9,8,9,377.0114064,377.5282264,-0.5226603792,0.4844681141,29.94623385,27.75797825,0.0003701679851,0.01497976458,27,7.495371106,9.483433844e-05,0.03703703704,,27.78415876,0.02618051628,2.566441929e-07,1.462093127e-05
OUT_BALL_P_R04_H010,OUT_BALL_P_R04,OUT,P,10,9,10,377.5282264,378.0434043,0.4844681141,-0.4510739536,27.75797825,25.84463379,0.0003701679851,0.01497976458,27,5.992564958,5.781130137e-05,0.03703703704,,-25.71842628,0.1262075121,2.566441929e-07,1.462093127e-05
OUT_BALL_P_R04_H011,OUT_BALL_P_R04,OUT,P,11,10,11,378.0434043,378.5583522,-0.4510739536,0.4184949856,25.84463379,23.97799642,0.0003701679851,0.01497976458,27,4.85205583,4.956908038e-05,0.03703703704,,23.90422071,-0.0737757103,2.566441929e-07,1.462093127e-05
OUT_BALL_P_R04_H012,OUT_BALL_P_R04,OUT,P,12,11,12,378.5583522,379.0712256,0.4184949856,-0.3868077839,23.97799642,22.1624535,0.0003701679851,0.01497976458,27,3.885888787,4.143346901e-05,0.03703703704,,-22.12736138,0.03509211758,2.566441929e-07,1.462093127e-05
OUT_BALL_P_R04_H013,OUT_BALL_P_R04,OUT,P,13,12,13,379.0712256,379.5852922,-0.3868077839,0.3592720989,22.1624535,20.58477496,0.0003701679851,0.01497976458,27,3.076228621,1.683884144e-05,0.03703703704,,20.39229765,-0.1924773117,2.566441929e-07,1.462093127e-05
OUT_BALL_P_R04_H014,OUT_BALL_P_R04,OUT,P,14,13,14,379.5852922,380.0965169,0.3592720989,-0.3311871366,20.58477496,18.97562516,0.0003701679851,0.01497976458,27,2.470013052,1.848607756e-05,0.03703703704,,-18.87931667,0.09630848756,2.566441929e-07,1.462093127e-05
OUT_BALL_P_R04_H015,OUT_BALL_P_R04,OUT,P,15,14,15,380.0965169,380.6088171,-0.3311871366,0.3073738679,18.97562516,17.61122536,0.0003701679851,0.01497976458,27,1.938626775,-2.145701784e-06,0.03703703704,,17.33107129,-0.2801540749,2.566441929e-07,1.462093127e-05
OUT_BALL_P_R04_H016,OUT_BALL_P_R04,OUT,P,16,15,16,380.6088171,381.1190527,0.3073738679,-0.2798232798,17.61122536,16.03269294,0.0003701679851,0.01497976458,27,1.552161779,1.358903387e-05,0.03703703704,,-16.01416535,0.01852759682,2.566441929e-07,1.462093127e-05
OUT_BALL_P_R04_H017,OUT_BALL_P_R04,OUT,P,17,16,17,381.1190527,381.6284223,-0.2798232798,0.2594799702,16.03269294,14.86710716,0.0003701679851,0.01497976458,27,1.172983797,-1.51144326e-05,0.03703703704,,14.48609995,-0.381007212,2.566441929e-07,1.462093127e-05
OUT_BALL_P_R04_H018,OUT_BALL_P_R04,OUT,P,18,17,18,381.6284223,382.1367084,0.2594799702,-0.2338413093,14.86710716,13.3981201,0.0003701679851,0.01497976458,27,0.9363311493,4.518053014e-06,0.03703703704,,-13.35463851,0.0434815915,2.566441929e-07,1.462093127e-05
OUT_BALL_P_R04_H019,OUT_BALL_P_R04,OUT,P,19,18,19,382.1367084,382.6451098,-0.2338413093,0.2162271499,13.3981201,12.38890311,0.0003701679851,0.01497976458,27,0.686170298,-2.151895589e-05,0.03703703704,,11.92482131,-0.4640818,2.566441929e-07,1.462093127e-05
OUT_BALL_P_R04_H020,OUT_BALL_P_R04,OUT,P,20,19,20,382.6451098,383.1547068,0.2162271499,-0.1916353829,12.38890311,10.97989865,0.0003701679851,0.01497976458,27,0.5429297944,2.86789795e-07,0.03703703704,,-10.94075451,0.03914413287,2.566441929e-07,1.462093127e-05
OUT_BALL_P_R04_H021,OUT_BALL_P_R04,OUT,P,21,20,21,383.1547068,383.6587133,-0.1916353829,0.1763678242,10.97989865,10.10513197,0.0003701679851,0.01497976458,27,0.378334739,-2.399275161e-05,0.03703703704,,9.561930705,-0.5432012641,2.566441929e-07,1.462093127e-05
OUT_BALL_P_R04_H022,OUT_BALL_P_R04,OUT,P,22,21,22,383.6587133,384.1652102,0.1763678242,-0.1519587036,10.10513197,8.706592378,0.0003701679851,0.01497976458,27,0.2950879267,-8.239979582e-07,0.03703703704,,-8.704236778,0.002355600296,2.566441929e-07,1.462093127e-05
OUT_BALL_P_R04_H023,OUT_BALL_P_R04,OUT,P,23,22,23,384.1652102,384.6695482,-0.1519587036,0.1394243726,8.706592378,7.988428114,0.0003701679851,0.01497976458,27,0.1888941158,-2.491925163e-05,0.03703703704,,7.329990286,-0.6584378274,2.566441929e-07,1.462093127e-05
OUT_BALL_P_R04_H024,OUT_BALL_P_R04,OUT,P,24,23,24,384.6695482,385.1723887,0.1394243726,-0.1156395514,7.988428114,6.625658241,0.0003701679851,0.01497976458,27,0.1459541676,-2.552385114e-06,0.03703703704,,-6.622807863,0.002850377272,2.566441929e-07,1.462093127e-05
OUT_BALL_P_R04_H025,OUT_BALL_P_R04,OUT,P,25,24,25,385.1723887,385.6726482,-0.1156395514,0.1051196297,6.625658241,6.022911127,0.0003701679851,0.01497976458,27,0.08332651011,-2.233243225e-05,0.03703703704,,5.278086577,-0.7448245499,2.566441929e-07,1.462093127e-05
OUT_BALL_P_R04_H026,OUT_BALL_P_R04,OUT,P,26,25,26,385.6726482,386.1679676,0.1051196297,-0.08324707499,6.022911127,4.769706054,0.0003701679851,0.01497976458,27,0.06260605809,-5.264611216e-06,0.03703703704,,-4.682158752,0.08754730147,2.566441929e-07,1.462093127e-05
OUT_BALL_P_R04_H027,OUT_BALL_P_R04,OUT,P,27,26,27,386.1679676,386.6678777,-0.08324707499,0.07444828983,4.769706054,4.265572799,0.0003701679851,0.01497976458,27,0.03110647641,-1.818412236e-05,0.03703703704,,3.440866966,-0.8247058332,2.566441929e-07,1.462093127e-05
