segment_id,axis,c_sphere,intervals,rmse_deg
IN_BALL_P_R01,IN,1.553473268e-05,37,0.5405682208
IN_BALL_N_R01,IN,1.321377299e-05,38,0.442903785
IN_BALL_P_R02,IN,1.461390799e-05,37,0.4934386673
IN_BALL_N_R02,IN,1.278078455e-05,38,0.476401722
IN_BALL_P_R03,IN,1.425204321e-05,39,0.4169425789
IN_BALL_N_R03,IN,1.276215136e-05,38,0.435030709
OUT_BALL_N_R01,OUT,1.394475289e-05,24,0.4857460311
OUT_BALL_P_R02,OUT,1.706330622e-05,25,0.5639234431
OUT_BALL_N_R02,OUT,1.410183463e-05,24,0.4775206778
OUT_BALL_P_R03,OUT,1.700869553e-05,26,0.5816346284
OUT_BALL_N_R03,OUT,1.311183145e-05,26,0.463117975
OUT_BALL_P_R04,OUT,1.63642564e-05,27,0.496669718
