axis,method,rmse,bias,mae,p95_absolute_error,maximum_absolute_error
IN,静的換算,0.4716296459666385,-0.049971886200491464,0.31473939042452986,0.8094391744987288,3.040699744848928
IN,因果LPF,0.27989021818377025,0.015301004609641797,0.22373601832403614,0.5447139442329905,1.1964034709651568
IN,ESO 3状態,0.10298004053430332,-0.0003747816533746076,0.0821541494113077,0.20439449676088683,0.44806187965328004
IN,ESO 4状態,0.15567601670822723,-0.005235206808874686,0.12366305562738551,0.30512403460847826,0.6720474945592363
IN,RTS 3状態（オフライン）,0.00574483190836151,-1.0013577786593362e-05,0.004368190424328317,0.011414777749313654,0.03197478440889556
IN,RTS 4状態（オフライン）,0.03377375541429347,0.00011609116087448716,0.026925918032309547,0.0660511767359977,0.13034836735044952
OUT,静的換算,0.21804119101377017,-0.007049720870604172,0.17421933261333844,0.4223036453797153,0.8590150453901237
OUT,因果LPF,0.2879771734925552,0.012215490067170633,0.2297785227974593,0.5606399673879061,1.3435433249951156
OUT,ESO 3状態,0.12830583652021227,-0.0026051703527887305,0.10165301709256783,0.25358107288840825,0.5849236466437864
OUT,ESO 4状態,49.54970874554599,-0.49697985319515053,47.46132663049806,62.04625772586764,64.26456738119239
OUT,RTS 3状態（オフライン）,0.007969482718199458,-1.3460215897167397e-05,0.005714383929614544,0.016709622017446968,0.04530590578078675
OUT,RTS 4状態（オフライン）,0.033715763099443054,0.0001043310343778438,0.026881484509905157,0.065503291867401,0.13446979380263202
