systime[ms],temperature[degC],temperature_bmp280[degC],humidity[%%],pressure[hPa],
40,-50.0,24.1299991607666,0.0,1006.280029296875,
540,23.406982421875,24.149999618530273,25.259780883789062,1006.27001953125,
1040,23.43006134033203,24.15999984741211,25.265216827392578,1006.2100219726562,
1540,23.42052459716797,24.170000076293945,25.244522094726562,1006.2100219726562,
2040,23.415565490722656,24.18000030517578,25.275135040283203,1006.2100219726562,
2540,23.43425750732422,24.18000030517578,25.223255157470703,1006.2000122070312,
3040,23.430252075195312,24.18000030517578,25.2197265625,1006.1900024414062,
3540,23.455047607421875,24.190000534057617,25.21343231201172,1006.2000122070312,
4040,23.44188690185547,24.200000762939453,25.220489501953125,1006.1900024414062,
4540,23.46630096435547,24.200000762939453,25.174427032470703,1006.2000122070312,
5040,23.463058471679688,24.190000534057617,25.19054412841797,1006.1799926757812,
5540,23.462486267089844,24.200000762939453,25.203514099121094,1006.1500244140625,
6040,23.45409393310547,24.200000762939453,25.21066665649414,1006.1500244140625,
6540,23.471641540527344,24.200000762939453,25.19979476928711,1006.1400146484375,
7040,23.45409393310547,24.200000762939453,25.17108917236328,1006.1500244140625,
7540,23.461341857910156,24.219999313354492,25.196266174316406,1006.1699829101562,
8040,23.47240447998047,24.209999084472656,25.18482208251953,1006.1599731445312,
8540,23.46973419189453,24.209999084472656,25.226879119873047,1006.0999755859375,
9040,23.48155975341797,24.219999313354492,25.205516815185547,1006.1300048828125,
9540,23.482894897460938,24.219999313354492,25.18768310546875,1006.0999755859375,
10040,23.47240447998047,24.229999542236328,25.188350677490234,1006.0999755859375,
10540,23.485374450683594,24.219999313354492,25.20580291748047,1006.1199951171875,
11040,23.485183715820312,24.229999542236328,25.168228149414062,1006.1199951171875,
11540,23.485565185546875,24.229999542236328,25.146961212158203,1006.0999755859375,
12040,23.47583770751953,24.229999542236328,25.12950897216797,1006.0999755859375,
12540,23.485946655273438,24.229999542236328,25.17709732055664,1006.0900268554688,
13041,23.494911193847656,24.239999771118164,25.156021118164062,1006.1099853515625,
13541,23.47736358642578,24.25,25.119781494140625,1006.1300048828125,
14041,23.499679565429688,24.25,25.12369155883789,1006.1300048828125,
14541,23.50177764892578,24.260000228881836,25.162220001220703,1006.1300048828125,
15041,23.508262634277344,24.25,25.17528533935547,1006.1099853515625,
15541,23.503684997558594,24.25,25.139522552490234,1006.1099853515625,
16041,23.514747619628906,24.25,25.148582458496094,1006.1099853515625,
16541,23.50902557373047,24.260000228881836,25.114059448242188,1006.1199951171875,
17041,23.50940704345703,24.280000686645508,25.109100341796875,1006.1500244140625,
17541,23.52619171142578,24.270000457763672,25.067901611328125,1006.1300048828125,
18041,23.52313995361328,24.280000686645508,25.0457763671875,1006.1300048828125,
18541,23.5260009765625,24.270000457763672,25.104236602783203,1006.0999755859375,
19041,23.534202575683594,24.290000915527344,25.082111358642578,1006.1500244140625,
19541,23.535919189453125,24.290000915527344,25.10232925415039,1006.1199951171875,
20041,23.540306091308594,24.280000686645508,25.14963150024414,1006.0999755859375,
20541,23.55365753173828,24.299999237060547,25.11453628540039,1006.1500244140625,
21041,23.550987243652344,24.299999237060547,25.12683868408203,1006.1400146484375,
21541,23.545074462890625,24.309999465942383,25.127792358398438,1006.1199951171875,
22041,23.558616638183594,24.309999465942383,25.142860412597656,1006.1199951171875,
22541,23.572921752929688,24.309999465942383,25.139904022216797,1006.0999755859375,
23041,23.58722686767578,24.309999465942383,25.218772888183594,1006.0900268554688,
23541,23.57501983642578,24.329999923706055,25.186443328857422,1006.1099853515625,
24041,23.591232299804688,24.329999923706055,25.20732879638672,1006.0999755859375,
24541,23.57940673828125,24.329999923706055,25.177478790283203,1006.1099853515625,
25041,23.609542846679688,24.34000015258789,25.169086456298828,1006.0999755859375,
25541,23.58417510986328,24.34000015258789,25.148487091064453,1006.0800170898438,
26041,23.5931396484375,24.34000015258789,25.183486938476562,1006.1799926757812,
26541,23.593711853027344,24.350000381469727,25.177574157714844,1006.1500244140625,
27041,23.600006103515625,24.350000381469727,25.17843246459961,1006.1599731445312,
27541,23.631858825683594,24.350000381469727,25.179100036621094,1006.1300048828125,
28041,23.624610900878906,24.350000381469727,25.169754028320312,1006.1500244140625,
28541,23.620986938476562,24.360000610351562,25.188541412353516,1006.1400146484375,
29041,23.610877990722656,24.360000610351562,25.16632080078125,1006.1400146484375,
29541,23.62194061279297,24.3700008392334,25.210189819335938,1006.1199951171875,
30041,23.617935180664062,24.3700008392334,25.188446044921875,1006.1599731445312,
30541,23.63262176513672,24.3799991607666,25.168704986572266,1006.1699829101562,
31041,23.627853393554688,24.3799991607666,25.191307067871094,1006.1900024414062,
31541,23.651885986328125,24.389999389648438,25.19998550415039,1006.1699829101562,
32041,23.63719940185547,24.389999389648438,25.163745880126953,1006.1900024414062,
32541,23.653411865234375,24.389999389648438,25.162601470947266,1006.1799926757812,
