systime[ms],average_east[m/s],average_north[m/s],gust_east[m/s],gust_north[m/s],
190,0.0,0.0,6.387209892272949,5.269044876098633,
690,0.0,0.0,6.2445268630981445,5.269044876098633,
1190,0.0,0.0,6.22224235534668,5.276503562927246,
1690,0.0,0.0,5.920271873474121,4.984580039978027,
2190,0.0,0.0,5.920271873474121,4.984580039978027,
2690,0.0,0.0,6.098544120788574,4.717254638671875,
3190,6.391358852386475,4.678332805633545,5.807598114013672,4.951846599578857,
3690,6.391358852386475,4.678332805633545,6.446059226989746,4.550475597381592,
4190,6.391358852386475,4.678332805633545,6.104400157928467,4.749591827392578,
4690,6.391358852386475,4.678332805633545,6.011972427368164,4.808648586273193,
5190,6.391358852386475,4.678332805633545,6.16748571395874,4.742877960205078,
5690,6.391358852386475,4.678332805633545,6.030796527862549,4.7599639892578125,
6190,6.397160530090332,4.481604099273682,6.57358980178833,4.704565048217773,
6690,6.397160530090332,4.481604099273682,6.076048851013184,4.729855537414551,
7190,6.397160530090332,4.481604099273682,6.076048851013184,4.729855537414551,
7690,6.397160530090332,4.481604099273682,6.172779083251953,4.654962062835693,
8190,6.397160530090332,4.481604099273682,5.935470104217529,4.778159141540527,
8690,6.397160530090332,4.481604099273682,6.466760635375977,4.399046421051025,
9190,6.467489719390869,4.416757583618164,6.09238862991333,4.67816162109375,
9690,6.467489719390869,4.416757583618164,6.09238862991333,4.729104042053223,
10190,6.467489719390869,4.416757583618164,6.235137462615967,4.669467449188232,
10690,6.467489719390869,4.416757583618164,6.013301849365234,4.769115924835205,
11190,6.467489719390869,4.416757583618164,6.569700717926025,4.362541198730469,
11690,6.467489719390869,4.416757583618164,6.160642147064209,4.8649749755859375,
12190,6.515502452850342,4.423276424407959,6.160642147064209,4.8649749755859375,
12690,6.515502452850342,4.423276424407959,6.241400718688965,4.78870153427124,
13190,6.515502452850342,4.423276424407959,6.231861114501953,4.78870153427124,
13690,6.515502452850342,4.423276424407959,6.462395191192627,4.811921119689941,
14190,6.515502452850342,4.423276424407959,6.219786167144775,4.95805549621582,
14690,6.515502452850342,4.423276424407959,6.123471736907959,5.102252006530762,
15190,6.5681471824646,4.5044779777526855,6.150608539581299,4.626653671264648,
15690,6.5681471824646,4.5044779777526855,6.1223907470703125,4.7572503089904785,
16190,6.5681471824646,4.5044779777526855,6.473358631134033,4.553565979003906,
16690,6.5681471824646,4.5044779777526855,5.937320709228516,4.816967487335205,
17190,6.5681471824646,4.5044779777526855,5.937320709228516,4.907388210296631,
17690,6.5681471824646,4.5044779777526855,6.184898376464844,4.711801052093506,
18190,6.492921352386475,4.459013938903809,6.184898376464844,4.722296714782715,
18690,6.492921352386475,4.459013938903809,6.61958122253418,4.4362874031066895,
19190,6.492921352386475,4.459013938903809,6.176232814788818,4.767468452453613,
19690,6.492921352386475,4.459013938903809,6.176232814788818,4.767468452453613,
20190,6.492921352386475,4.459013938903809,6.140246868133545,4.555541038513184,
20690,6.492921352386475,4.459013938903809,6.109879016876221,4.832866191864014,
21190,6.538419723510742,4.401258945465088,6.717310428619385,4.258611679077148,
21690,6.538419723510742,4.401258945465088,6.051351070404053,4.6769185066223145,
